dna_id,tipo_causa_stop,classe_dna,sequencia,stops_associados,dias_com_stop,motores_com_stop,lados_com_stop,hora_mais_frequente,concentracao_hora_pct
DNA_BDDAB55D5E78,PADRAO_DE_STOP_CONFIRMADO,DNA_STOP,AJUSTE_ESTRUTURA_ESTAVEL > AJUSTE_ESTRUTURA_VENDA_ESTAVEL,44,4,1,1,12,15.909090909090908
DNA_59B7A0672312,PADRAO_DE_STOP_CONFIRMADO,DNA_STOP,AJUSTE_ESTRUTURA_ESTAVEL > AJUSTE_ESTRUTURA_VENDA_ESTAVEL > CONFIRMACOES_CANDIDATA_ACELEROU_NEG,31,4,2,2,11,19.35483870967742
DNA_383D9DF34358,PADRAO_DE_STOP_CONFIRMADO,DNA_STOP,AJUSTE_ESTRUTURA_COMPRA_ESTAVEL > AJUSTE_ESTRUTURA_ESTAVEL > AJUSTE_ESTRUTURA_VENDA_ESTAVEL > CONFIRMACOES_CANDIDATA_ESTAVEL,31,4,1,2,12,22.58064516129032
DNA_D543EFFA0C30,PADRAO_DE_STOP_CONFIRMADO,DNA_STOP,AJUSTE_ESTRUTURA_COMPRA_ACELEROU_NEG > AJUSTE_ESTRUTURA_COMPRA_CAIU > AJUSTE_ESTRUTURA_ESTAVEL > AJUSTE_ESTRUTURA_VENDA_ACELEROU_POS > AJUSTE_ESTRUTURA_VENDA_SUBIU,30,4,2,2,13,16.666666666666664
DNA_AFF3F0195078,PADRAO_DE_STOP_CONFIRMADO,DNA_STOP,AJUSTE_ESTRUTURA_VENDA_ACELEROU_POS > AJUSTE_ESTRUTURA_VENDA_CAIU > CONFIRMACOES_CANDIDATA_ESTAVEL,28,4,2,2,15,17.857142857142858
DNA_66F37DEE2F20,PADRAO_DE_STOP_CONFIRMADO,DNA_STOP,AJUSTE_ESTRUTURA_COMPRA_ACELEROU_NEG > AJUSTE_ESTRUTURA_COMPRA_CAIU > AJUSTE_ESTRUTURA_ESTAVEL > AJUSTE_ESTRUTURA_VENDA_ACELEROU_POS > AJUSTE_ESTRUTURA_VENDA_SUBIU,26,4,2,1,11,15.384615384615385
DNA_6135DE744E37,PADRAO_DE_STOP_CONFIRMADO,DNA_STOP,AJUSTE_ESTRUTURA_COMPRA_ESTAVEL > AJUSTE_ESTRUTURA_ESTAVEL > AJUSTE_ESTRUTURA_VENDA_ESTAVEL > CONFIRMACOES_CANDIDATA_ESTAVEL,26,4,2,1,12,19.230769230769234
DNA_4AF1D5F50CC2,PADRAO_DE_STOP_CONFIRMADO,DNA_STOP,AJUSTE_ESTRUTURA_ACELEROU_POS > AJUSTE_ESTRUTURA_CAIU > AJUSTE_ESTRUTURA_COMPRA_ESTAVEL,24,4,2,2,12,16.666666666666664
DNA_DF8EBE9D9DFF,PADRAO_DE_STOP_CONFIRMADO,DNA_STOP,AJUSTE_ESTRUTURA_VENDA_ACELEROU_NEG > AJUSTE_ESTRUTURA_VENDA_CAIU > CAMPANHA_ENTRADAS_ACELEROU_NEG,24,4,2,2,12,16.666666666666664
DNA_E3A1FE45AED7,PADRAO_DE_STOP_CONFIRMADO,DNA_STOP,AJUSTE_ESTRUTURA_COMPRA_ESTAVEL > AJUSTE_ESTRUTURA_ESTAVEL > AJUSTE_ESTRUTURA_VENDA_ESTAVEL > CONFIRMACOES_CANDIDATA_ACELEROU_NEG,22,4,2,2,11,22.727272727272727
DNA_F545FC110364,PADRAO_DE_STOP_CONFIRMADO,DNA_STOP,AJUSTE_ESTRUTURA_COMPRA_ESTAVEL > AJUSTE_ESTRUTURA_VENDA_ESTAVEL,22,4,1,2,12,13.636363636363635
DNA_E23451CCC141,PADRAO_DE_STOP_CONFIRMADO,DNA_STOP,CAMPANHA_ENTRADAS_CAIU > CONFIRMACOES_CANDIDATA_ESTAVEL,21,4,2,2,12,28.57142857142857
DNA_67BF56E6F6F7,PADRAO_DE_STOP_CONFIRMADO,DNA_STOP,AJUSTE_ESTRUTURA_ESTAVEL > AJUSTE_ESTRUTURA_VENDA_ESTAVEL > CONFIRMACOES_CANDIDATA_ESTAVEL,21,4,1,1,12,28.57142857142857
DNA_9B7A4D78E305,PADRAO_DE_STOP_CONFIRMADO,DNA_STOP,AJUSTE_ESTRUTURA_SUBIU > AJUSTE_ESTRUTURA_VENDA_ACELEROU_NEG > AJUSTE_ESTRUTURA_VENDA_SUBIU,21,4,2,1,13,19.047619047619047
DNA_1F43317DBDF1,PADRAO_DE_STOP_CONFIRMADO,DNA_STOP,AJUSTE_ESTRUTURA_COMPRA_ESTAVEL > AJUSTE_ESTRUTURA_ESTAVEL > AJUSTE_ESTRUTURA_VENDA_ACELEROU_NEG > AJUSTE_ESTRUTURA_VENDA_ESTAVEL,19,3,2,2,11,21.052631578947366
DNA_454C2AF1E3D3,PADRAO_DE_STOP_CONFIRMADO,DNA_STOP,AJUSTE_ESTRUTURA_ACELEROU_POS > AJUSTE_ESTRUTURA_CAIU > AJUSTE_ESTRUTURA_COMPRA_ESTAVEL,19,4,1,2,12,15.789473684210526
DNA_AA7FAA42A1C2,PADRAO_DE_STOP_CONFIRMADO,DNA_STOP,AJUSTE_ESTRUTURA_ESTAVEL > AJUSTE_ESTRUTURA_VENDA_ESTAVEL > CONFIRMACOES_CANDIDATA_ACELEROU_NEG,19,4,2,1,11,21.052631578947366
DNA_CEA0D4DD30CF,PADRAO_DE_STOP_CONFIRMADO,DNA_STOP,AJUSTE_ESTRUTURA_VENDA_ESTAVEL > CONFIRMACOES_CANDIDATA_ACELEROU_POS > CONFIRMACOES_CANDIDATA_CAIU,18,3,2,1,14,27.77777777777778
DNA_5D6059A4B67E,PADRAO_DE_STOP_CONFIRMADO,DNA_STOP,AJUSTE_ESTRUTURA_COMPRA_CAIU > AJUSTE_ESTRUTURA_ESTAVEL > AJUSTE_ESTRUTURA_VENDA_ACELEROU_POS > AJUSTE_ESTRUTURA_VENDA_SUBIU,17,4,1,2,15,17.647058823529413
DNA_6BFF2F641F08,PADRAO_DE_STOP_CONFIRMADO,DNA_STOP,AJUSTE_ESTRUTURA_ACELEROU_POS > AJUSTE_ESTRUTURA_CAIU,17,4,2,1,15,17.647058823529413
DNA_ADE909EAB40C,PADRAO_DE_STOP_CONFIRMADO,DNA_STOP,AJUSTE_ESTRUTURA_COMPRA_ESTAVEL > AJUSTE_ESTRUTURA_ESTAVEL > AJUSTE_ESTRUTURA_VENDA_ESTAVEL > CONFIRMACOES_CANDIDATA_ESTAVEL,16,4,1,1,12,25.0
DNA_C7B9F0A98B44,PADRAO_DE_STOP_CONFIRMADO,DNA_STOP,AJUSTE_ESTRUTURA_COMPRA_ACELEROU_NEG > AJUSTE_ESTRUTURA_COMPRA_CAIU > AJUSTE_ESTRUTURA_ESTAVEL > AJUSTE_ESTRUTURA_VENDA_ACELEROU_POS > AJUSTE_ESTRUTURA_VENDA_SUBIU,16,4,1,2,15,18.75
DNA_079D3E4481A7,PADRAO_DE_STOP_CONFIRMADO,DNA_STOP,AJUSTE_ESTRUTURA_ACELEROU_NEG > AJUSTE_ESTRUTURA_COMPRA_ACELEROU_POS > AJUSTE_ESTRUTURA_COMPRA_CAIU > AJUSTE_ESTRUTURA_SUBIU,16,4,2,1,11,18.75
DNA_41436FAF00CA,PADRAO_DE_STOP_CONFIRMADO,DNA_STOP,AJUSTE_ESTRUTURA_ACELEROU_POS > AJUSTE_ESTRUTURA_COMPRA_ACELEROU_NEG > AJUSTE_ESTRUTURA_COMPRA_CAIU,15,4,1,2,12,20.0
DNA_C18E60093772,PADRAO_DE_STOP_CONFIRMADO,DNA_STOP,AJUSTE_ESTRUTURA_VENDA_ESTAVEL > CONFIRMACOES_CANDIDATA_ACELEROU_POS > CONFIRMACOES_CANDIDATA_CAIU,15,4,1,2,15,20.0
DNA_B5173119E64D,PADRAO_DE_STOP_CONFIRMADO,DNA_STOP,AJUSTE_ESTRUTURA_COMPRA_ACELEROU_NEG > AJUSTE_ESTRUTURA_COMPRA_CAIU > AJUSTE_ESTRUTURA_ESTAVEL > AJUSTE_ESTRUTURA_VENDA_ACELEROU_POS,15,4,1,2,13,26.666666666666668
DNA_06528B31BF49,PADRAO_DE_STOP_CONFIRMADO,DNA_STOP,AJUSTE_ESTRUTURA_COMPRA_ESTAVEL > AJUSTE_ESTRUTURA_VENDA_ACELEROU_POS > AJUSTE_ESTRUTURA_VENDA_CAIU,15,4,1,2,11,26.666666666666668
DNA_CA55848B861F,PADRAO_DE_STOP_CONFIRMADO,DNA_STOP,AJUSTE_ESTRUTURA_ACELEROU_POS > AJUSTE_ESTRUTURA_CAIU > AJUSTE_ESTRUTURA_COMPRA_ESTAVEL,14,4,1,1,0,14.285714285714285
DNA_86B4984E6916,PADRAO_DE_STOP_CONFIRMADO,DNA_STOP,AJUSTE_ESTRUTURA_COMPRA_CAIU > AJUSTE_ESTRUTURA_ESTAVEL > AJUSTE_ESTRUTURA_VENDA_ACELEROU_POS > AJUSTE_ESTRUTURA_VENDA_SUBIU,14,4,1,1,15,21.428571428571427
DNA_615C44D1EC83,PADRAO_DE_STOP_CONFIRMADO,DNA_STOP,AJUSTE_ESTRUTURA_COMPRA_ACELEROU_NEG > AJUSTE_ESTRUTURA_COMPRA_CAIU > AJUSTE_ESTRUTURA_ESTAVEL > AJUSTE_ESTRUTURA_VENDA_ESTAVEL,14,3,2,2,14,14.285714285714285
DNA_C75189E144B6,PADRAO_DE_STOP_CONFIRMADO,DNA_STOP,AJUSTE_ESTRUTURA_VENDA_ACELEROU_POS > AJUSTE_ESTRUTURA_VENDA_CAIU > CONFIRMACOES_CANDIDATA_ESTAVEL,14,4,1,1,5,14.285714285714285
DNA_A766C48B4FE5,PADRAO_DE_STOP_CONFIRMADO,DNA_STOP,AJUSTE_ESTRUTURA_SUBIU > AJUSTE_ESTRUTURA_VENDA_ACELEROU_NEG > AJUSTE_ESTRUTURA_VENDA_SUBIU,14,4,1,1,13,21.428571428571427
DNA_0721D6E6F3C9,PADRAO_DE_STOP_CONFIRMADO,DNA_STOP,AJUSTE_ESTRUTURA_ACELEROU_POS > AJUSTE_ESTRUTURA_COMPRA_ACELEROU_NEG > AJUSTE_ESTRUTURA_COMPRA_CAIU,14,4,1,1,12,21.428571428571427
DNA_5CCB7B3B1DDB,PADRAO_DE_STOP_CONFIRMADO,DNA_STOP,AJUSTE_ESTRUTURA_ACELEROU_NEG > AJUSTE_ESTRUTURA_COMPRA_ACELEROU_POS > AJUSTE_ESTRUTURA_COMPRA_CAIU,14,4,1,1,22,21.428571428571427
DNA_3E46707908B4,PADRAO_DE_STOP_CONFIRMADO,DNA_STOP,AJUSTE_ESTRUTURA_COMPRA_ACELEROU_NEG > AJUSTE_ESTRUTURA_COMPRA_CAIU > AJUSTE_ESTRUTURA_ESTAVEL > AJUSTE_ESTRUTURA_VENDA_ACELEROU_POS > AJUSTE_ESTRUTURA_VENDA_SUBIU,14,4,1,2,13,28.57142857142857
DNA_B22497B06940,PADRAO_DE_STOP_CONFIRMADO,DNA_STOP,AJUSTE_ESTRUTURA_COMPRA_ACELEROU_NEG > AJUSTE_ESTRUTURA_COMPRA_CAIU > AJUSTE_ESTRUTURA_ESTAVEL > AJUSTE_ESTRUTURA_VENDA_ACELEROU_POS > AJUSTE_ESTRUTURA_VENDA_SUBIU,14,4,1,1,15,21.428571428571427
DNA_8922D4425ADE,PADRAO_DE_STOP_CONFIRMADO,DNA_STOP,AJUSTE_ESTRUTURA_VENDA_ESTAVEL > CAMPANHA_ENTRADAS_ESTAVEL,13,3,2,1,11,38.46153846153847
DNA_52E0D6369D55,PADRAO_DE_STOP_CONFIRMADO,DNA_STOP,AJUSTE_ESTRUTURA_ESTAVEL > AJUSTE_ESTRUTURA_VENDA_ACELEROU_POS > AJUSTE_ESTRUTURA_VENDA_SUBIU > CONFIRMACOES_CANDIDATA_ACELEROU_NEG,13,4,2,2,14,15.384615384615385
DNA_CB717D7599A0,PADRAO_DE_STOP_CONFIRMADO,DNA_STOP,AJUSTE_ESTRUTURA_COMPRA_SUBIU > AJUSTE_ESTRUTURA_VENDA_ACELEROU_NEG > AJUSTE_ESTRUTURA_VENDA_CAIU,13,3,1,2,13,23.076923076923077
DNA_4FA4C1B43082,PADRAO_DE_STOP_CONFIRMADO,DNA_STOP,AJUSTE_ESTRUTURA_VENDA_ACELEROU_NEG > AJUSTE_ESTRUTURA_VENDA_CAIU > CAMPANHA_ENTRADAS_ACELEROU_NEG,13,4,1,2,11,15.384615384615385
DNA_E3F37591A376,PADRAO_DE_STOP_CONFIRMADO,DNA_STOP,AJUSTE_ESTRUTURA_COMPRA_CAIU > AJUSTE_ESTRUTURA_ESTAVEL > AJUSTE_ESTRUTURA_VENDA_ESTAVEL,13,4,1,1,20,15.384615384615385
DNA_7F9214FF9BBF,PADRAO_DE_STOP_CONFIRMADO,DNA_STOP,AJUSTE_ESTRUTURA_CAIU > AJUSTE_ESTRUTURA_COMPRA_ESTAVEL > AJUSTE_ESTRUTURA_VENDA_ESTAVEL,13,4,1,1,13,15.384615384615385
DNA_F7CCC5382459,PADRAO_DE_STOP_CONFIRMADO,DNA_STOP,AJUSTE_ESTRUTURA_VENDA_CAIU > CONFIRMACOES_CANDIDATA_ACELEROU_POS > CONFIRMACOES_CANDIDATA_SUBIU,13,4,2,1,10,15.384615384615385
DNA_532BE335AAA8,PADRAO_DE_STOP_CONFIRMADO,DNA_STOP,AJUSTE_ESTRUTURA_COMPRA_SUBIU > AJUSTE_ESTRUTURA_VENDA_ACELEROU_NEG,13,3,1,2,13,23.076923076923077
DNA_2F81D1AF8F8D,PADRAO_DE_STOP_CONFIRMADO,DNA_STOP,AJUSTE_ESTRUTURA_ACELEROU_NEG > AJUSTE_ESTRUTURA_COMPRA_ACELEROU_POS > AJUSTE_ESTRUTURA_COMPRA_SUBIU,12,3,1,2,11,25.0
DNA_A2CCB9BA9DA2,PADRAO_DE_STOP_CONFIRMADO,DNA_STOP,AJUSTE_ESTRUTURA_COMPRA_ESTAVEL > AJUSTE_ESTRUTURA_ESTAVEL > AJUSTE_ESTRUTURA_VENDA_ESTAVEL > CONFIRMACOES_CANDIDATA_ACELEROU_NEG,12,4,2,1,11,25.0
DNA_C5989630D0E0,PADRAO_DE_STOP_CONFIRMADO,DNA_STOP,AJUSTE_ESTRUTURA_ESTAVEL > AJUSTE_ESTRUTURA_VENDA_ESTAVEL > CONFIRMACOES_CANDIDATA_ACELEROU_NEG,12,4,2,1,21,25.0
DNA_5C67446DBC61,PADRAO_DE_STOP_CONFIRMADO,DNA_STOP,AJUSTE_ESTRUTURA_ACELEROU_POS > AJUSTE_ESTRUTURA_COMPRA_ACELEROU_POS > AJUSTE_ESTRUTURA_COMPRA_SUBIU > AJUSTE_ESTRUTURA_SUBIU > AJUSTE_ESTRUTURA_VENDA_ACELEROU_NEG > AJUSTE_ESTRUTURA_VENDA_CAIU,12,3,2,1,11,33.33333333333333
DNA_625C2B7C54B9,PADRAO_DE_STOP_CONFIRMADO,DNA_STOP,AJUSTE_ESTRUTURA_VENDA_CAIU > CONFIRMACOES_CANDIDATA_ESTAVEL,12,4,1,1,11,33.33333333333333
DNA_A25328664744,PADRAO_DE_STOP_CONFIRMADO,DNA_STOP,CAMPANHA_ENTRADAS_ACELEROU_NEG > CAMPANHA_ENTRADAS_CAIU,12,4,1,1,12,16.666666666666664
DNA_DCF64349B81C,PADRAO_DE_STOP_CONFIRMADO,DNA_STOP,AJUSTE_ESTRUTURA_COMPRA_ACELEROU_NEG > AJUSTE_ESTRUTURA_COMPRA_CAIU,12,3,1,1,20,25.0
DNA_BAA5BFFDC026,PADRAO_DE_STOP_CONFIRMADO,DNA_STOP,AJUSTE_ESTRUTURA_VENDA_SUBIU > CAMPANHA_ENTRADAS_ACELEROU_NEG,12,4,1,2,11,16.666666666666664
DNA_CDE5325D0F02,PADRAO_DE_STOP_CONFIRMADO,DNA_STOP,AJUSTE_ESTRUTURA_VENDA_ACELEROU_POS > AJUSTE_ESTRUTURA_VENDA_CAIU > CONFIRMACOES_CANDIDATA_ACELEROU_POS > CONFIRMACOES_CANDIDATA_SUBIU,12,4,1,2,10,16.666666666666664
DNA_9EFBCD98CBED,PADRAO_DE_STOP_CONFIRMADO,DNA_STOP,AJUSTE_ESTRUTURA_COMPRA_ESTAVEL > AJUSTE_ESTRUTURA_ESTAVEL > AJUSTE_ESTRUTURA_VENDA_ACELEROU_NEG > AJUSTE_ESTRUTURA_VENDA_ESTAVEL,12,3,2,1,11,16.666666666666664
DNA_AACC8236FADF,PADRAO_DE_STOP_CONFIRMADO,DNA_STOP,AJUSTE_ESTRUTURA_COMPRA_ACELEROU_NEG > AJUSTE_ESTRUTURA_COMPRA_CAIU > AJUSTE_ESTRUTURA_ESTAVEL > AJUSTE_ESTRUTURA_VENDA_ACELEROU_POS > AJUSTE_ESTRUTURA_VENDA_SUBIU,12,4,1,1,13,25.0
DNA_5E844DE1A903,PADRAO_DE_STOP_CONFIRMADO,DNA_STOP,AJUSTE_ESTRUTURA_COMPRA_ACELEROU_NEG > AJUSTE_ESTRUTURA_COMPRA_SUBIU > AJUSTE_ESTRUTURA_ESTAVEL > AJUSTE_ESTRUTURA_VENDA_ACELEROU_POS > AJUSTE_ESTRUTURA_VENDA_CAIU,11,3,1,1,5,18.181818181818183
DNA_0ACFAB4AE0CD,PADRAO_DE_STOP_CONFIRMADO,DNA_STOP,AJUSTE_ESTRUTURA_ACELEROU_POS > AJUSTE_ESTRUTURA_CAIU > AJUSTE_ESTRUTURA_COMPRA_ACELEROU_POS,11,4,1,2,15,18.181818181818183
DNA_9C2330692362,PADRAO_DE_STOP_CONFIRMADO,DNA_STOP,AJUSTE_ESTRUTURA_COMPRA_ACELEROU_NEG > AJUSTE_ESTRUTURA_COMPRA_CAIU > AJUSTE_ESTRUTURA_ESTAVEL > AJUSTE_ESTRUTURA_VENDA_ESTAVEL,11,3,2,1,14,18.181818181818183
DNA_DDA6363F8912,PADRAO_DE_STOP_CONFIRMADO,DNA_STOP,AJUSTE_ESTRUTURA_CAIU > AJUSTE_ESTRUTURA_COMPRA_ACELEROU_POS > AJUSTE_ESTRUTURA_COMPRA_SUBIU > AJUSTE_ESTRUTURA_VENDA_ACELEROU_NEG,11,3,1,2,13,27.27272727272727
DNA_CC87CC65D357,PADRAO_DE_STOP_CONFIRMADO,DNA_STOP,AJUSTE_ESTRUTURA_VENDA_ACELEROU_NEG > AJUSTE_ESTRUTURA_VENDA_SUBIU > CONFIRMACOES_CANDIDATA_ESTAVEL,11,4,2,1,11,27.27272727272727
DNA_7EE261923995,PADRAO_DE_STOP_CONFIRMADO,DNA_STOP,AJUSTE_ESTRUTURA_COMPRA_ESTAVEL > AJUSTE_ESTRUTURA_ESTAVEL > AJUSTE_ESTRUTURA_VENDA_ESTAVEL > CONFIRMACOES_CANDIDATA_ACELEROU_NEG,10,3,1,1,11,30.0
DNA_87D404EEDC1A,PADRAO_DE_STOP_CONFIRMADO,DNA_STOP,AJUSTE_ESTRUTURA_ESTAVEL > AJUSTE_ESTRUTURA_VENDA_ACELEROU_POS > AJUSTE_ESTRUTURA_VENDA_SUBIU > CONFIRMACOES_CANDIDATA_ACELEROU_NEG,10,4,2,1,21,20.0
DNA_8074D439BE99,PADRAO_DE_STOP_CONFIRMADO,DNA_STOP,AJUSTE_ESTRUTURA_COMPRA_ESTAVEL > AJUSTE_ESTRUTURA_ESTAVEL > AJUSTE_ESTRUTURA_VENDA_ACELEROU_NEG > AJUSTE_ESTRUTURA_VENDA_ESTAVEL,10,3,1,2,9,20.0
DNA_6D38AE4E4F5E,PADRAO_DE_STOP_CONFIRMADO,DNA_STOP,AJUSTE_ESTRUTURA_VENDA_ESTAVEL > CONFIRMACOES_CANDIDATA_ACELEROU_POS > CONFIRMACOES_CANDIDATA_CAIU,10,3,1,1,8,20.0
DNA_959B8C8FDFED,PADRAO_DE_STOP_CONFIRMADO,DNA_STOP,AJUSTE_ESTRUTURA_VENDA_ACELEROU_NEG > AJUSTE_ESTRUTURA_VENDA_CAIU > CAMPANHA_ENTRADAS_ACELEROU_NEG > CAMPANHA_ENTRADAS_CAIU,10,4,2,1,12,20.0
DNA_6FA612A87BD0,PADRAO_DE_STOP_CONFIRMADO,DNA_STOP,AJUSTE_ESTRUTURA_COMPRA_ESTAVEL > AJUSTE_ESTRUTURA_ESTAVEL > AJUSTE_ESTRUTURA_VENDA_ESTAVEL > CONFIRMACOES_CANDIDATA_ACELEROU_NEG > CONFIRMACOES_CANDIDATA_ESTAVEL,10,2,1,2,10,20.0
DNA_11B91A053005,PADRAO_DE_STOP_CONFIRMADO,DNA_STOP,AJUSTE_ESTRUTURA_ESTAVEL > AJUSTE_ESTRUTURA_VENDA_ACELEROU_POS > AJUSTE_ESTRUTURA_VENDA_SUBIU > CONFIRMACOES_CANDIDATA_ACELEROU_NEG,10,4,1,2,14,20.0
DNA_46CF488DD681,PADRAO_DE_STOP_CONFIRMADO,DNA_STOP,AJUSTE_ESTRUTURA_ACELEROU_NEG > AJUSTE_ESTRUTURA_COMPRA_ACELEROU_POS > AJUSTE_ESTRUTURA_COMPRA_CAIU > AJUSTE_ESTRUTURA_SUBIU > AJUSTE_ESTRUTURA_VENDA_ACELEROU_NEG,10,4,1,1,11,20.0
DNA_AE4B58C7ADDC,PADRAO_DE_STOP_CONFIRMADO,DNA_STOP,AJUSTE_ESTRUTURA_CAIU > AJUSTE_ESTRUTURA_COMPRA_ACELEROU_POS > AJUSTE_ESTRUTURA_COMPRA_CAIU,10,4,1,1,13,30.0
DNA_4620A3000395,PADRAO_DE_STOP_CONFIRMADO,DNA_STOP,AJUSTE_ESTRUTURA_COMPRA_ESTAVEL > AJUSTE_ESTRUTURA_VENDA_ACELEROU_POS > AJUSTE_ESTRUTURA_VENDA_CAIU,10,4,2,1,11,20.0
DNA_F8D212E57228,PADRAO_DE_STOP_CONFIRMADO,DNA_STOP,AJUSTE_ESTRUTURA_ACELEROU_POS > AJUSTE_ESTRUTURA_COMPRA_ACELEROU_NEG > AJUSTE_ESTRUTURA_COMPRA_CAIU > AJUSTE_ESTRUTURA_ESTAVEL,10,4,1,1,1,20.0
DNA_DC03BCF36072,PADRAO_DE_STOP_CONFIRMADO,DNA_STOP,AJUSTE_ESTRUTURA_ACELEROU_POS > AJUSTE_ESTRUTURA_COMPRA_ACELEROU_NEG > AJUSTE_ESTRUTURA_COMPRA_CAIU > AJUSTE_ESTRUTURA_ESTAVEL,10,4,1,1,1,20.0
DNA_F39FC5A561B0,PADRAO_DE_STOP_CONFIRMADO,DNA_STOP,CAMPANHA_ENTRADAS_CAIU > CONFIRMACOES_CANDIDATA_ESTAVEL,10,3,1,2,12,20.0
DNA_0CDC5A943B30,PADRAO_DE_STOP_CONFIRMADO,DNA_STOP,CAMPANHA_ENTRADAS_ACELEROU_NEG > CAMPANHA_ENTRADAS_CAIU > CONFIRMACOES_CANDIDATA_ESTAVEL,10,4,2,1,10,20.0
DNA_A61F45077ACD,PADRAO_DE_STOP_CONFIRMADO,DNA_STOP,AJUSTE_ESTRUTURA_COMPRA_CAIU > AJUSTE_ESTRUTURA_ESTAVEL > AJUSTE_ESTRUTURA_VENDA_ESTAVEL > CONFIRMACOES_CANDIDATA_ESTAVEL,9,4,1,2,4,11.11111111111111
DNA_37FF78005FE9,PADRAO_DE_STOP_CONFIRMADO,DNA_STOP,AJUSTE_ESTRUTURA_COMPRA_CAIU > AJUSTE_ESTRUTURA_VENDA_ACELEROU_NEG,9,4,2,1,10,22.22222222222222
DNA_48D4B430C7FE,PADRAO_DE_STOP_CONFIRMADO,DNA_STOP,AJUSTE_ESTRUTURA_CAIU > AJUSTE_ESTRUTURA_COMPRA_ACELEROU_POS > AJUSTE_ESTRUTURA_COMPRA_CAIU > AJUSTE_ESTRUTURA_VENDA_ACELEROU_NEG > AJUSTE_ESTRUTURA_VENDA_SUBIU,9,4,1,2,12,22.22222222222222
DNA_34233F371B93,PADRAO_DE_STOP_CONFIRMADO,DNA_STOP,AJUSTE_ESTRUTURA_ESTAVEL > AJUSTE_ESTRUTURA_VENDA_ACELEROU_NEG > AJUSTE_ESTRUTURA_VENDA_ESTAVEL,9,4,2,1,11,22.22222222222222
DNA_400FB800A654,PADRAO_DE_STOP_CONFIRMADO,DNA_STOP,AJUSTE_ESTRUTURA_VENDA_ACELEROU_POS > AJUSTE_ESTRUTURA_VENDA_ESTAVEL,9,3,1,1,14,22.22222222222222
DNA_AE9EA427A06E,PADRAO_DE_STOP_CONFIRMADO,DNA_STOP,AJUSTE_ESTRUTURA_ACELEROU_NEG > AJUSTE_ESTRUTURA_COMPRA_ACELEROU_POS > AJUSTE_ESTRUTURA_COMPRA_SUBIU > AJUSTE_ESTRUTURA_SUBIU > AJUSTE_ESTRUTURA_VENDA_ACELEROU_NEG > AJUSTE_ESTRUTURA_VENDA_CAIU,9,3,2,1,11,33.33333333333333
DNA_47B9488E2463,PADRAO_DE_STOP_CONFIRMADO,DNA_STOP,CAMPANHA_ENTRADAS_ESTAVEL > CONFIRMACOES_CANDIDATA_ESTAVEL,9,3,2,1,10,22.22222222222222
DNA_0F9D05010CF8,PADRAO_DE_STOP_CONFIRMADO,DNA_STOP,AJUSTE_ESTRUTURA_ACELEROU_POS > AJUSTE_ESTRUTURA_COMPRA_ACELEROU_POS > AJUSTE_ESTRUTURA_COMPRA_ESTAVEL,9,4,2,2,13,44.44444444444444
DNA_117945C7E9CD,PADRAO_DE_STOP_CONFIRMADO,DNA_STOP,AJUSTE_ESTRUTURA_CAIU > AJUSTE_ESTRUTURA_COMPRA_ESTAVEL > AJUSTE_ESTRUTURA_VENDA_ESTAVEL > CONFIRMACOES_CANDIDATA_ESTAVEL,9,4,2,1,21,44.44444444444444
DNA_DD51CE690AD9,PADRAO_DE_STOP_CONFIRMADO,DNA_STOP,AJUSTE_ESTRUTURA_COMPRA_ESTAVEL > AJUSTE_ESTRUTURA_ESTAVEL > AJUSTE_ESTRUTURA_VENDA_ACELEROU_NEG > AJUSTE_ESTRUTURA_VENDA_ESTAVEL,9,3,1,2,11,22.22222222222222
DNA_38B853F46855,PADRAO_DE_STOP_CONFIRMADO,DNA_STOP,AJUSTE_ESTRUTURA_ESTAVEL > AJUSTE_ESTRUTURA_VENDA_ESTAVEL > CONFIRMACOES_CANDIDATA_ACELEROU_NEG,9,4,1,2,15,33.33333333333333
DNA_13989E9F24E9,PADRAO_DE_STOP_CONFIRMADO,DNA_STOP,AJUSTE_ESTRUTURA_CAIU > AJUSTE_ESTRUTURA_COMPRA_ACELEROU_POS > AJUSTE_ESTRUTURA_COMPRA_SUBIU > AJUSTE_ESTRUTURA_VENDA_ACELEROU_NEG > AJUSTE_ESTRUTURA_VENDA_CAIU,9,3,1,1,1,22.22222222222222
DNA_3A810E62CFAB,PADRAO_DE_STOP_CONFIRMADO,DNA_STOP,AJUSTE_ESTRUTURA_COMPRA_ACELEROU_NEG > AJUSTE_ESTRUTURA_COMPRA_SUBIU > AJUSTE_ESTRUTURA_ESTAVEL > AJUSTE_ESTRUTURA_VENDA_ACELEROU_POS > AJUSTE_ESTRUTURA_VENDA_CAIU > CONFIRMACOES_CANDIDATA_ESTAVEL,9,4,1,2,5,22.22222222222222
DNA_C65749F92451,PADRAO_DE_STOP_CONFIRMADO,DNA_STOP,AJUSTE_ESTRUTURA_COMPRA_ACELEROU_NEG > AJUSTE_ESTRUTURA_COMPRA_SUBIU > AJUSTE_ESTRUTURA_ESTAVEL > AJUSTE_ESTRUTURA_VENDA_ACELEROU_POS > AJUSTE_ESTRUTURA_VENDA_CAIU > CONFIRMACOES_CANDIDATA_ESTAVEL,9,3,2,1,5,22.22222222222222
DNA_E3336332A6D5,PADRAO_DE_STOP_CONFIRMADO,DNA_STOP,AJUSTE_ESTRUTURA_ACELEROU_POS > AJUSTE_ESTRUTURA_CAIU > AJUSTE_ESTRUTURA_COMPRA_ESTAVEL > AJUSTE_ESTRUTURA_VENDA_ACELEROU_POS,9,2,2,1,0,11.11111111111111
DNA_370E5ECFD599,PADRAO_DE_STOP_CONFIRMADO,DNA_STOP,AJUSTE_ESTRUTURA_COMPRA_ACELEROU_POS > AJUSTE_ESTRUTURA_COMPRA_CAIU > AJUSTE_ESTRUTURA_ESTAVEL,9,3,1,1,12,22.22222222222222
DNA_EF2D362205FC,PADRAO_DE_STOP_CONFIRMADO,DNA_STOP,AJUSTE_ESTRUTURA_VENDA_ESTAVEL > CAMPANHA_ENTRADAS_ESTAVEL,9,2,1,2,11,33.33333333333333
DNA_896C5CCD29FD,PADRAO_DE_STOP_CONFIRMADO,DNA_STOP,AJUSTE_ESTRUTURA_ACELEROU_POS > AJUSTE_ESTRUTURA_COMPRA_ESTAVEL > AJUSTE_ESTRUTURA_ESTAVEL,9,3,2,1,11,44.44444444444444
DNA_0E0759144567,PADRAO_DE_STOP_CONFIRMADO,DNA_STOP,AJUSTE_ESTRUTURA_ACELEROU_POS > AJUSTE_ESTRUTURA_COMPRA_ACELEROU_NEG > AJUSTE_ESTRUTURA_COMPRA_CAIU > AJUSTE_ESTRUTURA_ESTAVEL > AJUSTE_ESTRUTURA_VENDA_ACELEROU_POS > AJUSTE_ESTRUTURA_VENDA_SUBIU,8,4,1,1,1,25.0
DNA_0B7B4EA435EA,PADRAO_DE_STOP_CONFIRMADO,DNA_STOP,AJUSTE_ESTRUTURA_VENDA_ACELEROU_NEG > AJUSTE_ESTRUTURA_VENDA_CAIU > CAMPANHA_ENTRADAS_ACELEROU_NEG > CAMPANHA_ENTRADAS_CAIU,8,3,1,2,21,25.0
DNA_DC1EF7E69080,PADRAO_DE_STOP_CONFIRMADO,DNA_STOP,AJUSTE_ESTRUTURA_ESTAVEL > AJUSTE_ESTRUTURA_VENDA_ESTAVEL > CONFIRMACOES_CANDIDATA_ACELEROU_NEG,8,3,1,1,13,25.0
DNA_2A22C099C159,PADRAO_DE_STOP_CONFIRMADO,DNA_STOP,AJUSTE_ESTRUTURA_COMPRA_CAIU > AJUSTE_ESTRUTURA_ESTAVEL > AJUSTE_ESTRUTURA_VENDA_ESTAVEL,8,4,2,1,21,50.0
DNA_36F144CF65A6,PADRAO_DE_STOP_CONFIRMADO,DNA_STOP,AJUSTE_ESTRUTURA_COMPRA_ESTAVEL > AJUSTE_ESTRUTURA_VENDA_ESTAVEL > CONFIRMACOES_CANDIDATA_ESTAVEL,8,4,1,1,13,25.0
DNA_2539A49474E0,PADRAO_DE_STOP_CONFIRMADO,DNA_STOP,AJUSTE_ESTRUTURA_COMPRA_SUBIU > AJUSTE_ESTRUTURA_ESTAVEL > AJUSTE_ESTRUTURA_VENDA_ESTAVEL,8,3,2,1,12,25.0
DNA_39E0EA4335D7,PADRAO_DE_STOP_CONFIRMADO,DNA_STOP,AJUSTE_ESTRUTURA_VENDA_ESTAVEL > CONFIRMACOES_CANDIDATA_ACELEROU_POS > CONFIRMACOES_CANDIDATA_CAIU,8,2,1,1,14,37.5
DNA_E0406E437ED4,PADRAO_DE_STOP_CONFIRMADO,DNA_STOP,AJUSTE_ESTRUTURA_COMPRA_ESTAVEL > AJUSTE_ESTRUTURA_VENDA_ACELEROU_POS > AJUSTE_ESTRUTURA_VENDA_CAIU,8,4,1,1,11,25.0
DNA_498725606F18,PADRAO_DE_STOP_CONFIRMADO,DNA_STOP,AJUSTE_ESTRUTURA_VENDA_SUBIU > CAMPANHA_ENTRADAS_ACELEROU_NEG,8,4,1,1,12,25.0
DNA_A158C44E2462,PADRAO_DE_STOP_CONFIRMADO,DNA_STOP,AJUSTE_ESTRUTURA_ACELEROU_POS > AJUSTE_ESTRUTURA_COMPRA_ACELEROU_NEG > AJUSTE_ESTRUTURA_COMPRA_CAIU > AJUSTE_ESTRUTURA_ESTAVEL > AJUSTE_ESTRUTURA_VENDA_ACELEROU_POS,8,4,1,1,1,25.0
DNA_EF361E9CFF98,PADRAO_DE_STOP_CONFIRMADO,DNA_STOP,AJUSTE_ESTRUTURA_COMPRA_ESTAVEL > AJUSTE_ESTRUTURA_ESTAVEL > AJUSTE_ESTRUTURA_VENDA_ACELEROU_NEG,7,3,1,1,2,14.285714285714285
DNA_0DB4B4CC9BFE,PADRAO_DE_STOP_CONFIRMADO,DNA_STOP,CONFIRMACOES_CANDIDATA_ACELEROU_POS > CONFIRMACOES_CANDIDATA_ESTAVEL,7,3,1,1,9,28.57142857142857
DNA_CE50009D9771,PADRAO_DE_STOP_CONFIRMADO,DNA_STOP,CAMPANHA_ENTRADAS_CAIU > CONFIRMACOES_CANDIDATA_ACELEROU_POS > CONFIRMACOES_CANDIDATA_CAIU,7,2,2,1,11,28.57142857142857
DNA_E29FF0440092,PADRAO_DE_STOP_CONFIRMADO,DNA_STOP,AJUSTE_ESTRUTURA_COMPRA_ACELEROU_NEG > AJUSTE_ESTRUTURA_COMPRA_CAIU > AJUSTE_ESTRUTURA_SUBIU,7,2,1,2,20,28.57142857142857
DNA_8CCDCFA5D8AB,PADRAO_DE_STOP_CONFIRMADO,DNA_STOP,AJUSTE_ESTRUTURA_SUBIU > AJUSTE_ESTRUTURA_VENDA_ACELEROU_NEG > AJUSTE_ESTRUTURA_VENDA_SUBIU,7,2,1,1,17,28.57142857142857
DNA_9D0C557BE9C4,PADRAO_DE_STOP_CONFIRMADO,DNA_STOP,AJUSTE_ESTRUTURA_VENDA_CAIU > CAMPANHA_ENTRADAS_ACELEROU_POS > CAMPANHA_ENTRADAS_CAIU,7,3,1,1,11,42.857142857142854
DNA_945CCA561EB6,PADRAO_DE_STOP_CONFIRMADO,DNA_STOP,AJUSTE_ESTRUTURA_VENDA_ESTAVEL > CONFIRMACOES_CANDIDATA_ACELEROU_NEG > CONFIRMACOES_CANDIDATA_SUBIU,7,3,1,1,14,28.57142857142857
DNA_45BFA82FC82E,FALHA_DE_DNA_GAIN,DNA_GAIN,AJUSTE_ESTRUTURA_ACELEROU_POS > AJUSTE_ESTRUTURA_COMPRA_ESTAVEL > AJUSTE_ESTRUTURA_ESTAVEL,7,3,2,1,10,28.57142857142857
DNA_220F5CDB9A4C,PADRAO_DE_STOP_CONFIRMADO,DNA_STOP,AJUSTE_ESTRUTURA_VENDA_ACELEROU_NEG > AJUSTE_ESTRUTURA_VENDA_ESTAVEL > CONFIRMACOES_CANDIDATA_ESTAVEL,7,3,2,1,16,42.857142857142854
DNA_E3E076C0C2A8,PADRAO_DE_STOP_CONFIRMADO,DNA_STOP,AJUSTE_ESTRUTURA_VENDA_ACELEROU_POS > AJUSTE_ESTRUTURA_VENDA_CAIU > CONFIRMACOES_CANDIDATA_ACELEROU_POS > CONFIRMACOES_CANDIDATA_SUBIU,7,4,1,1,10,28.57142857142857
DNA_C95F1A27E8FF,PADRAO_DE_STOP_CONFIRMADO,DNA_STOP,AJUSTE_ESTRUTURA_VENDA_ACELEROU_NEG > AJUSTE_ESTRUTURA_VENDA_SUBIU > CAMPANHA_ENTRADAS_ACELEROU_POS,7,3,2,1,12,42.857142857142854
DNA_2AA78FEE2F3D,PADRAO_DE_STOP_CONFIRMADO,DNA_STOP,AJUSTE_ESTRUTURA_CAIU > AJUSTE_ESTRUTURA_COMPRA_ACELEROU_NEG > AJUSTE_ESTRUTURA_COMPRA_ESTAVEL,7,3,1,1,1,14.285714285714285
DNA_39BF79999921,PADRAO_DE_STOP_CONFIRMADO,DNA_STOP,AJUSTE_ESTRUTURA_COMPRA_ACELEROU_POS > AJUSTE_ESTRUTURA_COMPRA_SUBIU > AJUSTE_ESTRUTURA_SUBIU > AJUSTE_ESTRUTURA_VENDA_ACELEROU_NEG > AJUSTE_ESTRUTURA_VENDA_CAIU,7,4,1,2,11,28.57142857142857
DNA_280552AE4D03,PADRAO_DE_STOP_CONFIRMADO,DNA_STOP,AJUSTE_ESTRUTURA_ESTAVEL > AJUSTE_ESTRUTURA_VENDA_ACELEROU_POS > AJUSTE_ESTRUTURA_VENDA_SUBIU > CONFIRMACOES_CANDIDATA_ACELEROU_POS,7,3,1,2,2,14.285714285714285
DNA_02DCDED28577,PADRAO_DE_STOP_CONFIRMADO,DNA_STOP,AJUSTE_ESTRUTURA_VENDA_ACELEROU_NEG > AJUSTE_ESTRUTURA_VENDA_CAIU > CAMPANHA_ENTRADAS_ACELEROU_NEG,7,3,1,1,11,28.57142857142857
DNA_99AF8EE48A0A,PADRAO_DE_STOP_CONFIRMADO,DNA_STOP,AJUSTE_ESTRUTURA_ACELEROU_NEG > AJUSTE_ESTRUTURA_CAIU > AJUSTE_ESTRUTURA_COMPRA_ACELEROU_POS > AJUSTE_ESTRUTURA_COMPRA_SUBIU > AJUSTE_ESTRUTURA_VENDA_ACELEROU_NEG > AJUSTE_ESTRUTURA_VENDA_CAIU,7,3,1,1,1,14.285714285714285
DNA_63F4D930DAD8,PADRAO_DE_STOP_CONFIRMADO,DNA_STOP,CAMPANHA_ENTRADAS_ACELEROU_NEG > CAMPANHA_ENTRADAS_SUBIU,7,2,1,1,20,42.857142857142854
DNA_B7901F5FE041,PADRAO_DE_STOP_CONFIRMADO,DNA_STOP,AJUSTE_ESTRUTURA_COMPRA_CAIU > AJUSTE_ESTRUTURA_ESTAVEL > AJUSTE_ESTRUTURA_VENDA_ESTAVEL > CONFIRMACOES_CANDIDATA_ESTAVEL,7,3,1,1,4,14.285714285714285
DNA_D00849C63E60,PADRAO_DE_STOP_CONFIRMADO,DNA_STOP,AJUSTE_ESTRUTURA_COMPRA_CAIU > AJUSTE_ESTRUTURA_ESTAVEL > AJUSTE_ESTRUTURA_VENDA_ESTAVEL > CONFIRMACOES_CANDIDATA_ESTAVEL,7,3,1,1,4,14.285714285714285
DNA_5E0BA78DB821,PADRAO_DE_STOP_CONFIRMADO,DNA_STOP,AJUSTE_ESTRUTURA_COMPRA_ESTAVEL > AJUSTE_ESTRUTURA_SUBIU > AJUSTE_ESTRUTURA_VENDA_ACELEROU_POS,7,4,1,1,13,28.57142857142857
DNA_80D64ED2D20F,PADRAO_DE_STOP_CONFIRMADO,DNA_STOP,AJUSTE_ESTRUTURA_ESTAVEL > AJUSTE_ESTRUTURA_VENDA_ACELEROU_POS > AJUSTE_ESTRUTURA_VENDA_SUBIU,6,4,1,1,22,33.33333333333333
DNA_C89225A60A2F,PADRAO_DE_STOP_CONFIRMADO,DNA_STOP,AJUSTE_ESTRUTURA_COMPRA_ESTAVEL > AJUSTE_ESTRUTURA_SUBIU > AJUSTE_ESTRUTURA_VENDA_ACELEROU_NEG,6,2,1,2,11,33.33333333333333
DNA_F31DAF631022,FALHA_DE_DNA_GAIN,DNA_GAIN,AJUSTE_ESTRUTURA_VENDA_ACELEROU_POS > AJUSTE_ESTRUTURA_VENDA_CAIU > CONFIRMACOES_CANDIDATA_ACELEROU_POS > CONFIRMACOES_CANDIDATA_CAIU,6,4,2,1,5,16.666666666666664
DNA_B123A1E6ECF4,PADRAO_DE_STOP_CONFIRMADO,DNA_STOP,AJUSTE_ESTRUTURA_COMPRA_ACELEROU_POS > AJUSTE_ESTRUTURA_COMPRA_SUBIU > AJUSTE_ESTRUTURA_SUBIU > AJUSTE_ESTRUTURA_VENDA_ACELEROU_NEG > AJUSTE_ESTRUTURA_VENDA_CAIU,6,4,1,1,11,33.33333333333333
DNA_E07B8E568077,PADRAO_DE_STOP_CONFIRMADO,DNA_STOP,AJUSTE_ESTRUTURA_COMPRA_SUBIU > AJUSTE_ESTRUTURA_ESTAVEL > AJUSTE_ESTRUTURA_VENDA_ACELEROU_NEG,6,2,1,1,12,33.33333333333333
DNA_527C537E9BBB,PADRAO_DE_STOP_CONFIRMADO,DNA_STOP,CAMPANHA_ENTRADAS_CAIU > CONFIRMACOES_CANDIDATA_ACELEROU_NEG > CONFIRMACOES_CANDIDATA_ESTAVEL,6,3,1,1,21,33.33333333333333
DNA_43691691DA74,PADRAO_DE_STOP_CONFIRMADO,DNA_STOP,AJUSTE_ESTRUTURA_VENDA_CAIU > CAMPANHA_ENTRADAS_ACELEROU_NEG > CAMPANHA_ENTRADAS_CAIU,6,3,1,1,12,33.33333333333333
DNA_D57518E95A6C,PADRAO_DE_STOP_CONFIRMADO,DNA_STOP,AJUSTE_ESTRUTURA_COMPRA_ESTAVEL > AJUSTE_ESTRUTURA_VENDA_ACELEROU_NEG,6,3,1,1,3,16.666666666666664
DNA_2EB86B0CB4CA,PADRAO_DE_STOP_CONFIRMADO,DNA_STOP,AJUSTE_ESTRUTURA_VENDA_ESTAVEL > CAMPANHA_ENTRADAS_ESTAVEL,6,2,1,1,11,50.0
DNA_01A2AC5DEF00,PADRAO_DE_STOP_CONFIRMADO,DNA_STOP,AJUSTE_ESTRUTURA_ACELEROU_NEG > AJUSTE_ESTRUTURA_COMPRA_ACELEROU_POS > AJUSTE_ESTRUTURA_COMPRA_SUBIU > AJUSTE_ESTRUTURA_SUBIU > AJUSTE_ESTRUTURA_VENDA_ACELEROU_NEG > AJUSTE_ESTRUTURA_VENDA_CAIU,6,2,1,1,11,33.33333333333333
DNA_6EDC41322556,PADRAO_DE_STOP_CONFIRMADO,DNA_STOP,AJUSTE_ESTRUTURA_VENDA_ACELEROU_NEG > AJUSTE_ESTRUTURA_VENDA_ESTAVEL > CONFIRMACOES_CANDIDATA_ACELEROU_POS,6,2,1,1,8,33.33333333333333
DNA_BA2AECE01079,PADRAO_DE_STOP_CONFIRMADO,DNA_STOP,CAMPANHA_ENTRADAS_ACELEROU_POS > CAMPANHA_ENTRADAS_CAIU > CONFIRMACOES_CANDIDATA_ACELEROU_POS,6,3,2,1,11,33.33333333333333
DNA_8B5DFEB81691,PADRAO_DE_STOP_CONFIRMADO,DNA_STOP,AJUSTE_ESTRUTURA_COMPRA_ACELEROU_POS > AJUSTE_ESTRUTURA_COMPRA_SUBIU > AJUSTE_ESTRUTURA_ESTAVEL > AJUSTE_ESTRUTURA_VENDA_ACELEROU_NEG > AJUSTE_ESTRUTURA_VENDA_CAIU > CAMPANHA_ENTRADAS_ACELEROU_NEG,6,3,2,1,9,16.666666666666664
DNA_CB7226A14E54,PADRAO_DE_STOP_CONFIRMADO,DNA_STOP,AJUSTE_ESTRUTURA_SUBIU > AJUSTE_ESTRUTURA_VENDA_ACELEROU_NEG > AJUSTE_ESTRUTURA_VENDA_ESTAVEL,6,2,1,2,10,33.33333333333333
DNA_CD8E60489F87,PADRAO_DE_STOP_CONFIRMADO,DNA_STOP,AJUSTE_ESTRUTURA_ACELEROU_NEG > AJUSTE_ESTRUTURA_CAIU > AJUSTE_ESTRUTURA_COMPRA_ACELEROU_NEG > AJUSTE_ESTRUTURA_COMPRA_CAIU,6,3,2,1,0,16.666666666666664
DNA_15753472146B,PADRAO_DE_STOP_CONFIRMADO,DNA_STOP,AJUSTE_ESTRUTURA_CAIU > AJUSTE_ESTRUTURA_COMPRA_ACELEROU_POS > AJUSTE_ESTRUTURA_COMPRA_CAIU > AJUSTE_ESTRUTURA_VENDA_ACELEROU_NEG > AJUSTE_ESTRUTURA_VENDA_SUBIU,6,4,1,1,0,16.666666666666664
DNA_2D385610730A,PADRAO_DE_STOP_CONFIRMADO,DNA_STOP,AJUSTE_ESTRUTURA_ESTAVEL > AJUSTE_ESTRUTURA_VENDA_ACELEROU_POS > AJUSTE_ESTRUTURA_VENDA_SUBIU > CONFIRMACOES_CANDIDATA_ACELEROU_POS,6,2,1,1,2,16.666666666666664
DNA_4A8B95C90CC1,PADRAO_DE_STOP_CONFIRMADO,DNA_STOP,AJUSTE_ESTRUTURA_ACELEROU_POS > AJUSTE_ESTRUTURA_CAIU > AJUSTE_ESTRUTURA_COMPRA_ACELEROU_POS > AJUSTE_ESTRUTURA_COMPRA_CAIU,6,2,1,1,15,33.33333333333333
DNA_B21E69DBB057,PADRAO_DE_STOP_CONFIRMADO,DNA_STOP,AJUSTE_ESTRUTURA_ESTAVEL > AJUSTE_ESTRUTURA_VENDA_ACELEROU_POS > AJUSTE_ESTRUTURA_VENDA_SUBIU > CONFIRMACOES_CANDIDATA_ACELEROU_POS > CONFIRMACOES_CANDIDATA_SUBIU,6,2,1,1,2,16.666666666666664
DNA_494555258ED6,PADRAO_DE_STOP_CONFIRMADO,DNA_STOP,AJUSTE_ESTRUTURA_COMPRA_ACELEROU_NEG > AJUSTE_ESTRUTURA_COMPRA_CAIU > AJUSTE_ESTRUTURA_SUBIU > AJUSTE_ESTRUTURA_VENDA_ACELEROU_POS > AJUSTE_ESTRUTURA_VENDA_SUBIU,6,2,1,2,20,33.33333333333333
DNA_4F2977ACA9F6,PADRAO_DE_STOP_CONFIRMADO,DNA_STOP,AJUSTE_ESTRUTURA_VENDA_ACELEROU_NEG > AJUSTE_ESTRUTURA_VENDA_CAIU > CAMPANHA_ENTRADAS_ACELEROU_NEG,6,3,1,1,12,33.33333333333333
DNA_66AC9CFEA710,PADRAO_DE_STOP_CONFIRMADO,DNA_STOP,AJUSTE_ESTRUTURA_COMPRA_ESTAVEL > AJUSTE_ESTRUTURA_ESTAVEL > AJUSTE_ESTRUTURA_VENDA_ACELEROU_NEG,6,2,1,1,15,33.33333333333333
DNA_168BDE65953C,PADRAO_DE_STOP_CONFIRMADO,DNA_STOP,AJUSTE_ESTRUTURA_ACELEROU_POS > AJUSTE_ESTRUTURA_CAIU,6,4,1,1,7,16.666666666666664
DNA_FD7242040785,FALHA_DE_DNA_GAIN,DNA_GAIN,AJUSTE_ESTRUTURA_ACELEROU_NEG > AJUSTE_ESTRUTURA_COMPRA_ACELEROU_NEG > AJUSTE_ESTRUTURA_COMPRA_SUBIU > AJUSTE_ESTRUTURA_SUBIU > AJUSTE_ESTRUTURA_VENDA_ACELEROU_POS > AJUSTE_ESTRUTURA_VENDA_CAIU,6,3,2,2,21,33.33333333333333
DNA_354C40710B58,FALHA_DE_DNA_GAIN,DNA_GAIN,AJUSTE_ESTRUTURA_COMPRA_SUBIU > AJUSTE_ESTRUTURA_SUBIU > AJUSTE_ESTRUTURA_VENDA_ACELEROU_POS > AJUSTE_ESTRUTURA_VENDA_CAIU > CONFIRMACOES_CANDIDATA_ACELEROU_POS > CONFIRMACOES_CANDIDATA_CAIU,5,2,2,2,5,20.0
DNA_6BD1657438B4,PADRAO_DE_STOP_CONFIRMADO,DNA_STOP,AJUSTE_ESTRUTURA_ACELEROU_NEG > AJUSTE_ESTRUTURA_COMPRA_ESTAVEL > AJUSTE_ESTRUTURA_SUBIU,5,3,1,1,11,40.0
DNA_9E3D83F3DB3A,PADRAO_DE_STOP_CONFIRMADO,DNA_STOP,AJUSTE_ESTRUTURA_ACELEROU_POS > AJUSTE_ESTRUTURA_COMPRA_ACELEROU_POS > AJUSTE_ESTRUTURA_COMPRA_ESTAVEL > AJUSTE_ESTRUTURA_ESTAVEL,5,3,2,1,13,60.0
DNA_FBEDD15D0B95,PADRAO_DE_STOP_CONFIRMADO,DNA_STOP,AJUSTE_ESTRUTURA_ACELEROU_NEG > AJUSTE_ESTRUTURA_CAIU > AJUSTE_ESTRUTURA_COMPRA_ACELEROU_NEG > AJUSTE_ESTRUTURA_COMPRA_ESTAVEL,5,3,2,1,1,20.0
DNA_C3E62B6C5269,FALHA_DE_DNA_GAIN,DNA_GAIN,AJUSTE_ESTRUTURA_COMPRA_ACELEROU_NEG > AJUSTE_ESTRUTURA_COMPRA_SUBIU > AJUSTE_ESTRUTURA_SUBIU > AJUSTE_ESTRUTURA_VENDA_ACELEROU_POS > AJUSTE_ESTRUTURA_VENDA_CAIU > CONFIRMACOES_CANDIDATA_ACELEROU_POS,5,2,2,2,21,40.0
DNA_B245A3082638,PADRAO_DE_STOP_CONFIRMADO,DNA_STOP,AJUSTE_ESTRUTURA_SUBIU > AJUSTE_ESTRUTURA_VENDA_ACELEROU_NEG > AJUSTE_ESTRUTURA_VENDA_ESTAVEL,5,2,1,1,10,40.0
DNA_AC5D9139B93E,PADRAO_DE_STOP_CONFIRMADO,DNA_STOP,AJUSTE_ESTRUTURA_COMPRA_ESTAVEL > AJUSTE_ESTRUTURA_SUBIU > AJUSTE_ESTRUTURA_VENDA_ACELEROU_NEG,5,2,1,1,4,20.0
DNA_BB7A3B9B65D5,FALHA_DE_DNA_GAIN,DNA_GAIN,AJUSTE_ESTRUTURA_VENDA_CAIU > CONFIRMACOES_CANDIDATA_ACELEROU_NEG > CONFIRMACOES_CANDIDATA_SUBIU,5,3,1,2,13,40.0
DNA_7DEF0FCAEF00,FALHA_DE_DNA_GAIN,DNA_GAIN,AJUSTE_ESTRUTURA_VENDA_CAIU > CONFIRMACOES_CANDIDATA_ACELEROU_NEG > CONFIRMACOES_CANDIDATA_SUBIU,5,3,2,1,13,40.0
DNA_AA315E3E83FE,PADRAO_DE_STOP_CONFIRMADO,DNA_STOP,AJUSTE_ESTRUTURA_COMPRA_ESTAVEL > AJUSTE_ESTRUTURA_VENDA_ACELEROU_NEG,5,4,1,1,16,40.0
DNA_E851B889C196,PADRAO_DE_STOP_CONFIRMADO,DNA_STOP,AJUSTE_ESTRUTURA_ACELEROU_NEG > AJUSTE_ESTRUTURA_CAIU > AJUSTE_ESTRUTURA_COMPRA_ACELEROU_POS > AJUSTE_ESTRUTURA_COMPRA_CAIU > AJUSTE_ESTRUTURA_VENDA_ACELEROU_NEG > AJUSTE_ESTRUTURA_VENDA_SUBIU,5,4,1,1,0,20.0
DNA_B2D4FA3AE6B0,PADRAO_DE_STOP_CONFIRMADO,DNA_STOP,AJUSTE_ESTRUTURA_VENDA_ACELEROU_POS > AJUSTE_ESTRUTURA_VENDA_SUBIU > CONFIRMACOES_CANDIDATA_ACELEROU_NEG,5,2,1,1,2,20.0
DNA_27EB99DE00C9,PADRAO_DE_STOP_CONFIRMADO,DNA_STOP,AJUSTE_ESTRUTURA_COMPRA_ESTAVEL > AJUSTE_ESTRUTURA_SUBIU > AJUSTE_ESTRUTURA_VENDA_ESTAVEL,5,3,1,1,10,40.0
DNA_B325CC709842,PADRAO_DE_STOP_CONFIRMADO,DNA_STOP,AJUSTE_ESTRUTURA_COMPRA_ACELEROU_NEG > AJUSTE_ESTRUTURA_COMPRA_ESTAVEL > AJUSTE_ESTRUTURA_SUBIU,5,2,1,2,10,40.0
DNA_369172CCFB17,PADRAO_DE_STOP_CONFIRMADO,DNA_STOP,AJUSTE_ESTRUTURA_ACELEROU_NEG > AJUSTE_ESTRUTURA_CAIU > AJUSTE_ESTRUTURA_COMPRA_ESTAVEL > AJUSTE_ESTRUTURA_VENDA_ESTAVEL,5,3,1,1,21,40.0
DNA_24FF85DB4724,PADRAO_DE_STOP_CONFIRMADO,DNA_STOP,AJUSTE_ESTRUTURA_COMPRA_ESTAVEL > AJUSTE_ESTRUTURA_ESTAVEL > AJUSTE_ESTRUTURA_VENDA_ACELEROU_NEG > AJUSTE_ESTRUTURA_VENDA_ESTAVEL,5,2,1,1,15,40.0
DNA_732510572C91,FALHA_DE_DNA_GAIN,DNA_GAIN,AJUSTE_ESTRUTURA_COMPRA_ESTAVEL > AJUSTE_ESTRUTURA_SUBIU > AJUSTE_ESTRUTURA_VENDA_ACELEROU_POS > AJUSTE_ESTRUTURA_VENDA_SUBIU,5,3,2,1,10,40.0
DNA_D383C44C5631,PADRAO_DE_STOP_CONFIRMADO,DNA_STOP,AJUSTE_ESTRUTURA_COMPRA_ACELEROU_NEG > AJUSTE_ESTRUTURA_COMPRA_CAIU > AJUSTE_ESTRUTURA_ESTAVEL,5,2,1,1,0,20.0
DNA_DD440C958DC6,FALHA_DE_DNA_GAIN,DNA_GAIN,AJUSTE_ESTRUTURA_ACELEROU_NEG > AJUSTE_ESTRUTURA_COMPRA_ACELEROU_NEG > AJUSTE_ESTRUTURA_COMPRA_SUBIU > AJUSTE_ESTRUTURA_SUBIU > AJUSTE_ESTRUTURA_VENDA_ACELEROU_POS > AJUSTE_ESTRUTURA_VENDA_CAIU,5,3,2,1,21,40.0
DNA_F91142E96C6B,PADRAO_DE_STOP_CONFIRMADO,DNA_STOP,AJUSTE_ESTRUTURA_COMPRA_ESTAVEL > AJUSTE_ESTRUTURA_ESTAVEL > AJUSTE_ESTRUTURA_VENDA_ACELEROU_POS > AJUSTE_ESTRUTURA_VENDA_ESTAVEL,5,3,1,1,11,40.0
DNA_48F2CF31D581,PADRAO_DE_STOP_CONFIRMADO,DNA_STOP,AJUSTE_ESTRUTURA_VENDA_ACELEROU_NEG > AJUSTE_ESTRUTURA_VENDA_CAIU > CONFIRMACOES_CANDIDATA_ACELEROU_NEG > CONFIRMACOES_CANDIDATA_CAIU,5,2,1,2,19,40.0
DNA_C06285A630DD,PADRAO_DE_STOP_CONFIRMADO,DNA_STOP,AJUSTE_ESTRUTURA_VENDA_SUBIU > CONFIRMACOES_CANDIDATA_ACELEROU_POS,5,3,1,1,0,20.0
DNA_752D85E593E4,PADRAO_DE_STOP_CONFIRMADO,DNA_STOP,AJUSTE_ESTRUTURA_VENDA_ESTAVEL > CONFIRMACOES_CANDIDATA_SUBIU,5,3,1,2,20,40.0
DNA_6612D78FAE3E,FALHA_DE_DNA_GAIN,DNA_GAIN,AJUSTE_ESTRUTURA_COMPRA_ACELEROU_NEG > AJUSTE_ESTRUTURA_COMPRA_ESTAVEL > AJUSTE_ESTRUTURA_SUBIU > AJUSTE_ESTRUTURA_VENDA_ACELEROU_POS,5,3,2,1,0,20.0
DNA_8676387BEA87,FALHA_DE_DNA_GAIN,DNA_GAIN,AJUSTE_ESTRUTURA_ACELEROU_NEG > AJUSTE_ESTRUTURA_COMPRA_ACELEROU_NEG > AJUSTE_ESTRUTURA_COMPRA_SUBIU > AJUSTE_ESTRUTURA_SUBIU > AJUSTE_ESTRUTURA_VENDA_ACELEROU_POS > AJUSTE_ESTRUTURA_VENDA_CAIU,5,2,1,2,21,40.0
DNA_DFE2AD29CDBA,FALHA_DE_DNA_GAIN,DNA_GAIN,AJUSTE_ESTRUTURA_SUBIU > AJUSTE_ESTRUTURA_VENDA_ACELEROU_POS > AJUSTE_ESTRUTURA_VENDA_CAIU,4,3,1,1,6,25.0
DNA_358D498AE72E,FALHA_DE_DNA_GAIN,DNA_GAIN,AJUSTE_ESTRUTURA_ACELEROU_NEG > AJUSTE_ESTRUTURA_COMPRA_ACELEROU_NEG > AJUSTE_ESTRUTURA_COMPRA_SUBIU > AJUSTE_ESTRUTURA_SUBIU > AJUSTE_ESTRUTURA_VENDA_ACELEROU_POS > AJUSTE_ESTRUTURA_VENDA_CAIU,4,2,1,1,21,50.0
DNA_A1D21B1FDC5D,FALHA_DE_DNA_GAIN,DNA_GAIN,AJUSTE_ESTRUTURA_COMPRA_ACELEROU_NEG > AJUSTE_ESTRUTURA_COMPRA_ESTAVEL > AJUSTE_ESTRUTURA_SUBIU > AJUSTE_ESTRUTURA_VENDA_ACELEROU_POS,4,2,1,1,0,25.0
DNA_3CD537351738,FALHA_DE_DNA_GAIN,DNA_GAIN,AJUSTE_ESTRUTURA_COMPRA_ACELEROU_NEG > AJUSTE_ESTRUTURA_COMPRA_SUBIU > AJUSTE_ESTRUTURA_SUBIU > AJUSTE_ESTRUTURA_VENDA_ACELEROU_POS > AJUSTE_ESTRUTURA_VENDA_CAIU > CONFIRMACOES_CANDIDATA_ACELEROU_POS,4,2,1,2,21,50.0
DNA_801455E7B190,PADRAO_DE_STOP_CONFIRMADO,DNA_STOP,AJUSTE_ESTRUTURA_COMPRA_ESTAVEL > AJUSTE_ESTRUTURA_VENDA_ACELEROU_NEG > AJUSTE_ESTRUTURA_VENDA_ESTAVEL,4,3,1,2,16,50.0
DNA_AEB3D8FA975E,PADRAO_DE_STOP_CONFIRMADO,DNA_STOP,AJUSTE_ESTRUTURA_ESTAVEL > AJUSTE_ESTRUTURA_VENDA_ACELEROU_NEG > AJUSTE_ESTRUTURA_VENDA_ESTAVEL,4,2,1,1,10,25.0
DNA_5B29B166BC76,PADRAO_DE_STOP_CONFIRMADO,DNA_STOP,AJUSTE_ESTRUTURA_COMPRA_ACELEROU_POS > AJUSTE_ESTRUTURA_COMPRA_CAIU > AJUSTE_ESTRUTURA_ESTAVEL > AJUSTE_ESTRUTURA_VENDA_ACELEROU_NEG > AJUSTE_ESTRUTURA_VENDA_SUBIU,4,2,1,1,12,50.0
DNA_239E845429E1,PADRAO_DE_STOP_CONFIRMADO,DNA_STOP,AJUSTE_ESTRUTURA_VENDA_ACELEROU_NEG > AJUSTE_ESTRUTURA_VENDA_SUBIU > CAMPANHA_ENTRADAS_ACELEROU_POS,4,2,1,1,12,75.0
DNA_980C621DFC9C,PADRAO_DE_STOP_CONFIRMADO,DNA_STOP,AJUSTE_ESTRUTURA_ACELEROU_POS > AJUSTE_ESTRUTURA_COMPRA_ESTAVEL > AJUSTE_ESTRUTURA_ESTAVEL,4,2,1,1,11,25.0
DNA_DCD5DBB2C846,PADRAO_DE_STOP_CONFIRMADO,DNA_STOP,AJUSTE_ESTRUTURA_ACELEROU_POS > AJUSTE_ESTRUTURA_CAIU > AJUSTE_ESTRUTURA_COMPRA_ACELEROU_POS > AJUSTE_ESTRUTURA_COMPRA_CAIU > AJUSTE_ESTRUTURA_VENDA_ACELEROU_NEG,4,2,2,1,15,50.0
DNA_C933D2E4159C,PADRAO_DE_STOP_CONFIRMADO,DNA_STOP,AJUSTE_ESTRUTURA_VENDA_ACELEROU_NEG > AJUSTE_ESTRUTURA_VENDA_CAIU > CAMPANHA_ENTRADAS_ACELEROU_NEG > CAMPANHA_ENTRADAS_CAIU,4,2,1,1,9,25.0
DNA_241F450E2DE1,FALHA_DE_DNA_GAIN,DNA_GAIN,AJUSTE_ESTRUTURA_VENDA_ACELEROU_POS > AJUSTE_ESTRUTURA_VENDA_CAIU > CONFIRMACOES_CANDIDATA_ACELEROU_POS > CONFIRMACOES_CANDIDATA_CAIU,4,3,1,1,9,25.0
DNA_C85A73486321,FALHA_DE_DNA_GAIN,DNA_GAIN,AJUSTE_ESTRUTURA_ACELEROU_NEG > AJUSTE_ESTRUTURA_CAIU > AJUSTE_ESTRUTURA_COMPRA_ACELEROU_POS > AJUSTE_ESTRUTURA_COMPRA_SUBIU,4,3,1,1,10,50.0
DNA_6E65B1A267EF,PADRAO_DE_STOP_CONFIRMADO,DNA_STOP,AJUSTE_ESTRUTURA_ACELEROU_POS > AJUSTE_ESTRUTURA_COMPRA_ACELEROU_POS > AJUSTE_ESTRUTURA_COMPRA_SUBIU > AJUSTE_ESTRUTURA_SUBIU > AJUSTE_ESTRUTURA_VENDA_ACELEROU_NEG,4,2,1,1,11,25.0
DNA_628F787ED9B5,FALHA_DE_DNA_GAIN,DNA_GAIN,AJUSTE_ESTRUTURA_COMPRA_ACELEROU_NEG > AJUSTE_ESTRUTURA_COMPRA_SUBIU > AJUSTE_ESTRUTURA_SUBIU > AJUSTE_ESTRUTURA_VENDA_ACELEROU_POS > AJUSTE_ESTRUTURA_VENDA_CAIU > CONFIRMACOES_CANDIDATA_ACELEROU_POS,4,2,2,1,21,50.0
DNA_7E0528E09E26,FALHA_DE_DNA_GAIN,DNA_GAIN,AJUSTE_ESTRUTURA_COMPRA_SUBIU > AJUSTE_ESTRUTURA_SUBIU > AJUSTE_ESTRUTURA_VENDA_ACELEROU_POS > AJUSTE_ESTRUTURA_VENDA_CAIU > CONFIRMACOES_CANDIDATA_ACELEROU_POS > CONFIRMACOES_CANDIDATA_CAIU,4,2,2,1,5,25.0
DNA_DABBDF1E34DF,FALHA_DE_DNA_GAIN,DNA_GAIN,AJUSTE_ESTRUTURA_VENDA_ESTAVEL > CONFIRMACOES_CANDIDATA_ACELEROU_POS > CONFIRMACOES_CANDIDATA_SUBIU,4,2,1,1,11,25.0
DNA_973119A96316,PADRAO_DE_STOP_CONFIRMADO,DNA_STOP,AJUSTE_ESTRUTURA_ESTAVEL > AJUSTE_ESTRUTURA_VENDA_ACELEROU_POS > AJUSTE_ESTRUTURA_VENDA_CAIU,4,2,1,1,3,25.0
DNA_5FF182AC503E,FALHA_DE_DNA_GAIN,DNA_GAIN,AJUSTE_ESTRUTURA_ACELEROU_NEG > AJUSTE_ESTRUTURA_CAIU > AJUSTE_ESTRUTURA_COMPRA_ESTAVEL > AJUSTE_ESTRUTURA_VENDA_ACELEROU_POS,4,2,1,2,5,25.0
DNA_41595B69E85D,FALHA_DE_DNA_GAIN,DNA_GAIN,AJUSTE_ESTRUTURA_COMPRA_CAIU > AJUSTE_ESTRUTURA_VENDA_ACELEROU_POS > AJUSTE_ESTRUTURA_VENDA_SUBIU,4,2,2,1,2,25.0
DNA_95D05068BD64,PADRAO_DE_STOP_CONFIRMADO,DNA_STOP,AJUSTE_ESTRUTURA_VENDA_SUBIU > CAMPANHA_ENTRADAS_ACELEROU_NEG,4,3,1,1,11,25.0
DNA_F086F40D1616,FALHA_DE_DNA_GAIN,DNA_GAIN,AJUSTE_ESTRUTURA_ESTAVEL > AJUSTE_ESTRUTURA_VENDA_ACELEROU_NEG > AJUSTE_ESTRUTURA_VENDA_SUBIU > CONFIRMACOES_CANDIDATA_ACELEROU_POS,4,2,1,1,1,25.0
DNA_BDF11E9FD35A,FALHA_DE_DNA_GAIN,DNA_GAIN,AJUSTE_ESTRUTURA_ACELEROU_NEG > AJUSTE_ESTRUTURA_CAIU > AJUSTE_ESTRUTURA_COMPRA_ACELEROU_POS > AJUSTE_ESTRUTURA_COMPRA_SUBIU > AJUSTE_ESTRUTURA_VENDA_ACELEROU_NEG,4,3,1,2,19,50.0
DNA_184A7F891A9B,FALHA_DE_DNA_GAIN,DNA_GAIN,AJUSTE_ESTRUTURA_ACELEROU_NEG > AJUSTE_ESTRUTURA_COMPRA_ACELEROU_NEG > AJUSTE_ESTRUTURA_COMPRA_CAIU,4,3,1,2,15,50.0
DNA_B92FE778CF45,PADRAO_DE_STOP_CONFIRMADO,DNA_STOP,AJUSTE_ESTRUTURA_COMPRA_ACELEROU_POS > AJUSTE_ESTRUTURA_COMPRA_ESTAVEL > AJUSTE_ESTRUTURA_ESTAVEL > AJUSTE_ESTRUTURA_VENDA_ACELEROU_NEG > AJUSTE_ESTRUTURA_VENDA_ESTAVEL,4,2,1,1,12,25.0
DNA_1DB7D86FEC6F,PADRAO_DE_STOP_CONFIRMADO,DNA_STOP,AJUSTE_ESTRUTURA_ACELEROU_POS > AJUSTE_ESTRUTURA_COMPRA_ACELEROU_POS > AJUSTE_ESTRUTURA_COMPRA_SUBIU > AJUSTE_ESTRUTURA_SUBIU > AJUSTE_ESTRUTURA_VENDA_ACELEROU_NEG,4,2,1,1,11,25.0
DNA_B9D6DF562BD6,FALHA_DE_DNA_GAIN,DNA_GAIN,AJUSTE_ESTRUTURA_COMPRA_ACELEROU_NEG > AJUSTE_ESTRUTURA_COMPRA_ESTAVEL > AJUSTE_ESTRUTURA_SUBIU > AJUSTE_ESTRUTURA_VENDA_ACELEROU_POS,4,2,1,1,0,25.0
DNA_053519090D31,FALHA_DE_DNA_GAIN,DNA_GAIN,AJUSTE_ESTRUTURA_COMPRA_ACELEROU_POS > AJUSTE_ESTRUTURA_COMPRA_CAIU > AJUSTE_ESTRUTURA_ESTAVEL > AJUSTE_ESTRUTURA_VENDA_ACELEROU_NEG > AJUSTE_ESTRUTURA_VENDA_SUBIU > CONFIRMACOES_CANDIDATA_ACELEROU_POS,4,2,1,2,15,50.0
DNA_3E56B70A731F,PADRAO_DE_STOP_CONFIRMADO,DNA_STOP,AJUSTE_ESTRUTURA_ESTAVEL > AJUSTE_ESTRUTURA_VENDA_ACELEROU_NEG > AJUSTE_ESTRUTURA_VENDA_ESTAVEL > CONFIRMACOES_CANDIDATA_ACELEROU_NEG,4,2,2,1,13,50.0
DNA_DD3F96881643,PADRAO_DE_STOP_CONFIRMADO,DNA_STOP,AJUSTE_ESTRUTURA_ACELEROU_NEG > AJUSTE_ESTRUTURA_CAIU > AJUSTE_ESTRUTURA_COMPRA_ACELEROU_NEG > AJUSTE_ESTRUTURA_COMPRA_CAIU,4,2,1,1,11,25.0
DNA_5B6B85395894,FALHA_DE_DNA_GAIN,DNA_GAIN,CAMPANHA_ENTRADAS_ACELEROU_POS > CAMPANHA_ENTRADAS_CAIU > CONFIRMACOES_CANDIDATA_ACELEROU_POS,4,3,2,1,12,50.0
DNA_757C6CFC0731,PADRAO_DE_STOP_CONFIRMADO,DNA_STOP,AJUSTE_ESTRUTURA_VENDA_ACELEROU_NEG > AJUSTE_ESTRUTURA_VENDA_SUBIU > CAMPANHA_ENTRADAS_ACELEROU_POS > CAMPANHA_ENTRADAS_CAIU,4,2,1,2,12,50.0
DNA_25755CE31F05,FALHA_DE_DNA_GAIN,DNA_GAIN,AJUSTE_ESTRUTURA_COMPRA_ESTAVEL > AJUSTE_ESTRUTURA_SUBIU > AJUSTE_ESTRUTURA_VENDA_ESTAVEL,4,2,1,1,10,25.0
DNA_D13CB1CF8A67,PADRAO_DE_STOP_CONFIRMADO,DNA_STOP,AJUSTE_ESTRUTURA_COMPRA_SUBIU > AJUSTE_ESTRUTURA_VENDA_ACELEROU_NEG,4,3,1,1,3,25.0
DNA_9C10A16380AC,PADRAO_DE_STOP_CONFIRMADO,DNA_STOP,AJUSTE_ESTRUTURA_SUBIU > AJUSTE_ESTRUTURA_VENDA_ACELEROU_POS > AJUSTE_ESTRUTURA_VENDA_SUBIU,4,3,1,1,10,25.0
DNA_38356210FAE7,FALHA_DE_DNA_GAIN,DNA_GAIN,AJUSTE_ESTRUTURA_COMPRA_ACELEROU_NEG > AJUSTE_ESTRUTURA_COMPRA_SUBIU > AJUSTE_ESTRUTURA_SUBIU > AJUSTE_ESTRUTURA_VENDA_ACELEROU_POS > AJUSTE_ESTRUTURA_VENDA_CAIU,4,3,1,2,5,25.0
DNA_F4AED977ED52,PADRAO_DE_STOP_CONFIRMADO,DNA_STOP,AJUSTE_ESTRUTURA_SUBIU > AJUSTE_ESTRUTURA_VENDA_ACELEROU_POS > AJUSTE_ESTRUTURA_VENDA_SUBIU,4,3,1,1,10,25.0
DNA_575CA6CFE943,PADRAO_DE_STOP_CONFIRMADO,DNA_STOP,AJUSTE_ESTRUTURA_ACELEROU_POS > AJUSTE_ESTRUTURA_COMPRA_ACELEROU_POS > AJUSTE_ESTRUTURA_COMPRA_ESTAVEL > AJUSTE_ESTRUTURA_ESTAVEL,4,2,1,2,13,50.0
DNA_01262391215D,FALHA_DE_DNA_GAIN,DNA_GAIN,AJUSTE_ESTRUTURA_COMPRA_ESTAVEL > AJUSTE_ESTRUTURA_ESTAVEL > AJUSTE_ESTRUTURA_VENDA_ESTAVEL > CONFIRMACOES_CANDIDATA_ACELEROU_POS,4,2,1,2,11,75.0
DNA_BFC95FE3F66A,PADRAO_DE_STOP_CONFIRMADO,DNA_STOP,AJUSTE_ESTRUTURA_VENDA_ESTAVEL > CONFIRMACOES_CANDIDATA_SUBIU,4,3,1,1,11,25.0
DNA_0404D240F778,PADRAO_DE_STOP_CONFIRMADO,DNA_STOP,AJUSTE_ESTRUTURA_VENDA_ACELEROU_POS > AJUSTE_ESTRUTURA_VENDA_SUBIU > CONFIRMACOES_CANDIDATA_ACELEROU_NEG > CONFIRMACOES_CANDIDATA_ESTAVEL,4,1,2,1,8,25.0
DNA_8B1A08BDD880,PADRAO_DE_STOP_CONFIRMADO,DNA_STOP,AJUSTE_ESTRUTURA_VENDA_ACELEROU_NEG > AJUSTE_ESTRUTURA_VENDA_CAIU > CONFIRMACOES_CANDIDATA_ACELEROU_NEG,4,2,1,1,21,50.0
DNA_EBA78324FDA9,FALHA_DE_DNA_GAIN,DNA_GAIN,AJUSTE_ESTRUTURA_ESTAVEL > AJUSTE_ESTRUTURA_VENDA_ACELEROU_POS > AJUSTE_ESTRUTURA_VENDA_CAIU > CONFIRMACOES_CANDIDATA_ACELEROU_POS > CONFIRMACOES_CANDIDATA_CAIU,3,2,1,2,6,33.33333333333333
DNA_EF5299932931,FALHA_DE_DNA_GAIN,DNA_GAIN,AJUSTE_ESTRUTURA_COMPRA_ACELEROU_NEG > AJUSTE_ESTRUTURA_COMPRA_SUBIU > AJUSTE_ESTRUTURA_VENDA_ACELEROU_POS > AJUSTE_ESTRUTURA_VENDA_CAIU,3,1,1,1,10,33.33333333333333
DNA_B608926487D8,FALHA_DE_DNA_GAIN,DNA_GAIN,AJUSTE_ESTRUTURA_VENDA_CAIU > CONFIRMACOES_CANDIDATA_CAIU,3,3,1,2,12,33.33333333333333
DNA_6D697D805F35,FALHA_DE_DNA_GAIN,DNA_GAIN,AJUSTE_ESTRUTURA_CAIU > AJUSTE_ESTRUTURA_COMPRA_ACELEROU_NEG > AJUSTE_ESTRUTURA_COMPRA_CAIU,3,3,1,1,2,33.33333333333333
DNA_A50C63B93A95,FALHA_DE_DNA_GAIN,DNA_GAIN,AJUSTE_ESTRUTURA_VENDA_CAIU > CAMPANHA_ENTRADAS_ACELEROU_POS,3,2,1,1,11,33.33333333333333
DNA_A46A006CDACD,PADRAO_DE_STOP_CONFIRMADO,DNA_STOP,AJUSTE_ESTRUTURA_ESTAVEL > AJUSTE_ESTRUTURA_VENDA_ACELEROU_NEG > AJUSTE_ESTRUTURA_VENDA_ESTAVEL > CONFIRMACOES_CANDIDATA_ACELEROU_NEG,3,1,1,2,13,33.33333333333333
DNA_B8B7901F2244,FALHA_DE_DNA_GAIN,DNA_GAIN,AJUSTE_ESTRUTURA_ESTAVEL > AJUSTE_ESTRUTURA_VENDA_ACELEROU_POS > AJUSTE_ESTRUTURA_VENDA_CAIU > CONFIRMACOES_CANDIDATA_ACELEROU_POS,3,3,1,1,4,33.33333333333333
DNA_F4EFDE913E65,FALHA_DE_DNA_GAIN,DNA_GAIN,AJUSTE_ESTRUTURA_COMPRA_ESTAVEL > AJUSTE_ESTRUTURA_VENDA_ACELEROU_NEG,3,3,1,1,11,33.33333333333333
DNA_D98BE00C2AF5,FALHA_DE_DNA_GAIN,DNA_GAIN,AJUSTE_ESTRUTURA_CAIU > AJUSTE_ESTRUTURA_COMPRA_ACELEROU_POS > AJUSTE_ESTRUTURA_COMPRA_CAIU > AJUSTE_ESTRUTURA_VENDA_ACELEROU_NEG,3,1,1,1,15,66.66666666666666
DNA_EBF35E328EE8,FALHA_DE_DNA_GAIN,DNA_GAIN,AJUSTE_ESTRUTURA_COMPRA_SUBIU > AJUSTE_ESTRUTURA_SUBIU > AJUSTE_ESTRUTURA_VENDA_ACELEROU_POS > AJUSTE_ESTRUTURA_VENDA_CAIU > CONFIRMACOES_CANDIDATA_ACELEROU_POS > CONFIRMACOES_CANDIDATA_CAIU,3,2,1,2,10,33.33333333333333
DNA_E744B5FCC88E,PADRAO_DE_STOP_CONFIRMADO,DNA_STOP,AJUSTE_ESTRUTURA_COMPRA_ACELEROU_POS > AJUSTE_ESTRUTURA_COMPRA_ESTAVEL > AJUSTE_ESTRUTURA_ESTAVEL,3,2,1,1,12,33.33333333333333
DNA_1CD7FBA80F50,FALHA_DE_DNA_GAIN,DNA_GAIN,AJUSTE_ESTRUTURA_SUBIU > AJUSTE_ESTRUTURA_VENDA_ACELEROU_POS > AJUSTE_ESTRUTURA_VENDA_CAIU > CONFIRMACOES_CANDIDATA_ACELEROU_POS > CONFIRMACOES_CANDIDATA_CAIU,3,2,1,2,10,33.33333333333333
DNA_279BD6642AFF,FALHA_DE_DNA_GAIN,DNA_GAIN,AJUSTE_ESTRUTURA_CAIU > AJUSTE_ESTRUTURA_COMPRA_ESTAVEL > AJUSTE_ESTRUTURA_VENDA_ESTAVEL > CONFIRMACOES_CANDIDATA_ESTAVEL,3,2,2,1,1,66.66666666666666
DNA_76F811B50CCB,FALHA_DE_DNA_GAIN,DNA_GAIN,AJUSTE_ESTRUTURA_COMPRA_ACELEROU_NEG > AJUSTE_ESTRUTURA_COMPRA_SUBIU > AJUSTE_ESTRUTURA_SUBIU > AJUSTE_ESTRUTURA_VENDA_ACELEROU_POS > AJUSTE_ESTRUTURA_VENDA_CAIU > CONFIRMACOES_CANDIDATA_ACELEROU_POS,3,2,1,1,21,66.66666666666666
DNA_270AC6A9E750,FALHA_DE_DNA_GAIN,DNA_GAIN,AJUSTE_ESTRUTURA_SUBIU > AJUSTE_ESTRUTURA_VENDA_ACELEROU_POS > AJUSTE_ESTRUTURA_VENDA_ESTAVEL,3,2,1,1,0,33.33333333333333
DNA_34D1682B82C7,FALHA_DE_DNA_GAIN,DNA_GAIN,AJUSTE_ESTRUTURA_COMPRA_ESTAVEL > AJUSTE_ESTRUTURA_SUBIU > AJUSTE_ESTRUTURA_VENDA_ACELEROU_POS > AJUSTE_ESTRUTURA_VENDA_ESTAVEL,3,2,1,1,0,33.33333333333333
DNA_A41B4686A648,PADRAO_DE_STOP_CONFIRMADO,DNA_STOP,AJUSTE_ESTRUTURA_COMPRA_ACELEROU_POS > AJUSTE_ESTRUTURA_COMPRA_SUBIU > AJUSTE_ESTRUTURA_SUBIU,3,2,1,1,13,66.66666666666666
DNA_9CCB6FCCE9D7,FALHA_DE_DNA_GAIN,DNA_GAIN,AJUSTE_ESTRUTURA_ACELEROU_POS > AJUSTE_ESTRUTURA_COMPRA_ESTAVEL > AJUSTE_ESTRUTURA_ESTAVEL,3,2,1,1,10,33.33333333333333
DNA_B01B2D10C0E7,PADRAO_DE_STOP_CONFIRMADO,DNA_STOP,AJUSTE_ESTRUTURA_ACELEROU_POS > AJUSTE_ESTRUTURA_COMPRA_ACELEROU_NEG > AJUSTE_ESTRUTURA_COMPRA_CAIU,3,2,2,1,8,33.33333333333333
DNA_629F4CF574CC,PADRAO_DE_STOP_CONFIRMADO,DNA_STOP,AJUSTE_ESTRUTURA_VENDA_SUBIU > CONFIRMACOES_CANDIDATA_ACELEROU_POS > CONFIRMACOES_CANDIDATA_CAIU,3,3,2,1,8,33.33333333333333
DNA_0FC8CD8EFED0,PADRAO_DE_STOP_CONFIRMADO,DNA_STOP,AJUSTE_ESTRUTURA_COMPRA_ACELEROU_NEG > AJUSTE_ESTRUTURA_COMPRA_ESTAVEL > AJUSTE_ESTRUTURA_SUBIU,3,2,1,1,10,33.33333333333333
DNA_3B02ABC63B44,FALHA_DE_DNA_GAIN,DNA_GAIN,AJUSTE_ESTRUTURA_VENDA_CAIU > CONFIRMACOES_CANDIDATA_ACELEROU_NEG > CONFIRMACOES_CANDIDATA_SUBIU,3,2,1,1,13,33.33333333333333
DNA_EDAF64BFBF50,FALHA_DE_DNA_GAIN,DNA_GAIN,AJUSTE_ESTRUTURA_ACELEROU_NEG > AJUSTE_ESTRUTURA_CAIU > AJUSTE_ESTRUTURA_COMPRA_ACELEROU_NEG > AJUSTE_ESTRUTURA_COMPRA_CAIU,3,3,1,1,2,33.33333333333333
DNA_83D3F6DDCA33,FALHA_DE_DNA_GAIN,DNA_GAIN,AJUSTE_ESTRUTURA_CAIU > AJUSTE_ESTRUTURA_VENDA_ACELEROU_NEG,3,3,1,1,1,33.33333333333333
DNA_FA7BD00B022E,FALHA_DE_DNA_GAIN,DNA_GAIN,AJUSTE_ESTRUTURA_ACELEROU_NEG > AJUSTE_ESTRUTURA_CAIU > AJUSTE_ESTRUTURA_COMPRA_ACELEROU_POS > AJUSTE_ESTRUTURA_COMPRA_CAIU > AJUSTE_ESTRUTURA_VENDA_ACELEROU_NEG,3,2,1,1,13,66.66666666666666
DNA_EA8B627CAB0A,PADRAO_DE_STOP_CONFIRMADO,DNA_STOP,AJUSTE_ESTRUTURA_COMPRA_CAIU > AJUSTE_ESTRUTURA_VENDA_ACELEROU_NEG,3,2,1,1,13,66.66666666666666
DNA_8CDBB36CBCBF,FALHA_DE_DNA_GAIN,DNA_GAIN,AJUSTE_ESTRUTURA_ACELEROU_NEG > AJUSTE_ESTRUTURA_CAIU > AJUSTE_ESTRUTURA_COMPRA_ACELEROU_NEG > AJUSTE_ESTRUTURA_COMPRA_ESTAVEL,3,2,2,1,5,33.33333333333333
DNA_64024AA702F7,FALHA_DE_DNA_GAIN,DNA_GAIN,AJUSTE_ESTRUTURA_COMPRA_ACELEROU_NEG > AJUSTE_ESTRUTURA_COMPRA_SUBIU > AJUSTE_ESTRUTURA_SUBIU > AJUSTE_ESTRUTURA_VENDA_ACELEROU_POS > AJUSTE_ESTRUTURA_VENDA_CAIU,3,2,1,1,5,33.33333333333333
DNA_AAF0124FD7BD,PADRAO_DE_STOP_CONFIRMADO,DNA_STOP,AJUSTE_ESTRUTURA_VENDA_ACELEROU_NEG > AJUSTE_ESTRUTURA_VENDA_SUBIU > CONFIRMACOES_CANDIDATA_ACELEROU_POS > CONFIRMACOES_CANDIDATA_CAIU,3,3,2,1,8,33.33333333333333
DNA_55AC3640C003,FALHA_DE_DNA_GAIN,DNA_GAIN,AJUSTE_ESTRUTURA_SUBIU > AJUSTE_ESTRUTURA_VENDA_ACELEROU_POS > AJUSTE_ESTRUTURA_VENDA_ESTAVEL,3,2,1,1,0,33.33333333333333
DNA_A51A4C41D6E0,PADRAO_DE_STOP_CONFIRMADO,DNA_STOP,AJUSTE_ESTRUTURA_ACELEROU_POS > AJUSTE_ESTRUTURA_COMPRA_ACELEROU_POS > AJUSTE_ESTRUTURA_COMPRA_ESTAVEL > AJUSTE_ESTRUTURA_ESTAVEL,3,1,1,1,13,66.66666666666666
DNA_4B7CA5C2C782,PADRAO_DE_STOP_CONFIRMADO,DNA_STOP,AJUSTE_ESTRUTURA_VENDA_CAIU > CONFIRMACOES_CANDIDATA_ACELEROU_NEG > CONFIRMACOES_CANDIDATA_CAIU,3,2,1,1,12,33.33333333333333
DNA_6CBBC9B7979D,PADRAO_DE_STOP_CONFIRMADO,DNA_STOP,AJUSTE_ESTRUTURA_VENDA_SUBIU > CONFIRMACOES_CANDIDATA_ACELEROU_POS > CONFIRMACOES_CANDIDATA_CAIU,3,2,1,2,12,33.33333333333333
DNA_50E975B46E3D,FALHA_DE_DNA_GAIN,DNA_GAIN,AJUSTE_ESTRUTURA_CAIU > AJUSTE_ESTRUTURA_COMPRA_ACELEROU_NEG > AJUSTE_ESTRUTURA_COMPRA_SUBIU,3,2,1,1,11,33.33333333333333
DNA_0F5FE823FA32,PADRAO_DE_STOP_CONFIRMADO,DNA_STOP,AJUSTE_ESTRUTURA_ACELEROU_POS > AJUSTE_ESTRUTURA_COMPRA_ACELEROU_NEG > AJUSTE_ESTRUTURA_COMPRA_ESTAVEL,2,1,1,1,10,50.0
DNA_12165350A8AA,FALHA_DE_DNA_GAIN,DNA_GAIN,AJUSTE_ESTRUTURA_COMPRA_ACELEROU_POS > AJUSTE_ESTRUTURA_COMPRA_SUBIU > AJUSTE_ESTRUTURA_ESTAVEL > AJUSTE_ESTRUTURA_VENDA_ACELEROU_NEG > AJUSTE_ESTRUTURA_VENDA_CAIU > CONFIRMACOES_CANDIDATA_ACELEROU_POS,2,2,2,1,19,50.0
DNA_167949D8A9FE,FALHA_DE_DNA_GAIN,DNA_GAIN,AJUSTE_ESTRUTURA_ACELEROU_NEG > AJUSTE_ESTRUTURA_COMPRA_ESTAVEL > AJUSTE_ESTRUTURA_SUBIU,2,1,1,1,16,50.0
DNA_0F3CE53D7650,FALHA_DE_DNA_GAIN,DNA_GAIN,AJUSTE_ESTRUTURA_SUBIU > AJUSTE_ESTRUTURA_VENDA_ACELEROU_POS > AJUSTE_ESTRUTURA_VENDA_SUBIU > CONFIRMACOES_CANDIDATA_ACELEROU_NEG > CONFIRMACOES_CANDIDATA_ESTAVEL,2,2,2,1,3,50.0
DNA_CF7C4A6B5337,PADRAO_DE_STOP_CONFIRMADO,DNA_STOP,AJUSTE_ESTRUTURA_COMPRA_ESTAVEL > AJUSTE_ESTRUTURA_VENDA_ACELEROU_NEG > AJUSTE_ESTRUTURA_VENDA_ESTAVEL,2,2,1,1,15,50.0
DNA_CBF35243CF41,FALHA_DE_DNA_GAIN,DNA_GAIN,AJUSTE_ESTRUTURA_COMPRA_CAIU > AJUSTE_ESTRUTURA_VENDA_ACELEROU_POS > AJUSTE_ESTRUTURA_VENDA_SUBIU,2,2,1,1,2,50.0
DNA_1F9234FD4012,FALHA_DE_DNA_GAIN,DNA_GAIN,AJUSTE_ESTRUTURA_ACELEROU_POS > AJUSTE_ESTRUTURA_COMPRA_ACELEROU_POS > AJUSTE_ESTRUTURA_COMPRA_SUBIU,2,2,1,1,12,50.0
DNA_BD16C74539AB,FALHA_DE_DNA_GAIN,DNA_GAIN,AJUSTE_ESTRUTURA_VENDA_ACELEROU_POS > AJUSTE_ESTRUTURA_VENDA_CAIU > CAMPANHA_ENTRADAS_ACELEROU_POS > CAMPANHA_ENTRADAS_CAIU,2,2,2,1,12,50.0
DNA_449B83635188,FALHA_DE_DNA_GAIN,DNA_GAIN,CAMPANHA_ENTRADAS_ACELEROU_POS > CAMPANHA_ENTRADAS_CAIU > CONFIRMACOES_CANDIDATA_ACELEROU_POS,2,1,1,1,12,100.0
DNA_17E1B7EE1B7F,FALHA_DE_DNA_GAIN,DNA_GAIN,AJUSTE_ESTRUTURA_VENDA_ACELEROU_POS > AJUSTE_ESTRUTURA_VENDA_CAIU > CAMPANHA_ENTRADAS_ACELEROU_POS,2,1,1,2,12,50.0
DNA_D2BEE9B0069D,FALHA_DE_DNA_GAIN,DNA_GAIN,AJUSTE_ESTRUTURA_VENDA_CAIU > CAMPANHA_ENTRADAS_ACELEROU_POS > CAMPANHA_ENTRADAS_CAIU,2,1,1,2,12,50.0
DNA_C730BE8095AC,FALHA_DE_DNA_GAIN,DNA_GAIN,AJUSTE_ESTRUTURA_CAIU > AJUSTE_ESTRUTURA_COMPRA_ACELEROU_NEG > AJUSTE_ESTRUTURA_COMPRA_SUBIU > AJUSTE_ESTRUTURA_VENDA_ACELEROU_POS > AJUSTE_ESTRUTURA_VENDA_CAIU,2,1,1,1,14,50.0
DNA_6CEF91CE8DEB,FALHA_DE_DNA_GAIN,DNA_GAIN,AJUSTE_ESTRUTURA_ESTAVEL > AJUSTE_ESTRUTURA_VENDA_ACELEROU_POS > AJUSTE_ESTRUTURA_VENDA_CAIU > CONFIRMACOES_CANDIDATA_ACELEROU_POS > CONFIRMACOES_CANDIDATA_CAIU,2,2,1,1,9,50.0
DNA_AA02437A95B4,PADRAO_DE_STOP_CONFIRMADO,DNA_STOP,AJUSTE_ESTRUTURA_ESTAVEL > AJUSTE_ESTRUTURA_VENDA_ACELEROU_NEG > AJUSTE_ESTRUTURA_VENDA_ESTAVEL > CONFIRMACOES_CANDIDATA_ACELEROU_NEG,2,2,1,1,12,50.0
DNA_0DDD8BFE6E7B,PADRAO_DE_STOP_CONFIRMADO,DNA_STOP,AJUSTE_ESTRUTURA_ACELEROU_POS > AJUSTE_ESTRUTURA_COMPRA_ACELEROU_NEG > AJUSTE_ESTRUTURA_COMPRA_CAIU,2,1,1,1,8,50.0
DNA_A6366B77E8D0,FALHA_DE_DNA_GAIN,DNA_GAIN,AJUSTE_ESTRUTURA_ACELEROU_NEG > AJUSTE_ESTRUTURA_CAIU > AJUSTE_ESTRUTURA_COMPRA_ACELEROU_POS > AJUSTE_ESTRUTURA_COMPRA_CAIU > AJUSTE_ESTRUTURA_VENDA_ACELEROU_NEG,2,2,1,1,12,50.0
DNA_B9FBE776D570,FALHA_DE_DNA_GAIN,DNA_GAIN,AJUSTE_ESTRUTURA_ACELEROU_POS > AJUSTE_ESTRUTURA_SUBIU,2,1,1,2,11,50.0
DNA_97AD30D78ABB,FALHA_DE_DNA_GAIN,DNA_GAIN,AJUSTE_ESTRUTURA_CAIU > AJUSTE_ESTRUTURA_COMPRA_CAIU,2,2,1,1,10,50.0
DNA_678815D30B0A,PADRAO_DE_STOP_CONFIRMADO,DNA_STOP,AJUSTE_ESTRUTURA_ACELEROU_NEG > AJUSTE_ESTRUTURA_COMPRA_ACELEROU_NEG > AJUSTE_ESTRUTURA_COMPRA_ESTAVEL,2,1,1,1,11,50.0
DNA_16D7C5F77E91,PADRAO_DE_STOP_CONFIRMADO,DNA_STOP,AJUSTE_ESTRUTURA_ACELEROU_NEG > AJUSTE_ESTRUTURA_COMPRA_ACELEROU_NEG > AJUSTE_ESTRUTURA_COMPRA_ESTAVEL > AJUSTE_ESTRUTURA_ESTAVEL,2,2,1,2,11,50.0
DNA_5F17EEA638BA,FALHA_DE_DNA_GAIN,DNA_GAIN,AJUSTE_ESTRUTURA_VENDA_ACELEROU_POS > AJUSTE_ESTRUTURA_VENDA_CAIU > CONFIRMACOES_CANDIDATA_ACELEROU_POS > CONFIRMACOES_CANDIDATA_CAIU,2,2,1,1,5,50.0
DNA_C8954CD0A2BE,FALHA_DE_DNA_GAIN,DNA_GAIN,AJUSTE_ESTRUTURA_VENDA_ACELEROU_POS > AJUSTE_ESTRUTURA_VENDA_ESTAVEL > CONFIRMACOES_CANDIDATA_ESTAVEL,2,2,2,1,10,50.0
DNA_A18A72F5F778,FALHA_DE_DNA_GAIN,DNA_GAIN,AJUSTE_ESTRUTURA_COMPRA_ESTAVEL > AJUSTE_ESTRUTURA_SUBIU > AJUSTE_ESTRUTURA_VENDA_ACELEROU_POS > AJUSTE_ESTRUTURA_VENDA_SUBIU,2,1,1,1,10,100.0
DNA_2C7C4EEB27F8,FALHA_DE_DNA_GAIN,DNA_GAIN,AJUSTE_ESTRUTURA_COMPRA_CAIU > AJUSTE_ESTRUTURA_ESTAVEL > AJUSTE_ESTRUTURA_VENDA_ACELEROU_NEG,2,1,1,1,7,50.0
DNA_CB74299F180D,FALHA_DE_DNA_GAIN,DNA_GAIN,AJUSTE_ESTRUTURA_ACELEROU_NEG > AJUSTE_ESTRUTURA_COMPRA_ACELEROU_NEG > AJUSTE_ESTRUTURA_COMPRA_ESTAVEL > AJUSTE_ESTRUTURA_SUBIU,2,1,1,1,16,50.0
DNA_1D4899DEA527,FALHA_DE_DNA_GAIN,DNA_GAIN,AJUSTE_ESTRUTURA_ACELEROU_POS > AJUSTE_ESTRUTURA_SUBIU,2,2,2,1,17,50.0
DNA_A2C25249A193,FALHA_DE_DNA_GAIN,DNA_GAIN,AJUSTE_ESTRUTURA_COMPRA_SUBIU > AJUSTE_ESTRUTURA_SUBIU > AJUSTE_ESTRUTURA_VENDA_ACELEROU_POS > AJUSTE_ESTRUTURA_VENDA_CAIU > CONFIRMACOES_CANDIDATA_ACELEROU_POS > CONFIRMACOES_CANDIDATA_CAIU,2,1,1,1,19,50.0
DNA_AA5EF9069F15,FALHA_DE_DNA_GAIN,DNA_GAIN,AJUSTE_ESTRUTURA_COMPRA_CAIU > AJUSTE_ESTRUTURA_VENDA_ESTAVEL > CONFIRMACOES_CANDIDATA_ESTAVEL,1,1,1,1,10,100.0
DNA_BF68E3CCCD78,FALHA_DE_DNA_GAIN,DNA_GAIN,AJUSTE_ESTRUTURA_VENDA_ACELEROU_POS > AJUSTE_ESTRUTURA_VENDA_CAIU > CONFIRMACOES_CANDIDATA_ACELEROU_NEG,1,1,1,1,22,100.0
DNA_3F23B4C3387B,FALHA_DE_DNA_GAIN,DNA_GAIN,AJUSTE_ESTRUTURA_COMPRA_ACELEROU_NEG > AJUSTE_ESTRUTURA_COMPRA_ESTAVEL > AJUSTE_ESTRUTURA_SUBIU,1,1,1,1,10,100.0
DNA_098752346F64,FALHA_DE_DNA_GAIN,DNA_GAIN,AJUSTE_ESTRUTURA_VENDA_CAIU > CONFIRMACOES_CANDIDATA_CAIU,1,1,1,1,16,100.0
DNA_CC438BE29159,FALHA_DE_DNA_GAIN,DNA_GAIN,AJUSTE_ESTRUTURA_VENDA_CAIU > CONFIRMACOES_CANDIDATA_CAIU,1,1,1,1,16,100.0
DNA_B908787D59CD,PADRAO_DE_STOP_CONFIRMADO,DNA_STOP,AJUSTE_ESTRUTURA_COMPRA_ACELEROU_NEG > AJUSTE_ESTRUTURA_COMPRA_ESTAVEL > AJUSTE_ESTRUTURA_ESTAVEL,1,1,1,1,11,100.0
DNA_52D724F93647,PADRAO_DE_STOP_CONFIRMADO,DNA_STOP,AJUSTE_ESTRUTURA_VENDA_ACELEROU_NEG > AJUSTE_ESTRUTURA_VENDA_ESTAVEL > CONFIRMACOES_CANDIDATA_ACELEROU_NEG > CONFIRMACOES_CANDIDATA_ESTAVEL,1,1,1,1,21,100.0
DNA_1E793D741215,FALHA_DE_DNA_GAIN,DNA_GAIN,AJUSTE_ESTRUTURA_SUBIU > AJUSTE_ESTRUTURA_VENDA_ACELEROU_POS > AJUSTE_ESTRUTURA_VENDA_SUBIU > CONFIRMACOES_CANDIDATA_ACELEROU_NEG > CONFIRMACOES_CANDIDATA_ESTAVEL,1,1,1,1,3,100.0
DNA_0F6BB946407D,FALHA_DE_DNA_GAIN,DNA_GAIN,AJUSTE_ESTRUTURA_CAIU > AJUSTE_ESTRUTURA_VENDA_ACELEROU_POS,1,1,1,1,1,100.0
DNA_200784D63B62,FALHA_DE_DNA_GAIN,DNA_GAIN,AJUSTE_ESTRUTURA_ACELEROU_NEG > AJUSTE_ESTRUTURA_COMPRA_ACELEROU_NEG > AJUSTE_ESTRUTURA_COMPRA_SUBIU,1,1,1,1,12,100.0
DNA_CAB9507E140E,FALHA_DE_DNA_GAIN,DNA_GAIN,AJUSTE_ESTRUTURA_ACELEROU_NEG > AJUSTE_ESTRUTURA_CAIU > AJUSTE_ESTRUTURA_COMPRA_ACELEROU_POS > AJUSTE_ESTRUTURA_COMPRA_CAIU,1,1,1,1,15,100.0
