trade_id;inicio;fim;lado;status_real;resultado_real;snapshots;mfe_final;mae_final;conjunto
20260721164719076405;2026-07-21 16:53:13.637;2026-07-21 16:59:57.358;VENDA;GAIN;1600,0;36;2300,0;-1400,0;TREINO
20260721170554807135;2026-07-21 17:05:43.633;2026-07-21 17:16:04.165;COMPRA;PROTEGIDO;0,0;55;1125,0;-400,0;TREINO
20260721172307899658;2026-07-21 17:22:56.964;2026-07-21 17:53:04.406;VENDA;TIMEOUT;350,0;157;600,0;-1350,0;TREINO
20260721175737259974;2026-07-21 17:57:26.257;2026-07-21 19:00:04.238;VENDA;TIMEOUT;-1800,0;16;100,0;-1800,0;TREINO
20260721190755890381;2026-07-21 19:07:35.933;2026-07-21 19:24:36.129;COMPRA;PROTEGIDO;0,0;81;1300,0;-550,0;TREINO
20260721192639569801;2026-07-21 19:26:27.229;2026-07-21 19:33:28.628;VENDA;PROTEGIDO;0,0;38;1475,0;-300,0;TREINO
20260721194526318467;2026-07-21 19:45:13.725;2026-07-21 20:15:17.121;VENDA;TIMEOUT;-2200,0;152;700,0;-2225,0;TREINO
20260721202003986463;2026-07-21 20:19:53.255;2026-07-21 20:50:07.415;COMPRA;TIMEOUT;-950,0;157;100,0;-2600,0;TREINO
20260721205317976297;2026-07-21 20:53:07.015;2026-07-21 21:00:02.314;VENDA;LOSS;-2900,0;38;125,0;-2975,0;TREINO
20260721210217072599;2026-07-21 21:02:06.115;2026-07-21 21:06:36.656;COMPRA;GAIN;1600,0;25;1850,0;-275,0;TREINO
20260721210936611204;2026-07-21 21:09:25.089;2026-07-21 21:27:02.289;COMPRA;LOSS;-2900,0;95;775,0;-2975,0;TREINO
20260721212737194560;2026-07-21 21:27:26.431;2026-07-21 21:32:30.117;VENDA;GAIN;1600,0;28;1650,0;-1350,0;TREINO
20260721214339265035;2026-07-21 21:43:27.730;2026-07-21 21:46:40.338;VENDA;GAIN;1600,0;18;2250,0;0,0;TREINO
20260721214758967076;2026-07-21 21:47:47.484;2026-07-21 22:02:00.196;VENDA;GAIN;1600,0;75;2375,0;-2725,0;TREINO
20260721220307836625;2026-07-21 22:02:56.862;2026-07-21 22:16:01.225;COMPRA;GAIN;1600,0;70;1750,0;-825,0;TREINO
20260721221623682947;2026-07-21 22:16:12.632;2026-07-21 22:30:02.822;COMPRA;LOSS;-2900,0;72;250,0;-2900,0;TREINO
20260721224259547982;2026-07-21 22:42:47.120;2026-07-21 22:46:25.519;VENDA;LOSS;-2900,0;20;75,0;-3375,0;TREINO
20260721224832206188;2026-07-21 22:48:21.019;2026-07-21 22:52:44.519;COMPRA;GAIN;1600,0;24;1800,0;-450,0;TREINO
20260721230133609759;2026-07-21 23:01:22.416;2026-07-21 23:12:52.715;VENDA;PROTEGIDO;0,0;60;1550,0;-1200,0;TREINO
20260721231315120299;2026-07-21 23:13:04.231;2026-07-21 23:29:01.671;COMPRA;GAIN;1600,0;83;2100,0;-950,0;TREINO
20260721234100245555;2026-07-21 23:40:49.081;2026-07-22 00:07:56.195;COMPRA;LOSS;-2900,0;140;750,0;-2900,0;TREINO
20260722001116088719;2026-07-22 00:11:04.759;2026-07-22 00:23:56.393;VENDA;LOSS;-2900,0;66;450,0;-3325,0;TREINO
20260722002616792448;2026-07-22 00:26:04.755;2026-07-22 00:33:04.806;COMPRA;LOSS;-2900,0;37;925,0;-2950,0;TREINO
20260722003450139740;2026-07-22 00:34:39.008;2026-07-22 00:51:24.221;COMPRA;PROTEGIDO;0,0;86;1425,0;-800,0;TREINO
20260722012354080287;2026-07-22 01:23:37.170;2026-07-22 01:47:04.718;COMPRA;LOSS;-2900,0;120;250,0;-2950,0;TREINO
20260722022049081915;2026-07-22 02:20:37.610;2026-07-22 02:34:25.364;VENDA;PROTEGIDO;0,0;70;1125,0;-1050,0;TREINO
20260722023714477479;2026-07-22 02:37:02.351;2026-07-22 02:50:31.535;VENDA;PROTEGIDO;0,0;68;1550,0;-1650,0;TREINO
20260722025139613851;2026-07-22 02:51:27.347;2026-07-22 03:05:18.644;COMPRA;LOSS;-2900,0;69;275,0;-3775,0;TREINO
20260722031404070452;2026-07-22 03:13:49.543;2026-07-22 03:17:56.644;VENDA;GAIN;1600,0;21;1600,0;-475,0;TREINO
20260722031832834238;2026-07-22 03:18:21.140;2026-07-22 03:20:47.787;VENDA;GAIN;1600,0;13;1600,0;-350,0;TREINO
20260722032414195005;2026-07-22 03:24:02.128;2026-07-22 03:34:22.710;VENDA;LOSS;-2900,0;52;0,0;-3050,0;TREINO
20260722034519137125;2026-07-22 03:45:07.438;2026-07-22 03:47:21.225;VENDA;GAIN;1600,0;12;1850,0;0,0;TREINO
20260722035111600313;2026-07-22 03:50:59.926;2026-07-22 03:52:11.717;COMPRA;GAIN;1600,0;7;1725,0;0,0;TREINO
20260722040105699029;2026-07-22 04:00:54.034;2026-07-22 04:06:35.327;COMPRA;LOSS;-2900,0;29;0,0;-3600,0;TREINO
20260722041910298992;2026-07-22 04:18:58.550;2026-07-22 04:25:39.753;COMPRA;LOSS;-2900,0;34;0,0;-2925,0;TREINO
20260722042627789074;2026-07-22 04:26:16.149;2026-07-22 04:27:16.341;COMPRA;GAIN;1600,0;6;2250,0;0,0;TREINO
20260722043055285466;2026-07-22 04:30:43.543;2026-07-22 04:31:08.042;VENDA;GAIN;1600,0;3;1850,0;-75,0;TREINO
20260722043511274816;2026-07-22 04:34:58.163;2026-07-22 04:38:27.242;VENDA;PROTEGIDO;0,0;18;1150,0;-450,0;TREINO
20260722044028704662;2026-07-22 04:40:15.820;2026-07-22 04:43:41.740;VENDA;PROTEGIDO;0,0;18;1500,0;-525,0;TREINO
20260722044432079762;2026-07-22 04:44:18.941;2026-07-22 04:48:58.989;COMPRA;PROTEGIDO;0,0;24;1225,0;-250,0;TREINO
20260722045024666964;2026-07-22 04:50:12.742;2026-07-22 05:02:12.337;VENDA;LOSS;-2900,0;60;0,0;-3175,0;TREINO
20260722050818822423;2026-07-22 05:08:07.001;2026-07-22 05:10:32.336;COMPRA;PROTEGIDO;0,0;13;1300,0;-250,0;TREINO
20260722051234779209;2026-07-22 05:12:22.635;2026-07-22 05:22:33.633;VENDA;LOSS;-2900,0;51;25,0;-2900,0;VALIDACAO
20260722052941935135;2026-07-22 05:29:30.154;2026-07-22 05:30:43.533;COMPRA;GAIN;1600,0;7;1600,0;0,0;VALIDACAO
20260722054536976485;2026-07-22 05:45:24.530;2026-07-22 05:57:36.527;COMPRA;GAIN;1600,0;58;1600,0;-675,0;VALIDACAO
20260722055917691705;2026-07-22 05:59:05.427;2026-07-22 06:07:42.441;VENDA;LOSS;-2900,0;43;350,0;-3700,0;VALIDACAO
20260722061224731143;2026-07-22 06:12:10.825;2026-07-22 06:30:52.121;VENDA;GAIN;1600,0;91;1775,0;-1125,0;VALIDACAO
20260722063319508540;2026-07-22 06:33:07.748;2026-07-22 06:56:06.283;VENDA;PROTEGIDO;0,0;112;1500,0;-1725,0;VALIDACAO
20260722070316964203;2026-07-22 07:03:05.108;2026-07-22 07:11:54.114;COMPRA;LOSS;-2900,0;44;0,0;-3100,0;VALIDACAO
20260722071600092327;2026-07-22 07:15:46.414;2026-07-22 07:20:31.313;COMPRA;GAIN;1600,0;24;2550,0;-1375,0;VALIDACAO
20260722072451015608;2026-07-22 07:24:39.012;2026-07-22 07:53:11.007;COMPRA;PROTEGIDO;0,0;140;1150,0;-2400,0;VALIDACAO
20260722080508307879;2026-07-22 08:04:56.494;2026-07-22 08:15:13.126;VENDA;GAIN;1600,0;51;1925,0;-900,0;VALIDACAO
20260722081703900700;2026-07-22 08:16:50.704;2026-07-22 08:24:39.002;COMPRA;PROTEGIDO;0,0;39;1375,0;-900,0;VALIDACAO
20260722082618974311;2026-07-22 08:26:07.159;2026-07-22 08:33:16.100;VENDA;PROTEGIDO;0,0;36;1325,0;-75,0;VALIDACAO
20260722083735780929;2026-07-22 08:37:23.899;2026-07-22 08:40:53.557;VENDA;GAIN;1600,0;18;3925,0;-75,0;VALIDACAO
20260722084447370745;2026-07-22 08:44:34.498;2026-07-22 08:47:28.397;COMPRA;GAIN;1600,0;15;2550,0;-725,0;VALIDACAO
20260722085057935092;2026-07-22 08:50:45.198;2026-07-22 08:56:17.297;VENDA;GAIN;1600,0;28;1675,0;-825,0;VALIDACAO
20260722090023731918;2026-07-22 09:00:11.895;2026-07-22 09:04:30.297;COMPRA;LOSS;-2900,0;22;275,0;-3300,0;VALIDACAO
20260722090825184733;2026-07-22 09:08:12.694;2026-07-22 09:14:00.093;COMPRA;GAIN;1600,0;29;1625,0;-100,0;VALIDACAO
20260722091549871173;2026-07-22 09:15:38.093;2026-07-22 09:19:06.799;VENDA;GAIN;1600,0;18;1650,0;0,0;VALIDACAO
20260722092109918593;2026-07-22 09:20:58.001;2026-07-22 09:30:10.314;COMPRA;GAIN;1600,0;37;1725,0;-2850,0;VALIDACAO
