"Arquivo","Tamanho_MB","LastWriteTime","FullName"
"quantower_export_full.csv","112,75","29/07/2026 14:28:05","C:\Nas100_dashboard\quantower_export_full.csv"
"csvs_atualizados_ultimos_7_dias.csv","0","29/07/2026 14:28:05","C:\Nas100_dashboard\csvs_atualizados_ultimos_7_dias.csv"
"13a_features_tempo_real.csv","10,85","29/07/2026 14:28:04","C:\Nas100_dashboard\C7_LAB\live13\13a_features_tempo_real.csv"
"estado_mercado_tempo_real.csv","33,27","29/07/2026 14:28:03","C:\Nas100_dashboard\estado_mercado_tempo_real.csv"
"trade_aberto_c7_dna_fluxo_v5_2.csv","0","29/07/2026 14:28:02","C:\Nas100_dashboard\trade_aberto_c7_dna_fluxo_v5_2.csv"
"13c_status_por_setup.csv","0","29/07/2026 14:28:02","C:\Nas100_dashboard\C7_LAB\relatorios\13c_status_por_setup.csv"
"trade_aberto_quantower_operacional_v3_1_v5_2.csv","0","29/07/2026 14:27:59","C:\Nas100_dashboard\trade_aberto_quantower_operacional_v3_1_v5_2.csv"
"telemetria_posicoes_operacional_v3_1_v5_2.csv","19,87","29/07/2026 14:27:59","C:\Nas100_dashboard\telemetria_posicoes_operacional_v3_1_v5_2.csv"
"sinais_c7_dna_fluxo_v5_2.csv","1,57","29/07/2026 14:27:49","C:\Nas100_dashboard\sinais_c7_dna_fluxo_v5_2.csv"
"estados_c7_dna_fluxo_v5_2.csv","33,19","29/07/2026 14:27:49","C:\Nas100_dashboard\estados_c7_dna_fluxo_v5_2.csv"
"13b_metricas_diarias.csv","0","29/07/2026 14:27:46","C:\Nas100_dashboard\C7_LAB\relatorios\13b_metricas_diarias.csv"
"13b_metricas_por_setup.csv","0","29/07/2026 14:27:46","C:\Nas100_dashboard\C7_LAB\relatorios\13b_metricas_por_setup.csv"
"bloqueios_c7_dna_fluxo_v5_2.csv","9","29/07/2026 14:27:43","C:\Nas100_dashboard\bloqueios_c7_dna_fluxo_v5_2.csv"
"13d_decisoes_promocao.csv","0","29/07/2026 14:27:07","C:\Nas100_dashboard\C7_LAB\relatorios\13d_decisoes_promocao.csv"
"trades_c7_dna_fluxo_v5_2.csv","1,61","29/07/2026 14:26:17","C:\Nas100_dashboard\trades_c7_dna_fluxo_v5_2.csv"
"13a_trades.csv","0,04","29/07/2026 14:23:14","C:\Nas100_dashboard\C7_LAB\live13\13a_trades.csv"
"13a_sinais.csv","0,07","29/07/2026 14:23:08","C:\Nas100_dashboard\C7_LAB\live13\13a_sinais.csv"
"sinais_quantower_operacional_v3_1_v5_2.csv","1,12","29/07/2026 14:18:24","C:\Nas100_dashboard\sinais_quantower_operacional_v3_1_v5_2.csv"
"estados_quantower_operacional_v3_1_v5_2.csv","36,19","29/07/2026 14:18:24","C:\Nas100_dashboard\estados_quantower_operacional_v3_1_v5_2.csv"
"bloqueios_quantower_operacional_v3_1_v5_2.csv","11,82","29/07/2026 14:18:17","C:\Nas100_dashboard\bloqueios_quantower_operacional_v3_1_v5_2.csv"
"trades_quantower_operacional_v3_1_v5_2.csv","1,15","29/07/2026 14:10:24","C:\Nas100_dashboard\trades_quantower_operacional_v3_1_v5_2.csv"
"15_matriz_top100_eventos_por_trade.csv","1,08","29/07/2026 14:01:53","C:\Nas100_dashboard\C7_LAB\relatorios_15_forensic_dna\15_matriz_top100_eventos_por_trade.csv"
"15_base_forense_compacta_por_trade.csv","9,76","29/07/2026 14:01:52","C:\Nas100_dashboard\C7_LAB\relatorios_15_forensic_dna\15_base_forense_compacta_por_trade.csv"
"15_autopsias_exemplo_dna_stop.csv","0,81","29/07/2026 14:01:52","C:\Nas100_dashboard\C7_LAB\relatorios_15_forensic_dna\15_autopsias_exemplo_dna_stop.csv"
"15_autopsias_exemplo_dna_gain.csv","5,74","29/07/2026 14:01:52","C:\Nas100_dashboard\C7_LAB\relatorios_15_forensic_dna\15_autopsias_exemplo_dna_gain.csv"
"15_convergencia_motores_mesma_oportunidade.csv","0,06","29/07/2026 14:01:52","C:\Nas100_dashboard\C7_LAB\relatorios_15_forensic_dna\15_convergencia_motores_mesma_oportunidade.csv"
"15_diagnostico_por_motor.csv","0","29/07/2026 14:01:50","C:\Nas100_dashboard\C7_LAB\relatorios_15_forensic_dna\15_diagnostico_por_motor.csv"
"15_dna_robusto_multimotor_multidia.csv","0,11","29/07/2026 14:01:50","C:\Nas100_dashboard\C7_LAB\relatorios_15_forensic_dna\15_dna_robusto_multimotor_multidia.csv"
"15_dna_stop_candidatos_validados.csv","0,12","29/07/2026 14:01:50","C:\Nas100_dashboard\C7_LAB\relatorios_15_forensic_dna\15_dna_stop_candidatos_validados.csv"
"15_dna_gain_candidatos_validados.csv","0,11","29/07/2026 14:01:50","C:\Nas100_dashboard\C7_LAB\relatorios_15_forensic_dna\15_dna_gain_candidatos_validados.csv"
"15_ranking_geral_dna.csv","3,37","29/07/2026 14:01:50","C:\Nas100_dashboard\C7_LAB\relatorios_15_forensic_dna\15_ranking_geral_dna.csv"
"15_ranking_ordem_eventos_forense.csv","3,07","29/07/2026 14:01:50","C:\Nas100_dashboard\C7_LAB\relatorios_15_forensic_dna\15_ranking_ordem_eventos_forense.csv"
"15_ranking_eventos_forense.csv","0,3","29/07/2026 14:01:50","C:\Nas100_dashboard\C7_LAB\relatorios_15_forensic_dna\15_ranking_eventos_forense.csv"
"14_cobertura_eventos_por_resultado.csv","0","29/07/2026 13:25:13","C:\Nas100_dashboard\C7_LAB\relatorios_14_event_graph\14_cobertura_eventos_por_resultado.csv"
"14_top_dna_stop_validado.csv","0,02","29/07/2026 13:25:13","C:\Nas100_dashboard\C7_LAB\relatorios_14_event_graph\14_top_dna_stop_validado.csv"
"14_top_dna_gain_validado.csv","0,02","29/07/2026 13:25:13","C:\Nas100_dashboard\C7_LAB\relatorios_14_event_graph\14_top_dna_gain_validado.csv"
"14_grafo_transicoes.csv","3,15","29/07/2026 13:25:13","C:\Nas100_dashboard\C7_LAB\relatorios_14_event_graph\14_grafo_transicoes.csv"
"14_ranking_eventos_individuais.csv","0,24","29/07/2026 13:25:01","C:\Nas100_dashboard\C7_LAB\relatorios_14_event_graph\14_ranking_eventos_individuais.csv"
"14_ranking_sequencias_temporais.csv","2,95","29/07/2026 13:24:55","C:\Nas100_dashboard\C7_LAB\relatorios_14_event_graph\14_ranking_sequencias_temporais.csv"
"14_sequencia_por_trade.csv","10,06","29/07/2026 13:24:15","C:\Nas100_dashboard\C7_LAB\relatorios_14_event_graph\14_sequencia_por_trade.csv"
"14_linha_tempo_por_trade.csv","54,13","29/07/2026 13:24:15","C:\Nas100_dashboard\C7_LAB\relatorios_14_event_graph\14_linha_tempo_por_trade.csv"
"14_eventos_unificados.csv","695,54","29/07/2026 13:23:29","C:\Nas100_dashboard\C7_LAB\relatorios_14_event_graph\14_eventos_unificados.csv"
"14_manifesto_fontes.csv","0,01","29/07/2026 13:15:12","C:\Nas100_dashboard\C7_LAB\relatorios_14_event_graph\14_manifesto_fontes.csv"
"13g_resultado_por_estagio_movimento_3000.csv","0","29/07/2026 12:03:48","C:\Nas100_dashboard\C7_LAB\relatorios_13g_atlas_movimentos\13g_resultado_por_estagio_movimento_3000.csv"
"13g_resumo_lado_resultado.csv","0","29/07/2026 12:03:48","C:\Nas100_dashboard\C7_LAB\relatorios_13g_atlas_movimentos\13g_resumo_lado_resultado.csv"
"13g_desempenho_motor_dia.csv","0,01","29/07/2026 12:03:48","C:\Nas100_dashboard\C7_LAB\relatorios_13g_atlas_movimentos\13g_desempenho_motor_dia.csv"
"13g_desempenho_por_motor.csv","0","29/07/2026 12:03:48","C:\Nas100_dashboard\C7_LAB\relatorios_13g_atlas_movimentos\13g_desempenho_por_motor.csv"
"13g_diagnostico_escala_m1_por_dia.csv","0","29/07/2026 12:03:48","C:\Nas100_dashboard\C7_LAB\relatorios_13g_atlas_movimentos\13g_diagnostico_escala_m1_por_dia.csv"
"13g_atlas_entrada_no_movimento.csv","8,16","29/07/2026 12:03:48","C:\Nas100_dashboard\C7_LAB\relatorios_13g_atlas_movimentos\13g_atlas_entrada_no_movimento.csv"
"13g_movimentos_detectados_multiescala.csv","94,79","29/07/2026 12:03:47","C:\Nas100_dashboard\C7_LAB\relatorios_13g_atlas_movimentos\13g_movimentos_detectados_multiescala.csv"
"13g_barras_m1.csv","3,11","29/07/2026 12:03:36","C:\Nas100_dashboard\C7_LAB\relatorios_13g_atlas_movimentos\13g_barras_m1.csv"
"13g_serie_preco_consolidada.csv","13,02","29/07/2026 12:03:35","C:\Nas100_dashboard\C7_LAB\relatorios_13g_atlas_movimentos\13g_serie_preco_consolidada.csv"
"13g_trades_unificados.csv","0,72","29/07/2026 12:03:34","C:\Nas100_dashboard\C7_LAB\relatorios_13g_atlas_movimentos\13g_trades_unificados.csv"
"13g_manifesto_fontes_mercado.csv","0","29/07/2026 12:03:34","C:\Nas100_dashboard\C7_LAB\relatorios_13g_atlas_movimentos\13g_manifesto_fontes_mercado.csv"
"13g_manifesto_trades.csv","0,01","29/07/2026 12:03:34","C:\Nas100_dashboard\C7_LAB\relatorios_13g_atlas_movimentos\13g_manifesto_trades.csv"
"13f_auditoria_features_elegiveis.csv","0,7","29/07/2026 11:19:13","C:\Nas100_dashboard\C7_LAB\relatorios_13f_v2\13f_auditoria_features_elegiveis.csv"
"13f_manifesto_fontes.csv","0","29/07/2026 11:19:12","C:\Nas100_dashboard\C7_LAB\relatorios_13f_v2\13f_manifesto_fontes.csv"
"13f_cobertura_fontes.csv","0","29/07/2026 11:19:12","C:\Nas100_dashboard\C7_LAB\relatorios_13f_v2\13f_cobertura_fontes.csv"
"13f_ranking_geral.csv","0,34","29/07/2026 11:19:12","C:\Nas100_dashboard\C7_LAB\relatorios_13f_v2\13f_ranking_geral.csv"
"13f_ranking_filtros_combinados.csv","0","29/07/2026 11:19:12","C:\Nas100_dashboard\C7_LAB\relatorios_13f_v2\13f_ranking_filtros_combinados.csv"
"13f_ranking_filtros_simples.csv","0,33","29/07/2026 11:19:12","C:\Nas100_dashboard\C7_LAB\relatorios_13f_v2\13f_ranking_filtros_simples.csv"
"13f_diferencas_stops_vs_nao_stops.csv","0,97","29/07/2026 11:19:12","C:\Nas100_dashboard\C7_LAB\relatorios_13f_v2\13f_diferencas_stops_vs_nao_stops.csv"
"13f_dataset_autopsia_por_trade.csv","10,58","29/07/2026 11:19:12","C:\Nas100_dashboard\C7_LAB\relatorios_13f_v2\13f_dataset_autopsia_por_trade.csv"
"13f_manifesto_fontes.csv","0","29/07/2026 10:58:55","C:\Nas100_dashboard\C7_LAB\relatorios_13f\13f_manifesto_fontes.csv"
"13f_cobertura_fontes.csv","0","29/07/2026 10:58:55","C:\Nas100_dashboard\C7_LAB\relatorios_13f\13f_cobertura_fontes.csv"
"13f_ranking_geral.csv","0,45","29/07/2026 10:58:55","C:\Nas100_dashboard\C7_LAB\relatorios_13f\13f_ranking_geral.csv"
"13f_ranking_filtros_combinados.csv","0,16","29/07/2026 10:58:54","C:\Nas100_dashboard\C7_LAB\relatorios_13f\13f_ranking_filtros_combinados.csv"
"13f_ranking_filtros_simples.csv","0,28","29/07/2026 10:58:54","C:\Nas100_dashboard\C7_LAB\relatorios_13f\13f_ranking_filtros_simples.csv"
"13f_diferencas_stops_vs_nao_stops.csv","0,64","29/07/2026 10:58:54","C:\Nas100_dashboard\C7_LAB\relatorios_13f\13f_diferencas_stops_vs_nao_stops.csv"
"13f_dataset_autopsia_por_trade.csv","4,22","29/07/2026 10:58:54","C:\Nas100_dashboard\C7_LAB\relatorios_13f\13f_dataset_autopsia_por_trade.csv"
"inventario_arquivos_hoje.csv","0,01","29/07/2026 10:09:25","C:\Nas100_dashboard\inventario_arquivos_hoje.csv"
"invalidacoes_tese_sombra_v1.csv","0,03","29/07/2026 09:54:12","C:\Nas100_dashboard\invalidacoes_tese_sombra_v1.csv"
"08_descobertas_automaticas.csv","0,62","29/07/2026 09:48:06","C:\Nas100_dashboard\C7_LAB\relatorios_dna\08_descobertas_automaticas.csv"
"07_bloqueios_resumo.csv","2,57","29/07/2026 09:46:24","C:\Nas100_dashboard\C7_LAB\relatorios_dna\07_bloqueios_resumo.csv"
"07_bloqueios_auditoria_completa.csv","12,19","29/07/2026 09:46:24","C:\Nas100_dashboard\C7_LAB\relatorios_dna\07_bloqueios_auditoria_completa.csv"
"06_evolucao_score_resumo.csv","0","29/07/2026 09:46:16","C:\Nas100_dashboard\C7_LAB\relatorios_dna\06_evolucao_score_resumo.csv"
"06_evolucao_score_eventos.csv","40,23","29/07/2026 09:46:16","C:\Nas100_dashboard\C7_LAB\relatorios_dna\06_evolucao_score_eventos.csv"
"05_estrutura_resumo.csv","0","29/07/2026 09:46:02","C:\Nas100_dashboard\C7_LAB\relatorios_dna\05_estrutura_resumo.csv"
"05_estrutura_eventos_enriquecidos.csv","39,22","29/07/2026 09:46:02","C:\Nas100_dashboard\C7_LAB\relatorios_dna\05_estrutura_eventos_enriquecidos.csv"
"04_campanhas_individuais.csv","0,02","29/07/2026 09:45:48","C:\Nas100_dashboard\C7_LAB\relatorios_dna\04_campanhas_individuais.csv"
"03_mapa_temporal_fluxo.csv","0","29/07/2026 09:45:42","C:\Nas100_dashboard\C7_LAB\relatorios_dna\03_mapa_temporal_fluxo.csv"
"03_sequencias_temporais.csv","4,95","29/07/2026 09:45:42","C:\Nas100_dashboard\C7_LAB\relatorios_dna\03_sequencias_temporais.csv"
"03_eventos_elementares_fluxo.csv","1,13","29/07/2026 09:45:40","C:\Nas100_dashboard\C7_LAB\relatorios_dna\03_eventos_elementares_fluxo.csv"
"02_resumo_armadilhas.csv","0","29/07/2026 09:45:34","C:\Nas100_dashboard\C7_LAB\relatorios_dna\02_resumo_armadilhas.csv"
"02_contexto_antes_armadilhas.csv","0,05","29/07/2026 09:45:34","C:\Nas100_dashboard\C7_LAB\relatorios_dna\02_contexto_antes_armadilhas.csv"
"01_formacao_movimento_contexto_60s.csv","36,51","29/07/2026 09:45:28","C:\Nas100_dashboard\C7_LAB\relatorios_dna\01_formacao_movimento_contexto_60s.csv"
"01_eventos_movimentos.csv","5,94","29/07/2026 09:45:21","C:\Nas100_dashboard\C7_LAB\relatorios_dna\01_eventos_movimentos.csv"
"13e_sequencias.csv","0","29/07/2026 09:18:35","C:\Nas100_dashboard\C7_LAB\relatorios\13e_sequencias.csv"
"13e_progresso_promocao.csv","0","29/07/2026 09:18:35","C:\Nas100_dashboard\C7_LAB\relatorios\13e_progresso_promocao.csv"
"13e_veredito.csv","0","29/07/2026 09:18:35","C:\Nas100_dashboard\C7_LAB\relatorios\13e_veredito.csv"
"13e_trades_com_equity.csv","0,03","29/07/2026 09:18:35","C:\Nas100_dashboard\C7_LAB\relatorios\13e_trades_com_equity.csv"
"13e_por_motivo_saida.csv","0","29/07/2026 09:18:35","C:\Nas100_dashboard\C7_LAB\relatorios\13e_por_motivo_saida.csv"
"13e_por_hora.csv","0","29/07/2026 09:18:35","C:\Nas100_dashboard\C7_LAB\relatorios\13e_por_hora.csv"
"13e_por_dia.csv","0","29/07/2026 09:18:35","C:\Nas100_dashboard\C7_LAB\relatorios\13e_por_dia.csv"
"13e_por_setup.csv","0","29/07/2026 09:18:35","C:\Nas100_dashboard\C7_LAB\relatorios\13e_por_setup.csv"
"13e_resumo_global.csv","0","29/07/2026 09:18:35","C:\Nas100_dashboard\C7_LAB\relatorios\13e_resumo_global.csv"
"00_fontes_detectadas.csv","0","28/07/2026 22:28:20","C:\Nas100_dashboard\C7_LAB\dna_discovery\00_fontes_detectadas.csv"
"00_mapa_completo_colunas.csv","0,05","28/07/2026 22:28:20","C:\Nas100_dashboard\C7_LAB\dna_discovery\00_mapa_completo_colunas.csv"
"dna_trades_com_equity.csv","0,35","28/07/2026 22:05:34","C:\Nas100_dashboard\C7_LAB\relatorios_dna\dna_trades_com_equity.csv"
"dna_colunas_detectadas.csv","0","28/07/2026 22:05:34","C:\Nas100_dashboard\C7_LAB\relatorios_dna\dna_colunas_detectadas.csv"
"dna_descobertas.csv","0","28/07/2026 22:05:34","C:\Nas100_dashboard\C7_LAB\relatorios_dna\dna_descobertas.csv"
"dna_invalidacoes_resumo.csv","0","28/07/2026 22:05:34","C:\Nas100_dashboard\C7_LAB\relatorios_dna\dna_invalidacoes_resumo.csv"
"dna_bloqueios_resumo.csv","0,86","28/07/2026 22:05:34","C:\Nas100_dashboard\C7_LAB\relatorios_dna\dna_bloqueios_resumo.csv"
"dna_sinais_resumo.csv","0","28/07/2026 22:05:34","C:\Nas100_dashboard\C7_LAB\relatorios_dna\dna_sinais_resumo.csv"
"dna_por_spread.csv","0","28/07/2026 22:05:34","C:\Nas100_dashboard\C7_LAB\relatorios_dna\dna_por_spread.csv"
"dna_por_motivo_entrada.csv","0","28/07/2026 22:05:34","C:\Nas100_dashboard\C7_LAB\relatorios_dna\dna_por_motivo_entrada.csv"
"dna_por_campanha.csv","0","28/07/2026 22:05:34","C:\Nas100_dashboard\C7_LAB\relatorios_dna\dna_por_campanha.csv"
"dna_por_estrutura.csv","0","28/07/2026 22:05:34","C:\Nas100_dashboard\C7_LAB\relatorios_dna\dna_por_estrutura.csv"
"dna_por_score.csv","0","28/07/2026 22:05:34","C:\Nas100_dashboard\C7_LAB\relatorios_dna\dna_por_score.csv"
"dna_por_resultado.csv","0","28/07/2026 22:05:34","C:\Nas100_dashboard\C7_LAB\relatorios_dna\dna_por_resultado.csv"
"dna_por_lado.csv","0","28/07/2026 22:05:34","C:\Nas100_dashboard\C7_LAB\relatorios_dna\dna_por_lado.csv"
"dna_por_hora.csv","0","28/07/2026 22:05:34","C:\Nas100_dashboard\C7_LAB\relatorios_dna\dna_por_hora.csv"
"dna_por_dia.csv","0","28/07/2026 22:05:34","C:\Nas100_dashboard\C7_LAB\relatorios_dna\dna_por_dia.csv"
"dna_resumo_global.csv","0","28/07/2026 22:05:34","C:\Nas100_dashboard\C7_LAB\relatorios_dna\dna_resumo_global.csv"
"quantower_export_20260728_172111.csv","250,02","28/07/2026 17:21:11","C:\Nas100_dashboard\archive_export\quantower_export_20260728_172111.csv"
"modulo12_setups_no_go.csv","0","27/07/2026 20:48:54","C:\Nas100_dashboard\C7_LAB\relatorios\modulo12_setups_no_go.csv"
"modulo12_setups_go_condicional.csv","0","27/07/2026 20:48:54","C:\Nas100_dashboard\C7_LAB\relatorios\modulo12_setups_go_condicional.csv"
"modulo12_setups_go.csv","0","27/07/2026 20:48:54","C:\Nas100_dashboard\C7_LAB\relatorios\modulo12_setups_go.csv"
"modulo12_decisoes_finais.csv","0","27/07/2026 20:48:54","C:\Nas100_dashboard\C7_LAB\relatorios\modulo12_decisoes_finais.csv"
"modulo11_reprovados.csv","0,03","27/07/2026 20:39:57","C:\Nas100_dashboard\C7_LAB\relatorios\modulo11_reprovados.csv"
"modulo11_aprovados_para_m12.csv","0","27/07/2026 20:39:57","C:\Nas100_dashboard\C7_LAB\relatorios\modulo11_aprovados_para_m12.csv"
"modulo11_resultados_holdout.csv","0,03","27/07/2026 20:39:57","C:\Nas100_dashboard\C7_LAB\relatorios\modulo11_resultados_holdout.csv"
"modulo10_resumo_lados.csv","0","27/07/2026 20:32:39","C:\Nas100_dashboard\C7_LAB\relatorios\modulo10_resumo_lados.csv"
"modulo10_resumo_clusters.csv","0","27/07/2026 20:32:39","C:\Nas100_dashboard\C7_LAB\relatorios\modulo10_resumo_clusters.csv"
"modulo10_ranking_final.csv","0,07","27/07/2026 20:32:39","C:\Nas100_dashboard\C7_LAB\relatorios\modulo10_ranking_final.csv"
"modulo10c_resumo.csv","0,02","27/07/2026 20:32:31","C:\Nas100_dashboard\C7_LAB\relatorios\modulo10c_resumo.csv"
"modulo10b_resumo.csv","0,01","27/07/2026 19:56:40","C:\Nas100_dashboard\C7_LAB\relatorios\modulo10b_resumo.csv"
"modulo10a_resumo.csv","0,01","27/07/2026 19:51:00","C:\Nas100_dashboard\C7_LAB\relatorios\modulo10a_resumo.csv"
"modulo09_resumo_lados.csv","0","27/07/2026 16:23:01","C:\Nas100_dashboard\C7_LAB\relatorios\modulo09_resumo_lados.csv"
"modulo09_resumo_clusters.csv","0","27/07/2026 16:23:01","C:\Nas100_dashboard\C7_LAB\relatorios\modulo09_resumo_clusters.csv"
"modulo09_ranking_setups.csv","0,06","27/07/2026 16:23:01","C:\Nas100_dashboard\C7_LAB\relatorios\modulo09_ranking_setups.csv"
"modulo08_resumo_lados.csv","0","26/07/2026 21:04:57","C:\Nas100_dashboard\C7_LAB\relatorios\modulo08_resumo_lados.csv"
"modulo08_resumo_clusters.csv","0","26/07/2026 21:04:57","C:\Nas100_dashboard\C7_LAB\relatorios\modulo08_resumo_clusters.csv"
"modulo08_ranking_candidatos.csv","0,29","26/07/2026 21:04:57","C:\Nas100_dashboard\C7_LAB\relatorios\modulo08_ranking_candidatos.csv"
"modulo07_resumo_clusters.csv","0","26/07/2026 20:49:44","C:\Nas100_dashboard\C7_LAB\relatorios\modulo07_resumo_clusters.csv"
"modulo07_ranking_por_cluster.csv","0,34","26/07/2026 20:49:44","C:\Nas100_dashboard\C7_LAB\relatorios\modulo07_ranking_por_cluster.csv"
"modulo07_ranking_geral.csv","8,57","26/07/2026 20:49:44","C:\Nas100_dashboard\C7_LAB\relatorios\modulo07_ranking_geral.csv"
"modulo07a_resumo.csv","0","26/07/2026 20:43:34","C:\Nas100_dashboard\C7_LAB\relatorios\modulo07a_resumo.csv"
"modulo06_resumo.csv","0","26/07/2026 19:57:56","C:\Nas100_dashboard\C7_LAB\relatorios\modulo06_resumo.csv"
"modulo06_features_por_cluster.csv","0,01","26/07/2026 19:57:56","C:\Nas100_dashboard\C7_LAB\relatorios\modulo06_features_por_cluster.csv"
"modulo06_perfil_clusters_lado.csv","0","26/07/2026 19:57:56","C:\Nas100_dashboard\C7_LAB\relatorios\modulo06_perfil_clusters_lado.csv"
"modulo06_perfil_clusters.csv","0","26/07/2026 19:57:56","C:\Nas100_dashboard\C7_LAB\relatorios\modulo06_perfil_clusters.csv"
"modulo06_avaliacao_modelos.csv","0,01","26/07/2026 19:57:56","C:\Nas100_dashboard\C7_LAB\relatorios\modulo06_avaliacao_modelos.csv"
"modulo06_avaliacao_k.csv","0","26/07/2026 19:23:55","C:\Nas100_dashboard\C7_LAB\relatorios\modulo06_avaliacao_k.csv"
"modulo05_resumo.csv","0","26/07/2026 19:09:14","C:\Nas100_dashboard\C7_LAB\relatorios\modulo05_resumo.csv"
"modulo05_atributos_criados.csv","0,01","26/07/2026 19:09:14","C:\Nas100_dashboard\C7_LAB\relatorios\modulo05_atributos_criados.csv"
"modulo04_resumo.csv","0","26/07/2026 18:45:26","C:\Nas100_dashboard\C7_LAB\relatorios\modulo04_resumo.csv"
"modulo04_features_rejeitadas.csv","0","26/07/2026 18:45:26","C:\Nas100_dashboard\C7_LAB\relatorios\modulo04_features_rejeitadas.csv"
"modulo04_features_selecionadas.csv","0","26/07/2026 18:45:26","C:\Nas100_dashboard\C7_LAB\relatorios\modulo04_features_selecionadas.csv"
"modulo04_ranking_explosao.csv","0,03","26/07/2026 18:45:26","C:\Nas100_dashboard\C7_LAB\relatorios\modulo04_ranking_explosao.csv"
"modulo04_ranking_multiclasse.csv","0,02","26/07/2026 18:45:26","C:\Nas100_dashboard\C7_LAB\relatorios\modulo04_ranking_multiclasse.csv"
"modulo035_resumo_diario.csv","0,01","26/07/2026 18:13:26","C:\Nas100_dashboard\C7_LAB\relatorios\modulo035_resumo_diario.csv"
"modulo035_resumo.csv","0","26/07/2026 18:13:26","C:\Nas100_dashboard\C7_LAB\relatorios\modulo035_resumo.csv"
"modulo03_resumo_diario.csv","0,01","26/07/2026 16:44:53","C:\Nas100_dashboard\C7_LAB\relatorios\modulo03_resumo_diario.csv"
"modulo03_resumo_eventos.csv","0","26/07/2026 16:44:53","C:\Nas100_dashboard\C7_LAB\relatorios\modulo03_resumo_eventos.csv"
"modulo025_dias_excluidos.csv","0","26/07/2026 16:02:13","C:\Nas100_dashboard\C7_LAB\relatorios\modulo025_dias_excluidos.csv"
"modulo025_resumo_arquivos.csv","0","26/07/2026 16:02:13","C:\Nas100_dashboard\C7_LAB\relatorios\modulo025_resumo_arquivos.csv"
"modulo025_resumo_diario.csv","0","26/07/2026 16:02:13","C:\Nas100_dashboard\C7_LAB\relatorios\modulo025_resumo_diario.csv"
"diagnostico_exports_quantower_amostras.csv","0,01","26/07/2026 15:41:26","C:\Nas100_dashboard\archive_export\diagnostico_exports_quantower_amostras.csv"
"diagnostico_exports_quantower_diario.csv","0","26/07/2026 15:41:26","C:\Nas100_dashboard\archive_export\diagnostico_exports_quantower_diario.csv"
"diagnostico_exports_quantower_resumo.csv","0","26/07/2026 15:41:26","C:\Nas100_dashboard\archive_export\diagnostico_exports_quantower_resumo.csv"
"quantower_export_20260726_151506_snapshot.csv","75,32","26/07/2026 14:30:51","C:\Nas100_dashboard\archive_export\quantower_export_20260726_151506_snapshot.csv"
"modulo02_movimentos.csv","0,19","24/07/2026 19:28:32","C:\Nas100_dashboard\C7_LAB\output\modulo02_movimentos.csv"
"modulo02_amostra_estrutural.csv","1,59","24/07/2026 19:28:32","C:\Nas100_dashboard\C7_LAB\output\modulo02_amostra_estrutural.csv"
"modulo01_inventario_arquivos.csv","0","24/07/2026 19:08:32","C:\Nas100_dashboard\C7_LAB\output\modulo01_inventario_arquivos.csv"
"diagnostico_reprovados_modulo12.csv","0,01","24/07/2026 13:52:30","C:\Nas100_dashboard\C7_LAB\output\diagnostico_reprovados_modulo12.csv"
"diagnostico_reprovados_modulo12.csv","0,01","24/07/2026 13:52:30","C:\Nas100_dashboard\C7_LAB_BASE_V1\output\diagnostico_reprovados_modulo12.csv"
"ranking_final_modulo12.csv","0,01","24/07/2026 13:52:30","C:\Nas100_dashboard\C7_LAB_BASE_V1\output\ranking_final_modulo12.csv"
"ranking_final_modulo12.csv","0,01","24/07/2026 13:52:30","C:\Nas100_dashboard\C7_LAB\output\ranking_final_modulo12.csv"
"candidatos_aprovados_modulo11.csv","0","24/07/2026 13:29:58","C:\Nas100_dashboard\C7_LAB_BASE_V1\output\candidatos_aprovados_modulo11.csv"
"candidatos_aprovados_modulo11.csv","0","24/07/2026 13:29:58","C:\Nas100_dashboard\C7_LAB\output\candidatos_aprovados_modulo11.csv"
"validacao_modulo11.csv","0,01","24/07/2026 13:29:58","C:\Nas100_dashboard\C7_LAB\output\validacao_modulo11.csv"
"validacao_modulo11.csv","0,01","24/07/2026 13:29:58","C:\Nas100_dashboard\C7_LAB_BASE_V1\output\validacao_modulo11.csv"
"candidatos_modulo11.csv","0,01","24/07/2026 13:09:28","C:\Nas100_dashboard\C7_LAB\output\candidatos_modulo11.csv"
"candidatos_modulo11.csv","0,01","24/07/2026 13:09:28","C:\Nas100_dashboard\C7_LAB_BASE_V1\output\candidatos_modulo11.csv"
"melhores_otimizados_modulo10.csv","0","24/07/2026 13:09:28","C:\Nas100_dashboard\C7_LAB\output\melhores_otimizados_modulo10.csv"
"melhores_otimizados_modulo10.csv","0","24/07/2026 13:09:28","C:\Nas100_dashboard\C7_LAB_BASE_V1\output\melhores_otimizados_modulo10.csv"
"top_otimizacao_modulo10.csv","0,34","24/07/2026 13:09:28","C:\Nas100_dashboard\C7_LAB\output\top_otimizacao_modulo10.csv"
"top_otimizacao_modulo10.csv","0,34","24/07/2026 13:09:28","C:\Nas100_dashboard\C7_LAB_BASE_V1\output\top_otimizacao_modulo10.csv"
"candidatos_selecionados_modulo09.csv","0,01","23/07/2026 19:15:39","C:\Nas100_dashboard\C7_LAB\output\candidatos_selecionados_modulo09.csv"
"candidatos_selecionados_modulo09.csv","0,01","23/07/2026 19:15:39","C:\Nas100_dashboard\C7_LAB_BASE_V1\output\candidatos_selecionados_modulo09.csv"
"fronteira_pareto_modulo09.csv","0,02","23/07/2026 19:15:39","C:\Nas100_dashboard\C7_LAB\output\fronteira_pareto_modulo09.csv"
"fronteira_pareto_modulo09.csv","0,02","23/07/2026 19:15:39","C:\Nas100_dashboard\C7_LAB_BASE_V1\output\fronteira_pareto_modulo09.csv"
"comparacao_pareada_modulo09.csv","0,01","23/07/2026 19:15:39","C:\Nas100_dashboard\C7_LAB_BASE_V1\output\comparacao_pareada_modulo09.csv"
"comparacao_pareada_modulo09.csv","0,01","23/07/2026 19:15:39","C:\Nas100_dashboard\C7_LAB\output\comparacao_pareada_modulo09.csv"
"top_comparacao_modulo09.csv","0,02","23/07/2026 19:15:39","C:\Nas100_dashboard\C7_LAB\output\top_comparacao_modulo09.csv"
"top_comparacao_modulo09.csv","0,02","23/07/2026 19:15:39","C:\Nas100_dashboard\C7_LAB_BASE_V1\output\top_comparacao_modulo09.csv"
"relatorio_modulo08_clusters.csv","0","23/07/2026 19:03:48","C:\Nas100_dashboard\C7_LAB_BASE_V1\output\relatorio_modulo08_clusters.csv"
"relatorio_modulo08_clusters.csv","0","23/07/2026 19:03:48","C:\Nas100_dashboard\C7_LAB\output\relatorio_modulo08_clusters.csv"
"relatorio_modulo08_top_padroes.csv","0,01","23/07/2026 19:03:48","C:\Nas100_dashboard\C7_LAB_BASE_V1\output\relatorio_modulo08_top_padroes.csv"
"relatorio_modulo08_top_padroes.csv","0,01","23/07/2026 19:03:48","C:\Nas100_dashboard\C7_LAB\output\relatorio_modulo08_top_padroes.csv"
"relatorio_modulo08_top_candidatos.csv","0,02","23/07/2026 19:03:48","C:\Nas100_dashboard\C7_LAB_BASE_V1\output\relatorio_modulo08_top_candidatos.csv"
"relatorio_modulo08_top_candidatos.csv","0,02","23/07/2026 19:03:48","C:\Nas100_dashboard\C7_LAB\output\relatorio_modulo08_top_candidatos.csv"
"relatorio_modulo08_resumo.csv","0","23/07/2026 19:03:48","C:\Nas100_dashboard\C7_LAB\output\relatorio_modulo08_resumo.csv"
"relatorio_modulo08_resumo.csv","0","23/07/2026 19:03:48","C:\Nas100_dashboard\C7_LAB_BASE_V1\output\relatorio_modulo08_resumo.csv"
"top_clusters_modulo07.csv","0","23/07/2026 18:51:40","C:\Nas100_dashboard\C7_LAB_BASE_V1\output\top_clusters_modulo07.csv"
"top_clusters_modulo07.csv","0","23/07/2026 18:51:40","C:\Nas100_dashboard\C7_LAB\output\top_clusters_modulo07.csv"
"top_cenarios_modulo07.csv","0","23/07/2026 18:51:40","C:\Nas100_dashboard\C7_LAB\output\top_cenarios_modulo07.csv"
"top_cenarios_modulo07.csv","0","23/07/2026 18:51:40","C:\Nas100_dashboard\C7_LAB_BASE_V1\output\top_cenarios_modulo07.csv"
"top_ranking_modulo07.csv","0,02","23/07/2026 18:51:40","C:\Nas100_dashboard\C7_LAB\output\top_ranking_modulo07.csv"
"top_ranking_modulo07.csv","0,02","23/07/2026 18:51:40","C:\Nas100_dashboard\C7_LAB_BASE_V1\output\top_ranking_modulo07.csv"
"avaliacao_clusters_modulo06.csv","0","23/07/2026 18:37:01","C:\Nas100_dashboard\C7_LAB\output\avaliacao_clusters_modulo06.csv"
"avaliacao_clusters_modulo06.csv","0","23/07/2026 18:37:01","C:\Nas100_dashboard\C7_LAB_BASE_V1\output\avaliacao_clusters_modulo06.csv"
"perfis_clusters_modulo06.csv","0,01","23/07/2026 18:37:01","C:\Nas100_dashboard\C7_LAB\output\perfis_clusters_modulo06.csv"
"perfis_clusters_modulo06.csv","0,01","23/07/2026 18:37:01","C:\Nas100_dashboard\C7_LAB_BASE_V1\output\perfis_clusters_modulo06.csv"
"top_padroes_modulo05.csv","0,04","23/07/2026 18:21:49","C:\Nas100_dashboard\C7_LAB\output\top_padroes_modulo05.csv"
"top_padroes_modulo05.csv","0,04","23/07/2026 18:21:49","C:\Nas100_dashboard\C7_LAB_BASE_V1\output\top_padroes_modulo05.csv"
"top_gridsearch_modulo04.csv","0,06","23/07/2026 18:13:42","C:\Nas100_dashboard\C7_LAB_BASE_V1\output\top_gridsearch_modulo04.csv"
"top_gridsearch_modulo04.csv","0,06","23/07/2026 18:13:42","C:\Nas100_dashboard\C7_LAB\output\top_gridsearch_modulo04.csv"
"amostra_simulacoes_modulo03.csv","0,14","23/07/2026 18:02:18","C:\Nas100_dashboard\C7_LAB_BASE_V1\output\amostra_simulacoes_modulo03.csv"
"amostra_simulacoes_modulo03.csv","0,14","23/07/2026 18:02:18","C:\Nas100_dashboard\C7_LAB\output\amostra_simulacoes_modulo03.csv"
"amostra_campanhas.csv","0,59","23/07/2026 17:46:13","C:\Nas100_dashboard\C7_LAB_BASE_V1\output\amostra_campanhas.csv"
"amostra_campanhas.csv","0,59","23/07/2026 17:46:13","C:\Nas100_dashboard\C7_LAB\output\amostra_campanhas.csv"
"amostra_candles_m10.csv","0,14","23/07/2026 17:45:18","C:\Nas100_dashboard\C7_LAB\output\amostra_candles_m10.csv"
"amostra_candles_m10.csv","0,14","23/07/2026 17:45:18","C:\Nas100_dashboard\C7_LAB_BASE_V1\output\amostra_candles_m10.csv"
"amostra_candles_m5.csv","0,14","23/07/2026 17:45:17","C:\Nas100_dashboard\C7_LAB_BASE_V1\output\amostra_candles_m5.csv"
"amostra_candles_m5.csv","0,14","23/07/2026 17:45:17","C:\Nas100_dashboard\C7_LAB\output\amostra_candles_m5.csv"
"amostra_candles_m3.csv","0,14","23/07/2026 17:45:17","C:\Nas100_dashboard\C7_LAB\output\amostra_candles_m3.csv"
"amostra_candles_m3.csv","0,14","23/07/2026 17:45:17","C:\Nas100_dashboard\C7_LAB_BASE_V1\output\amostra_candles_m3.csv"
"amostra_candles_m2.csv","0,14","23/07/2026 17:45:17","C:\Nas100_dashboard\C7_LAB\output\amostra_candles_m2.csv"
"amostra_candles_m2.csv","0,14","23/07/2026 17:45:17","C:\Nas100_dashboard\C7_LAB_BASE_V1\output\amostra_candles_m2.csv"
"amostra_candles_m1.csv","0,14","23/07/2026 17:45:16","C:\Nas100_dashboard\C7_LAB_BASE_V1\output\amostra_candles_m1.csv"
"amostra_candles_m1.csv","0,14","23/07/2026 17:45:16","C:\Nas100_dashboard\C7_LAB\output\amostra_candles_m1.csv"
"amostra_trades.csv","0,22","23/07/2026 17:33:27","C:\Nas100_dashboard\C7_LAB\output\amostra_trades.csv"
"amostra_trades.csv","0,22","23/07/2026 17:33:27","C:\Nas100_dashboard\C7_LAB_BASE_V1\output\amostra_trades.csv"
"amostra_sinais.csv","0,21","23/07/2026 17:33:27","C:\Nas100_dashboard\C7_LAB\output\amostra_sinais.csv"
"amostra_sinais.csv","0,21","23/07/2026 17:33:27","C:\Nas100_dashboard\C7_LAB_BASE_V1\output\amostra_sinais.csv"
"amostra_offset.csv","0,03","23/07/2026 17:33:27","C:\Nas100_dashboard\C7_LAB_BASE_V1\output\amostra_offset.csv"
"amostra_offset.csv","0,03","23/07/2026 17:33:27","C:\Nas100_dashboard\C7_LAB\output\amostra_offset.csv"
"amostra_mt5.csv","0,05","23/07/2026 17:33:27","C:\Nas100_dashboard\C7_LAB_BASE_V1\output\amostra_mt5.csv"
"amostra_mt5.csv","0,05","23/07/2026 17:33:27","C:\Nas100_dashboard\C7_LAB\output\amostra_mt5.csv"
"amostra_estados.csv","0,25","23/07/2026 17:33:27","C:\Nas100_dashboard\C7_LAB_BASE_V1\output\amostra_estados.csv"
"amostra_estados.csv","0,25","23/07/2026 17:33:27","C:\Nas100_dashboard\C7_LAB\output\amostra_estados.csv"
"inventario_arquivos.csv","0","23/07/2026 17:33:26","C:\Nas100_dashboard\C7_LAB_BASE_V1\output\inventario_arquivos.csv"
"inventario_arquivos.csv","0","23/07/2026 17:33:26","C:\Nas100_dashboard\C7_LAB\output\inventario_arquivos.csv"
"log_offset_execucao_mt5.csv","0,19","23/07/2026 17:23:56","C:\Nas100_dashboard\C7_LAB_BASE_V1\input\log_offset_execucao_mt5.csv"
"log_offset_execucao_mt5.csv","0,19","23/07/2026 17:23:56","C:\Nas100_dashboard\C7_LAB\input\log_offset_execucao_mt5.csv"
"sinais_c7_dna_fluxo_v5_2.csv","0,59","23/07/2026 17:18:41","C:\Nas100_dashboard\C7_LAB_BASE_V1\input\sinais_c7_dna_fluxo_v5_2.csv"
"sinais_c7_dna_fluxo_v5_2.csv","0,59","23/07/2026 17:18:41","C:\Nas100_dashboard\C7_LAB\input\sinais_c7_dna_fluxo_v5_2.csv"
"estados_c7_dna_fluxo_v5_2.csv","13,25","23/07/2026 17:18:41","C:\Nas100_dashboard\C7_LAB_BASE_V1\input\estados_c7_dna_fluxo_v5_2.csv"
"estados_c7_dna_fluxo_v5_2.csv","13,25","23/07/2026 17:18:41","C:\Nas100_dashboard\C7_LAB\input\estados_c7_dna_fluxo_v5_2.csv"
"trades_c7_dna_fluxo_v5_2.csv","0,61","23/07/2026 17:13:05","C:\Nas100_dashboard\C7_LAB\input\trades_c7_dna_fluxo_v5_2.csv"
"trades_c7_dna_fluxo_v5_2.csv","0,61","23/07/2026 17:13:05","C:\Nas100_dashboard\C7_LAB_BASE_V1\input\trades_c7_dna_fluxo_v5_2.csv"
"historico_execucao_mt5.csv","0,05","23/07/2026 17:04:59","C:\Nas100_dashboard\C7_LAB\input\historico_execucao_mt5.csv"
"historico_execucao_mt5.csv","0,05","23/07/2026 17:04:59","C:\Nas100_dashboard\C7_LAB_BASE_V1\input\historico_execucao_mt5.csv"
"quantower_export_20260723_155910.csv","250,02","23/07/2026 15:59:10","C:\Nas100_dashboard\archive_export\quantower_export_20260723_155910.csv"
