evento;data_hora_sistema;trade_id;lado;data_qt_entrada;preco_entrada;data_qt_disparo;preco_disparo;tempo_posicao_s;resultado_sombra_mt5;mfe_mt5_no_disparo;mae_mt5_no_disparo;score_lado_atual;score_oposto_atual;delta10_direcional;saldo10_direcional;rompimento_contrario;persistencia_s;status_real_final;resultado_real_final_mt5;impacto_liquido_mt5
DISPARO_SOMBRA;2026-07-22 10:46:36;20260722104523766410;COMPRA;2026-07-22 10:45:12.075;29208,25;2026-07-22 10:46:24.963;29197,5;72,89;-1075,0;425,0;-1075,0;22;98;-72,0;-71,0;0,25;12,125;;;
RESULTADO_FINAL;2026-07-22 10:48:13;20260722104523766410;COMPRA;2026-07-22 10:45:12.075;29208,25;2026-07-22 10:46:24.963000;29197,5;72,89;-1075,0;;;22;98;-72,0;-71,0;0,25;5,0;LOSS;-2900,0;1825,0
DISPARO_SOMBRA;2026-07-22 13:31:27;20260722132619135256;VENDA;2026-07-22 13:26:07.549;29304,75;2026-07-22 13:31:16.846;29323,5;309,3;-1875,0;350,0;-1875,0;14;100;-57,0;-56,0;0,25;11,486;;;
RESULTADO_FINAL;2026-07-22 13:42:39;20260722132619135256;VENDA;2026-07-22 13:26:07.549;29304,75;2026-07-22 13:31:16.846000;29323,5;309,3;-1875,0;;;14;100;-57,0;-56,0;0,25;5,0;GAIN;1600,0;-3475,0
DISPARO_SOMBRA;2026-07-22 15:30:25;20260722152843073857;COMPRA;2026-07-22 15:28:32.147;29243,0;2026-07-22 15:30:14.501;29229,0;102,35;-1400,0;250,0;-1400,0;26;94;-33,0;-33,0;1,5;11,979;;;
RESULTADO_FINAL;2026-07-22 15:30:25;20260722152843073857;COMPRA;2026-07-22 15:28:32.147;29243,0;2026-07-22 15:30:14.501000;29229,0;102,35;-1400,0;;;26;94;-33,0;-33,0;1,5;5,0;LOSS;-1200,0;-200,0
DISPARO_SOMBRA;2026-07-22 16:04:14;20260722160148457250;VENDA;2026-07-22 16:01:37.733;29237,75;2026-07-22 16:04:04.356;29251,75;146,62;-1400,0;125,0;-1400,0;8;100;-23,0;-24,0;1,25;11,34;;;
RESULTADO_FINAL;2026-07-22 16:04:14;20260722160148457250;VENDA;2026-07-22 16:01:37.733;29237,75;2026-07-22 16:04:04.356000;29251,75;146,62;-1400,0;;;8;100;-23,0;-24,0;1,25;5,0;LOSS;-1200,0;-200,0
DISPARO_SOMBRA;2026-07-22 20:16:40;20260722201315507352;COMPRA;2026-07-22 20:13:03.662;29063,0;2026-07-22 20:16:27.662;29059,5;204,0;-350,0;400,0;-350,0;12;97;-13,0;-12,0;0,25;11,599;;;
RESULTADO_FINAL;2026-07-22 20:17:53;20260722201315507352;COMPRA;2026-07-22 20:13:03.662;29063,0;2026-07-22 20:16:27.662000;29059,5;204,0;-350,0;;;12;97;-13,0;-12,0;0,25;5,0;LOSS;-1200,0;850,0
DISPARO_SOMBRA;2026-07-23 01:49:13;20260723014614203578;COMPRA;2026-07-23 01:46:02.541;29154,5;2026-07-23 01:49:00.723;29140,25;178,18;-1425,0;75,0;-1425,0;8;100;-15,0;-16,0;3,0;10,9;;;
RESULTADO_FINAL;2026-07-23 01:49:13;20260723014614203578;COMPRA;2026-07-23 01:46:02.541;29154,5;2026-07-23 01:49:00.723000;29140,25;178,18;-1425,0;;;8;100;-15,0;-16,0;3,0;5,0;LOSS;-1200,0;-225,0
DISPARO_SOMBRA;2026-07-23 02:23:17;20260723022129342336;COMPRA;2026-07-23 02:21:17.855;29124,75;2026-07-23 02:23:05.138;29112,5;107,28;-1225,0;400,0;-1225,0;27;88;-18,0;-19,0;0,5;11,714;;;
RESULTADO_FINAL;2026-07-23 02:23:17;20260723022129342336;COMPRA;2026-07-23 02:21:17.855;29124,75;2026-07-23 02:23:05.138000;29112,5;107,28;-1225,0;;;27;88;-18,0;-19,0;0,5;5,0;LOSS;-1200,0;-25,0
DISPARO_SOMBRA;2026-07-23 03:35:47;20260723032521985582;COMPRA;2026-07-23 03:25:10.398;29095,0;2026-07-23 03:35:36.255;29083,25;625,86;-1175,0;1175,0;-1175,0;8;100;-15,0;-14,0;0,75;12,34;;;
RESULTADO_FINAL;2026-07-23 03:45:16;20260723032521985582;COMPRA;2026-07-23 03:25:10.398;29095,0;2026-07-23 03:35:36.255000;29083,25;625,86;-1175,0;;;8;100;-15,0;-14,0;0,75;5,0;LOSS;-1200,0;25,0
DISPARO_SOMBRA;2026-07-23 05:19:37;20260723051734937945;COMPRA;2026-07-23 05:17:23.200;29058,75;2026-07-23 05:19:25.731;29051,25;122,53;-750,0;125,0;-750,0;8;100;-5,0;-4,0;0,5;15,8;;;
RESULTADO_FINAL;2026-07-23 05:21:03;20260723051734937945;COMPRA;2026-07-23 05:17:23.200;29058,75;2026-07-23 05:19:25.731000;29051,25;122,53;-750,0;;;8;100;-5,0;-4,0;0,5;5,0;LOSS;-1200,0;450,0
DISPARO_SOMBRA;2026-07-23 05:32:33;20260723053029787862;COMPRA;2026-07-23 05:30:17.229;29056,5;2026-07-23 05:32:20.929;29042,75;123,7;-1375,0;450,0;-1375,0;8;100;-24,0;-23,0;4,75;12,3;;;
RESULTADO_FINAL;2026-07-23 05:32:33;20260723053029787862;COMPRA;2026-07-23 05:30:17.229;29056,5;2026-07-23 05:32:20.929000;29042,75;123,7;-1375,0;;;8;100;-24,0;-23,0;4,75;5,0;LOSS;-1200,0;-175,0
DISPARO_SOMBRA;2026-07-23 06:55:35;20260723065230271451;COMPRA;2026-07-23 06:52:18.215;29065,75;2026-07-23 06:55:23.114;29056,75;184,9;-900,0;850,0;-900,0;8;100;-20,0;-23,0;1,25;14,6;;;
RESULTADO_FINAL;2026-07-23 06:58:53;20260723065230271451;COMPRA;2026-07-23 06:52:18.215;29065,75;2026-07-23 06:55:23.114000;29056,75;184,9;-900,0;;;8;100;-20,0;-23,0;1,25;5,0;LOSS;-1200,0;300,0
DISPARO_SOMBRA;2026-07-23 16:36:24;20260723163422472005;COMPRA;2026-07-23 16:34:17.829;28558,25;2026-07-23 16:36:19.217;28540,25;121,39;-1800,0;1050,0;-1800,0;8;100;-47,0;-48,0;2,75;5,501;;;
RESULTADO_FINAL;2026-07-23 16:36:24;20260723163422472005;COMPRA;2026-07-23 16:34:17.829;28558,25;2026-07-23 16:36:19.217000;28540,25;121,39;-1800,0;;;8;100;-47,0;-48,0;2,75;5,0;LOSS;-1200,0;-600,0
DISPARO_SOMBRA;2026-07-23 17:40:24;20260723173434560813;COMPRA;2026-07-23 17:34:20.084;28769,0;2026-07-23 17:40:14.983;28761,75;354,9;-725,0;250,0;-725,0;10;83;-6,0;-7,0;0,25;10,201;;;
RESULTADO_FINAL;2026-07-23 17:40:45;20260723173434560813;COMPRA;2026-07-23 17:34:20.084;28769,0;2026-07-23 17:40:14.983000;28761,75;354,9;-725,0;;;10;83;-6,0;-7,0;0,25;5,0;LOSS;-1200,0;475,0
DISPARO_SOMBRA;2026-07-23 19:19:41;20260723191426423308;COMPRA;2026-07-23 19:14:14.381;28639,0;2026-07-23 19:19:28.880;28625,75;314,5;-1325,0;375,0;-1325,0;5;100;-22,0;-21,0;1,75;9,600999999999999;;;
RESULTADO_FINAL;2026-07-23 19:19:41;20260723191426423308;COMPRA;2026-07-23 19:14:14.381;28639,0;2026-07-23 19:19:28.880000;28625,75;314,5;-1325,0;;;5;100;-22,0;-21,0;1,75;5,0;LOSS;-1200,0;-125,0
DISPARO_SOMBRA;2026-07-23 20:03:50;20260723195851782497;COMPRA;2026-07-23 19:58:39.577;28726,0;2026-07-23 20:03:39.884;28712,0;300,31;-1400,0;700,0;-1400,0;25;84;-1,0;-2,0;2,0;11,012;;;
RESULTADO_FINAL;2026-07-23 20:03:50;20260723195851782497;COMPRA;2026-07-23 19:58:39.577;28726,0;2026-07-23 20:03:39.884000;28712,0;300,31;-1400,0;;;25;84;-1,0;-2,0;2,0;5,0;LOSS;-1200,0;-200,0
DISPARO_SOMBRA;2026-07-23 21:21:06;20260723211946876873;VENDA;2026-07-23 21:19:35.178;28630,5;2026-07-23 21:20:55.344;28637,75;80,17;-725,0;425,0;-725,0;1;80;-4,0;-2,0;1,75;12,066;;;
RESULTADO_FINAL;2026-07-23 21:21:18;20260723211946876873;VENDA;2026-07-23 21:19:35.178;28630,5;2026-07-23 21:20:55.344000;28637,75;80,17;-725,0;;;1;80;-4,0;-2,0;1,75;5,0;LOSS;-1200,0;475,0
DISPARO_SOMBRA;2026-07-23 21:57:04;20260723215413103101;VENDA;2026-07-23 21:54:02.172;28643,25;2026-07-23 21:56:53.350;28659,25;171,18;-1600,0;1125,0;-1600,0;14;100;-12,0;-13,0;1,0;11,5;;;
RESULTADO_FINAL;2026-07-23 21:57:04;20260723215413103101;VENDA;2026-07-23 21:54:02.172;28643,25;2026-07-23 21:56:53.350000;28659,25;171,18;-1600,0;;;14;100;-12,0;-13,0;1,0;5,0;LOSS;-1200,0;-400,0
DISPARO_SOMBRA;2026-07-24 02:28:05;20260724022118268504;COMPRA;2026-07-24 02:21:05.789;28594,5;2026-07-24 02:27:52.403;28587,0;406,61;-750,0;550,0;-775,0;26;83;-2,0;-1,0;1,5;12,221;;;
RESULTADO_FINAL;2026-07-24 02:29:45;20260724022118268504;COMPRA;2026-07-24 02:21:05.789;28594,5;2026-07-24 02:27:52.403000;28587,0;406,61;-750,0;;;26;83;-2,0;-1,0;1,5;5,0;LOSS;-1200,0;450,0
DISPARO_SOMBRA;2026-07-24 03:24:02;20260724032130389927;COMPRA;2026-07-24 03:21:18.087;28561,75;2026-07-24 03:23:50.069;28550,5;151,98;-1125,0;125,0;-1125,0;8;100;-7,0;-6,0;1,25;12,646;;;
RESULTADO_FINAL;2026-07-24 03:24:27;20260724032130389927;COMPRA;2026-07-24 03:21:18.087;28561,75;2026-07-24 03:23:50.069000;28550,5;151,98;-1125,0;;;8;100;-7,0;-6,0;1,25;5,0;LOSS;-1200,0;75,0
DISPARO_SOMBRA;2026-07-24 06:47:29;20260724064302815550;COMPRA;2026-07-24 06:42:48.307;28698,5;2026-07-24 06:47:17.406;28693,75;269,1;-475,0;250,0;-475,0;7;90;-4,0;-3,0;0,25;17,3;;;
RESULTADO_FINAL;2026-07-24 06:50:02;20260724064302815550;COMPRA;2026-07-24 06:42:48.307;28698,5;2026-07-24 06:47:17.406000;28693,75;269,1;-475,0;;;7;90;-4,0;-3,0;0,25;5,0;LOSS;-1200,0;725,0
DISPARO_SOMBRA;2026-07-24 08:28:59;20260724082744665597;COMPRA;2026-07-24 08:27:32.453;28647,5;2026-07-24 08:28:47.053;28639,0;74,6;-850,0;0,0;-850,0;22;87;-4,0;-5,0;0,75;12,0;;;
RESULTADO_FINAL;2026-07-24 08:31:53;20260724082744665597;COMPRA;2026-07-24 08:27:32.453;28647,5;2026-07-24 08:28:47.053000;28639,0;74,6;-850,0;;;22;87;-4,0;-5,0;0,75;5,0;LOSS;-1200,0;350,0
DISPARO_SOMBRA;2026-07-24 08:51:45;20260724084659325884;VENDA;2026-07-24 08:46:47.250;28614,25;2026-07-24 08:51:32.849;28622,75;285,6;-850,0;1000,0;-850,0;8;95;-19,0;-18,0;1,0;14,101;;;
RESULTADO_FINAL;2026-07-24 08:52:47;20260724084659325884;VENDA;2026-07-24 08:46:47.250;28614,25;2026-07-24 08:51:32.849000;28622,75;285,6;-850,0;;;8;95;-19,0;-18,0;1,0;5,0;LOSS;-1200,0;350,0
DISPARO_SOMBRA;2026-07-24 09:20:02;20260724091437481278;COMPRA;2026-07-24 09:14:25.545;28687,25;2026-07-24 09:19:48.943;28678,5;323,4;-875,0;675,0;-875,0;7;98;-8,0;-9,0;0,5;11,248;;;
RESULTADO_FINAL;2026-07-24 09:20:39;20260724091437481278;COMPRA;2026-07-24 09:14:25.545;28687,25;2026-07-24 09:19:48.943000;28678,5;323,4;-875,0;;;7;98;-8,0;-9,0;0,5;5,0;LOSS;-1200,0;325,0
DISPARO_SOMBRA;2026-07-24 12:50:23;20260724124755839256;VENDA;2026-07-24 12:47:44.004;28504,25;2026-07-24 12:50:11.920;28519,0;147,92;-1475,0;725,0;-1475,0;8;100;-77,0;-78,0;1,0;12,562;;;
RESULTADO_FINAL;2026-07-24 12:50:23;20260724124755839256;VENDA;2026-07-24 12:47:44.004;28504,25;2026-07-24 12:50:11.920000;28519,0;147,92;-1475,0;;;8;100;-77,0;-78,0;1,0;5,0;LOSS;-1200,0;-275,0
DISPARO_SOMBRA;2026-07-24 17:39:12;20260724173533699708;COMPRA;2026-07-24 17:35:22.380;28300,0;2026-07-24 17:38:59.697;28290,75;217,32;-925,0;200,0;-925,0;28;83;-7,0;-8,0;0,25;12,9;;;
RESULTADO_FINAL;2026-07-24 17:40:55;20260724173533699708;COMPRA;2026-07-24 17:35:22.380;28300,0;2026-07-24 17:38:59.697000;28290,75;217,32;-925,0;;;28;83;-7,0;-8,0;0,25;5,0;LOSS;-1200,0;275,0
DISPARO_SOMBRA;2026-07-24 17:50:42;20260724174435163198;COMPRA;2026-07-24 17:44:24.005;28301,0;2026-07-24 17:50:27.645;28292,0;363,64;-900,0;900,0;-900,0;8;100;-5,0;-6,0;1,0;10,1;;;
RESULTADO_FINAL;2026-07-26 19:00:09;20260724174435163198;COMPRA;2026-07-24 17:44:24.005;28301,0;2026-07-24 17:50:27.645000;28292,0;363,64;-900,0;;;8;100;-5,0;-6,0;1,0;5,0;GAIN;2000,0;-2900,0
DISPARO_SOMBRA;2026-07-26 19:14:55;20260726190932515049;VENDA;2026-07-26 19:09:27.072;28595,0;2026-07-26 19:14:49.677;28608,0;322,61;-1300,0;1125,0;-1300,0;0;100;-18,0;-19,0;5,0;6,907;;;
RESULTADO_FINAL;2026-07-26 19:14:55;20260726190932515049;VENDA;2026-07-26 19:09:27.072;28595,0;2026-07-26 19:14:49.677000;28608,0;322,61;-1300,0;;;0;100;-18,0;-19,0;5,0;5,0;LOSS;-1200,0;-100,0
DISPARO_SOMBRA;2026-07-26 19:35:24;20260726192506488616;VENDA;2026-07-26 19:25:00.999;28624,5;2026-07-26 19:35:19.014;28636,25;618,01;-1175,0;1175,0;-1175,0;12;85;-12,0;-11,0;0,75;5,753;;;
RESULTADO_FINAL;2026-07-26 19:35:36;20260726192506488616;VENDA;2026-07-26 19:25:00.999;28624,5;2026-07-26 19:35:19.014000;28636,25;618,01;-1175,0;;;12;85;-12,0;-11,0;0,75;5,0;LOSS;-1200,0;25,0
DISPARO_SOMBRA;2026-07-26 20:25:36;20260726201940204669;VENDA;2026-07-26 20:19:34.582;28617,25;2026-07-26 20:25:30.667;28627,0;356,08;-975,0;600,0;-975,0;1;94;-9,0;-10,0;5,0;6,002;;;
RESULTADO_FINAL;2026-07-26 20:34:19;20260726201940204669;VENDA;2026-07-26 20:19:34.582;28617,25;2026-07-26 20:25:30.667000;28627,0;356,08;-975,0;;;1;94;-9,0;-10,0;5,0;5,0;LOSS;-1200,0;225,0
DISPARO_SOMBRA;2026-07-26 21:07:33;20260726210528302963;COMPRA;2026-07-26 21:05:22.775;28644,25;2026-07-26 21:07:28.250;28631,75;125,47;-1250,0;825,0;-1250,0;4;99;-19,0;-14,0;0,5;5,975;;;
RESULTADO_FINAL;2026-07-26 21:07:33;20260726210528302963;COMPRA;2026-07-26 21:05:22.775;28644,25;2026-07-26 21:07:28.250000;28631,75;125,47;-1250,0;;;4;99;-19,0;-14,0;0,5;5,0;LOSS;-1200,0;-50,0
DISPARO_SOMBRA;2026-07-26 21:11:39;20260726211045265039;VENDA;2026-07-26 21:10:39.483;28624,0;2026-07-26 21:11:33.597;28637,25;54,11;-1325,0;250,0;-1325,0;0;100;-54,0;-40,0;1,75;6,202;;;
RESULTADO_FINAL;2026-07-26 21:11:39;20260726211045265039;VENDA;2026-07-26 21:10:39.483;28624,0;2026-07-26 21:11:33.597000;28637,25;54,11;-1325,0;;;0;100;-54,0;-40,0;1,75;5,0;LOSS;-1200,0;-125,0
DISPARO_SOMBRA;2026-07-26 22:08:46;20260726220757575724;COMPRA;2026-07-26 22:07:51.711;28623,75;2026-07-26 22:08:41.111;28600,5;49,4;-2325,0;225,0;-2325,0;5;100;-8,0;-9,0;6,75;8,086;;;
RESULTADO_FINAL;2026-07-26 22:08:46;20260726220757575724;COMPRA;2026-07-26 22:07:51.711;28623,75;2026-07-26 22:08:41.111000;28600,5;49,4;-2325,0;;;5;100;-8,0;-9,0;6,75;5,0;LOSS;-1200,0;-1125,0
DISPARO_SOMBRA;2026-07-26 23:22:51;20260726232106897919;VENDA;2026-07-26 23:21:00.697;28612,5;2026-07-26 23:22:45.077;28627,5;104,38;-1500,0;525,0;-1500,0;14;100;-26,0;-26,0;2,5;6,9;;;
RESULTADO_FINAL;2026-07-26 23:22:51;20260726232106897919;VENDA;2026-07-26 23:21:00.697;28612,5;2026-07-26 23:22:45.077000;28627,5;104,38;-1500,0;;;14;100;-26,0;-26,0;2,5;5,0;LOSS;-1200,0;-300,0
DISPARO_SOMBRA;2026-07-26 23:54:15;20260726235043195301;VENDA;2026-07-26 23:50:36.545;28615,0;2026-07-26 23:54:08.144;28626,25;211,6;-1125,0;125,0;-1125,0;28;89;-14,0;-15,0;0,5;5,98;;;
RESULTADO_FINAL;2026-07-27 00:00:30;20260726235043195301;VENDA;2026-07-26 23:50:36.545;28615,0;2026-07-26 23:54:08.144000;28626,25;211,6;-1125,0;;;28;89;-14,0;-15,0;0,5;5,0;LOSS;-1200,0;75,0
DISPARO_SOMBRA;2026-07-27 00:24:52;20260727001457075124;COMPRA;2026-07-27 00:14:50.847;28640,75;2026-07-27 00:24:46.109;28625,75;595,26;-1500,0;950,0;-1500,0;14;87;-14,0;-15,0;1,0;6,9;;;
RESULTADO_FINAL;2026-07-27 00:24:52;20260727001457075124;COMPRA;2026-07-27 00:14:50.847;28640,75;2026-07-27 00:24:46.109000;28625,75;595,26;-1500,0;;;14;87;-14,0;-15,0;1,0;5,0;LOSS;-1200,0;-300,0
DISPARO_SOMBRA;2026-07-27 01:24:15;20260727011858064425;COMPRA;2026-07-27 01:18:51.330;28638,5;2026-07-27 01:24:09.442;28632,75;318,11;-575,0;700,0;-575,0;12;100;-11,0;-12,0;2,0;7,013;;;
RESULTADO_FINAL;2026-07-27 01:24:41;20260727011858064425;COMPRA;2026-07-27 01:18:51.330;28638,5;2026-07-27 01:24:09.442000;28632,75;318,11;-575,0;;;12;100;-11,0;-12,0;2,0;5,0;LOSS;-1200,0;625,0
DISPARO_SOMBRA;2026-07-27 02:00:25;20260727014926598230;COMPRA;2026-07-27 01:49:19.524;28648,75;2026-07-27 02:00:19.422;28639,75;659,9;-900,0;1275,0;-900,0;14;100;-20,0;-21,0;0,25;7,099;;;
RESULTADO_FINAL;2026-07-27 02:11:20;20260727014926598230;COMPRA;2026-07-27 01:49:19.524;28648,75;2026-07-27 02:00:19.422000;28639,75;659,9;-900,0;;;14;100;-20,0;-21,0;0,25;5,0;GAIN;2000,0;-2900,0
DISPARO_SOMBRA;2026-07-27 04:56:06;20260727045526846207;COMPRA;2026-07-27 04:55:20.291;28684,25;2026-07-27 04:56:00.491;28678,0;40,2;-625,0;0,0;-625,0;25;74;-8,0;-9,0;2,5;7,7;;;
RESULTADO_FINAL;2026-07-27 04:58:45;20260727045526846207;COMPRA;2026-07-27 04:55:20.291;28684,25;2026-07-27 04:56:00.491000;28678,0;40,2;-625,0;;;25;74;-8,0;-9,0;2,5;5,0;LOSS;-1200,0;575,0
DISPARO_SOMBRA;2026-07-27 05:38:54;20260727053122869119;VENDA;2026-07-27 05:31:16.142;28715,0;2026-07-27 05:38:44.831;28719,75;448,69;-475,0;1125,0;-500,0;8;82;-2,0;-3,0;0,25;6,301;;;
RESULTADO_FINAL;2026-07-27 05:42:19;20260727053122869119;VENDA;2026-07-27 05:31:16.142;28715,0;2026-07-27 05:38:44.831000;28719,75;448,69;-475,0;;;8;82;-2,0;-3,0;0,25;5,0;LOSS;-1200,0;725,0
DISPARO_SOMBRA;2026-07-27 06:50:16;20260727064822980810;COMPRA;2026-07-27 06:48:16.572;28761,5;2026-07-27 06:50:08.769;28756,75;112,2;-475,0;0,0;-975,0;8;99;-2,0;-1,0;0,25;5,898;;;
RESULTADO_FINAL;2026-07-27 06:58:02;20260727064822980810;COMPRA;2026-07-27 06:48:16.572;28761,5;2026-07-27 06:50:08.769000;28756,75;112,2;-475,0;;;8;99;-2,0;-1,0;0,25;5,0;LOSS;-1200,0;725,0
DISPARO_SOMBRA;2026-07-27 07:22:57;20260727072010826758;COMPRA;2026-07-27 07:20:04.568;28742,5;2026-07-27 07:22:50.082;28739,0;165,51;-350,0;200,0;-400,0;18;75;-4,0;-5,0;0,25;6,514;;;
RESULTADO_FINAL;2026-07-27 07:50:14;20260727072010826758;COMPRA;2026-07-27 07:20:04.568;28742,5;2026-07-27 07:22:50.082000;28739,0;165,51;-350,0;;;18;75;-4,0;-5,0;0,25;5,0;TIMEOUT;500,0;-850,0
DISPARO_SOMBRA;2026-07-27 08:36:25;20260727083307945617;VENDA;2026-07-27 08:33:01.553;28660,5;2026-07-27 08:36:19.352;28673,0;197,8;-1250,0;150,0;-1250,0;14;100;-24,0;-25,0;0,75;6,8;;;
RESULTADO_FINAL;2026-07-27 08:36:25;20260727083307945617;VENDA;2026-07-27 08:33:01.553;28660,5;2026-07-27 08:36:19.352000;28673,0;197,8;-1250,0;;;14;100;-24,0;-25,0;0,75;5,0;LOSS;-1200,0;-50,0
DISPARO_SOMBRA;2026-07-27 09:05:10;20260727090436449234;COMPRA;2026-07-27 09:04:30.047;28697,0;2026-07-27 09:05:03.802;28688,0;33,76;-900,0;25,0;-900,0;22;87;-6,0;-5,0;1,75;6,555;;;
RESULTADO_FINAL;2026-07-27 09:05:31;20260727090436449234;COMPRA;2026-07-27 09:04:30.047;28697,0;2026-07-27 09:05:03.802000;28688,0;33,76;-900,0;;;22;87;-6,0;-5,0;1,75;5,0;LOSS;-1200,0;300,0
DISPARO_SOMBRA;2026-07-27 10:01:13;20260727095950435261;COMPRA;2026-07-27 09:59:43.136;28688,25;2026-07-27 10:01:06.744;28679,5;83,61;-875,0;1000,0;-875,0;14;97;-17,0;-16,0;0,25;6,796;;;
RESULTADO_FINAL;2026-07-27 10:01:27;20260727095950435261;COMPRA;2026-07-27 09:59:43.136;28688,25;2026-07-27 10:01:06.744000;28679,5;83,61;-875,0;;;14;97;-17,0;-16,0;0,25;5,0;LOSS;-1200,0;325,0
DISPARO_SOMBRA;2026-07-27 12:23:12;20260727122219391773;COMPRA;2026-07-27 12:22:13.312;28135,25;2026-07-27 12:23:05.910;28105,25;52,6;-3000,0;700,0;-3000,0;26;94;-111,0;-112,0;0,25;6,601;;;
RESULTADO_FINAL;2026-07-27 12:23:12;20260727122219391773;COMPRA;2026-07-27 12:22:13.312;28135,25;2026-07-27 12:23:05.910000;28105,25;52,6;-3000,0;;;26;94;-111,0;-112,0;0,25;5,0;LOSS;-1200,0;-1800,0
DISPARO_SOMBRA;2026-07-27 12:52:49;20260727125130575598;COMPRA;2026-07-27 12:51:24.317;28026,0;2026-07-27 12:52:43.403;28016,5;79,09;-950,0;1000,0;-950,0;28;95;-67,0;-66,0;1,5;6,477;;;
RESULTADO_FINAL;2026-07-27 12:52:56;20260727125130575598;COMPRA;2026-07-27 12:51:24.317;28026,0;2026-07-27 12:52:43.403000;28016,5;79,09;-950,0;;;28;95;-67,0;-66,0;1,5;5,0;LOSS;-1200,0;250,0
DISPARO_SOMBRA;2026-07-27 13:22:53;20260727132208000787;VENDA;2026-07-27 13:22:01.699;28055,75;2026-07-27 13:22:47.300;28070,0;45,6;-1425,0;500,0;-1425,0;22;94;-49,0;-50,0;2,5;6,101;;;
RESULTADO_FINAL;2026-07-27 13:22:53;20260727132208000787;VENDA;2026-07-27 13:22:01.699;28055,75;2026-07-27 13:22:47.300000;28070,0;45,6;-1425,0;;;22;94;-49,0;-50,0;2,5;5,0;LOSS;-1200,0;-225,0
DISPARO_SOMBRA;2026-07-27 13:59:22;20260727135810388798;COMPRA;2026-07-27 13:58:04.391;28044,75;2026-07-27 13:59:16.142;28033,25;71,75;-1150,0;475,0;-1150,0;22;98;-35,0;-34,0;5,0;6,75;;;
RESULTADO_FINAL;2026-07-27 14:01:33;20260727135810388798;COMPRA;2026-07-27 13:58:04.391;28044,75;2026-07-27 13:59:16.142000;28033,25;71,75;-1150,0;;;22;98;-35,0;-34,0;5,0;5,0;LOSS;-1200,0;50,0
DISPARO_SOMBRA;2026-07-27 15:03:53;20260727150207410498;VENDA;2026-07-27 15:02:01.251;28099,25;2026-07-27 15:03:47.678;28107,0;106,43;-775,0;650,0;-775,0;22;98;-26,0;-26,0;1,0;6,687;;;
RESULTADO_FINAL;2026-07-27 15:04:07;20260727150207410498;VENDA;2026-07-27 15:02:01.251;28099,25;2026-07-27 15:03:47.678000;28107,0;106,43;-775,0;;;22;98;-26,0;-26,0;1,0;5,0;LOSS;-1200,0;425,0
DISPARO_SOMBRA;2026-07-27 15:43:57;20260727154238588638;VENDA;2026-07-27 15:42:32.371;28061,0;2026-07-27 15:43:51.471;28074,5;79,1;-1350,0;1275,0;-1350,0;8;100;-72,0;-73,0;2,0;6,628;;;
RESULTADO_FINAL;2026-07-27 15:43:57;20260727154238588638;VENDA;2026-07-27 15:42:32.371;28061,0;2026-07-27 15:43:51.471000;28074,5;79,1;-1350,0;;;8;100;-72,0;-73,0;2,0;5,0;LOSS;-1200,0;-150,0
DISPARO_SOMBRA;2026-07-27 15:49:43;20260727154410783364;COMPRA;2026-07-27 15:44:04.595;28084,75;2026-07-27 15:49:37.082;28075,5;332,49;-925,0;1225,0;-1000,0;14;100;-5,0;-6,0;0,25;6,413;;;
RESULTADO_FINAL;2026-07-27 15:52:00;20260727154410783364;COMPRA;2026-07-27 15:44:04.595;28084,75;2026-07-27 15:49:37.082000;28075,5;332,49;-925,0;;;14;100;-5,0;-6,0;0,25;5,0;GAIN;2000,0;-2925,0
DISPARO_SOMBRA;2026-07-27 16:34:00;20260727163314896354;VENDA;2026-07-27 16:33:08.662;28235,5;2026-07-27 16:33:54.561;28248,25;45,9;-1275,0;75,0;-1275,0;14;100;-7,0;-6,0;0,25;6,593;;;
RESULTADO_FINAL;2026-07-27 16:34:00;20260727163314896354;VENDA;2026-07-27 16:33:08.662;28235,5;2026-07-27 16:33:54.561000;28248,25;45,9;-1275,0;;;14;100;-7,0;-6,0;0,25;5,0;LOSS;-1200,0;-75,0
DISPARO_SOMBRA;2026-07-27 17:23:01;20260727171340068282;COMPRA;2026-07-27 17:13:34.050;28180,5;2026-07-27 17:22:54.050;28174,5;560,0;-600,0;1300,0;-600,0;8;82;-1,0;-2,0;2,75;5,801;;;
RESULTADO_FINAL;2026-07-27 17:32:53;20260727171340068282;COMPRA;2026-07-27 17:13:34.050;28180,5;2026-07-27 17:22:54.050000;28174,5;560,0;-600,0;;;8;82;-1,0;-2,0;2,75;5,0;GAIN;2000,0;-2600,0
DISPARO_SOMBRA;2026-07-27 19:24:50;20260727191408471275;COMPRA;2026-07-27 19:14:01.325;28160,75;2026-07-27 19:24:43.723;28146,5;642,4;-1425,0;475,0;-1425,0;0;100;-85,0;-84,0;0,75;6,399;;;
RESULTADO_FINAL;2026-07-27 19:24:50;20260727191408471275;COMPRA;2026-07-27 19:14:01.325;28160,75;2026-07-27 19:24:43.723000;28146,5;642,4;-1425,0;;;0;100;-85,0;-84,0;0,75;5,0;LOSS;-1200,0;-225,0
DISPARO_SOMBRA;2026-07-27 20:01:12;20260727194757189859;COMPRA;2026-07-27 19:47:49.918;28137,5;2026-07-27 20:01:06.027;28123,0;796,11;-1450,0;975,0;-1450,0;7;100;-21,0;-22,0;3,25;6,111;;;
RESULTADO_FINAL;2026-07-27 20:01:12;20260727194757189859;COMPRA;2026-07-27 19:47:49.918;28137,5;2026-07-27 20:01:06.027000;28123,0;796,11;-1450,0;;;7;100;-21,0;-22,0;3,25;5,0;LOSS;-1200,0;-250,0
DISPARO_SOMBRA;2026-07-27 20:05:49;20260727200138140615;VENDA;2026-07-27 20:01:32.020;28116,0;2026-07-27 20:05:43.915;28132,5;251,9;-1650,0;950,0;-1650,0;7;100;-46,0;-45,0;2,0;6,2;;;
RESULTADO_FINAL;2026-07-27 20:05:49;20260727200138140615;VENDA;2026-07-27 20:01:32.020;28116,0;2026-07-27 20:05:43.915000;28132,5;251,9;-1650,0;;;7;100;-46,0;-45,0;2,0;5,0;LOSS;-1200,0;-450,0
DISPARO_SOMBRA;2026-07-27 20:07:24;20260727200646910177;COMPRA;2026-07-27 20:06:40.815;28147,0;2026-07-27 20:07:18.415;28139,75;37,6;-725,0;325,0;-725,0;21;74;-15,0;-16,0;0,25;6,399;;;
RESULTADO_FINAL;2026-07-27 20:08:27;20260727200646910177;COMPRA;2026-07-27 20:06:40.815;28147,0;2026-07-27 20:07:18.415000;28139,75;37,6;-725,0;;;21;74;-15,0;-16,0;0,25;5,0;LOSS;-1200,0;475,0
DISPARO_SOMBRA;2026-07-27 20:37:56;20260727203602956904;VENDA;2026-07-27 20:35:56.920;28141,75;2026-07-27 20:37:48.120;28151,0;111,2;-925,0;0,0;-1175,0;26;73;-4,0;-5,0;0,5;7,602;;;
RESULTADO_FINAL;2026-07-27 20:49:31;20260727203602956904;VENDA;2026-07-27 20:35:56.920;28141,75;2026-07-27 20:37:48.120000;28151,0;111,2;-925,0;;;26;73;-4,0;-5,0;0,5;5,0;GAIN;2000,0;-2925,0
DISPARO_SOMBRA;2026-07-27 21:30:45;20260727212954408337;COMPRA;2026-07-27 21:29:48.003;28101,5;2026-07-27 21:30:38.715;28085,25;50,71;-1625,0;750,0;-1625,0;0;100;-53,0;-33,0;5,25;5,812;;;
RESULTADO_FINAL;2026-07-27 21:30:45;20260727212954408337;COMPRA;2026-07-27 21:29:48.003;28101,5;2026-07-27 21:30:38.715000;28085,25;50,71;-1625,0;;;0;100;-53,0;-33,0;5,25;5,0;LOSS;-1200,0;-425,0
DISPARO_SOMBRA;2026-07-28 10:06:16;20260728100231909644;VENDA;2026-07-28 10:02:25.972;27982,5;2026-07-28 10:06:10.872;27995,0;224,9;-1250,0;750,0;-1250,0;14;100;-2,0;-14,0;2,75;6,6;;;
RESULTADO_FINAL;2026-07-28 10:06:16;20260728100231909644;VENDA;2026-07-28 10:02:25.972;27982,5;2026-07-28 10:06:10.872000;27995,0;224,9;-1250,0;;;14;100;-2,0;-14,0;2,75;5,0;LOSS;-1200,0;-50,0
DISPARO_SOMBRA;2026-07-28 10:22:46;20260728102202343838;COMPRA;2026-07-28 10:21:56.168;28016,25;2026-07-28 10:22:40.868;28004,75;44,7;-1150,0;100,0;-1150,0;14;100;-70,0;-132,0;0,25;7,0;;;
RESULTADO_FINAL;2026-07-28 10:22:52;20260728102202343838;COMPRA;2026-07-28 10:21:56.168;28016,25;2026-07-28 10:22:40.868000;28004,75;44,7;-1150,0;;;14;100;-70,0;-132,0;0,25;5,0;LOSS;-1200,0;50,0
DISPARO_SOMBRA;2026-07-28 13:15:12;20260728131409427814;VENDA;2026-07-28 13:14:03.634;27999,0;2026-07-28 13:15:06.638;28015,25;63,0;-1625,0;0,0;-1625,0;8;100;-51,0;-114,0;1,75;6,305;;;
RESULTADO_FINAL;2026-07-28 13:15:12;20260728131409427814;VENDA;2026-07-28 13:14:03.634;27999,0;2026-07-28 13:15:06.638000;28015,25;63,0;-1625,0;;;8;100;-51,0;-114,0;1,75;5,0;LOSS;-1200,0;-425,0
DISPARO_SOMBRA;2026-07-28 15:34:42;20260728153410277333;COMPRA;2026-07-28 15:34:04.499;27961,5;2026-07-28 15:34:36.204;27947,75;31,7;-1375,0;0,0;-1375,0;8;100;-43,0;-87,0;0,75;6,453;;;
RESULTADO_FINAL;2026-07-28 15:34:42;20260728153410277333;COMPRA;2026-07-28 15:34:04.499;27961,5;2026-07-28 15:34:36.204000;27947,75;31,7;-1375,0;;;8;100;-43,0;-87,0;0,75;5,0;LOSS;-1200,0;-175,0
DISPARO_SOMBRA;2026-07-28 15:45:55;20260728153915022143;VENDA;2026-07-28 15:39:09.108;27933,75;2026-07-28 15:45:49.202;27945,0;400,09;-1125,0;1100,0;-1125,0;14;97;-27,0;-66,0;1,0;6,182;;;
RESULTADO_FINAL;2026-07-28 15:46:01;20260728153915022143;VENDA;2026-07-28 15:39:09.108;27933,75;2026-07-28 15:45:49.202000;27945,0;400,09;-1125,0;;;14;97;-27,0;-66,0;1,0;5,0;LOSS;-1200,0;75,0
DISPARO_SOMBRA;2026-07-29 00:21:56;20260729002105189282;COMPRA;2026-07-29 00:20:58.481;27830,5;2026-07-29 00:21:49.681;27819,5;51,2;-1100,0;825,0;-1100,0;13;98;-20,0;-28,0;0,75;7,394;;;
RESULTADO_FINAL;2026-07-29 00:22:02;20260729002105189282;COMPRA;2026-07-29 00:20:58.481;27830,5;2026-07-29 00:21:49.681000;27819,5;51,2;-1100,0;;;13;98;-20,0;-28,0;0,75;5,0;LOSS;-1200,0;100,0
DISPARO_SOMBRA;2026-07-29 02:15:24;20260729021352992646;COMPRA;2026-07-29 02:13:46.526;27832,25;2026-07-29 02:15:17.125;27822,25;90,6;-1000,0;100,0;-1000,0;18;85;-21,0;-34,0;0,5;5,892;;;
RESULTADO_FINAL;2026-07-29 02:15:30;20260729021352992646;COMPRA;2026-07-29 02:13:46.526;27832,25;2026-07-29 02:15:17.125000;27822,25;90,6;-1000,0;;;18;85;-21,0;-34,0;0,5;5,0;LOSS;-1200,0;200,0
DISPARO_SOMBRA;2026-07-29 02:20:29;20260729021944233033;COMPRA;2026-07-29 02:19:37.824;27782,5;2026-07-29 02:20:22.924;27773,25;45,1;-925,0;300,0;-925,0;6;97;-10,0;-12,0;1,0;5,591;;;
RESULTADO_FINAL;2026-07-29 02:21:22;20260729021944233033;COMPRA;2026-07-29 02:19:37.824;27782,5;2026-07-29 02:20:22.924000;27773,25;45,1;-925,0;;;6;97;-10,0;-12,0;1,0;5,0;PROTEGIDO;0,0;-925,0
DISPARO_SOMBRA;2026-07-29 03:55:17;20260729035112372742;VENDA;2026-07-29 03:51:05.417;27924,5;2026-07-29 03:55:11.163;27936,25;245,75;-1175,0;550,0;-1175,0;11;94;-14,0;-34,0;0,75;6,483;;;
RESULTADO_FINAL;2026-07-29 03:55:30;20260729035112372742;VENDA;2026-07-29 03:51:05.417;27924,5;2026-07-29 03:55:11.163000;27936,25;245,75;-1175,0;;;11;94;-14,0;-34,0;0,75;5,0;LOSS;-1200,0;25,0
DISPARO_SOMBRA;2026-07-29 04:37:36;20260729043412224523;VENDA;2026-07-29 04:34:05.235;27949,25;2026-07-29 04:37:29.335;27960,0;204,1;-1075,0;1150,0;-1075,0;4;100;-15,0;-38,0;2,5;7,567;;;
RESULTADO_FINAL;2026-07-29 04:43:25;20260729043412224523;VENDA;2026-07-29 04:34:05.235;27949,25;2026-07-29 04:37:29.335000;27960,0;204,1;-1075,0;;;4;100;-15,0;-38,0;2,5;5,0;GAIN;2000,0;-3075,0
DISPARO_SOMBRA;2026-07-29 06:22:42;20260729061938751406;VENDA;2026-07-29 06:19:32.678;27969,0;2026-07-29 06:22:35.915;27978,5;183,24;-950,0;1125,0;-950,0;0;100;-22,0;-52,0;0,5;8,198;;;
RESULTADO_FINAL;2026-07-29 06:22:55;20260729061938751406;VENDA;2026-07-29 06:19:32.678;27969,0;2026-07-29 06:22:35.915000;27978,5;183,24;-950,0;;;0;100;-22,0;-52,0;0,5;5,0;LOSS;-1200,0;250,0
DISPARO_SOMBRA;2026-07-29 07:10:43;20260729071004178080;COMPRA;2026-07-29 07:09:55.856;28021,0;2026-07-29 07:10:35.755;28012,5;39,9;-850,0;750,0;-850,0;16;93;-17,0;-26,0;4,5;5,268;;;
RESULTADO_FINAL;2026-07-29 07:13:14;20260729071004178080;COMPRA;2026-07-29 07:09:55.856;28021,0;2026-07-29 07:10:35.755000;28012,5;39,9;-850,0;;;16;93;-17,0;-26,0;4,5;5,0;LOSS;-1200,0;350,0
DISPARO_SOMBRA;2026-07-29 08:25:05;20260729081908931570;COMPRA;2026-07-29 08:19:02.781;28015,5;2026-07-29 08:24:58.843;28002,5;356,06;-1300,0;650,0;-1300,0;0;100;-28,0;-44,0;1,0;7,001;;;
RESULTADO_FINAL;2026-07-29 08:25:05;20260729081908931570;COMPRA;2026-07-29 08:19:02.781;28015,5;2026-07-29 08:24:58.843000;28002,5;356,06;-1300,0;;;0;100;-28,0;-44,0;1,0;5,0;LOSS;-1200,0;-100,0
DISPARO_SOMBRA;2026-07-29 08:44:13;20260729084234732398;COMPRA;2026-07-29 08:42:27.639;27977,5;2026-07-29 08:44:07.239;27970,0;99,6;-750,0;175,0;-750,0;14;71;-8,0;-8,0;1,0;8,881;;;
RESULTADO_FINAL;2026-07-29 08:44:52;20260729084234732398;COMPRA;2026-07-29 08:42:27.639;27977,5;2026-07-29 08:44:07.239000;27970,0;99,6;-750,0;;;14;71;-8,0;-8,0;1,0;5,0;LOSS;-1200,0;450,0
DISPARO_SOMBRA;2026-07-29 09:44:26;20260729094237392969;VENDA;2026-07-29 09:42:30.972;27903,0;2026-07-29 09:44:20.370;27916,25;109,4;-1325,0;0,0;-1325,0;8;100;-26,0;-60,0;4,25;8,352;;;
RESULTADO_FINAL;2026-07-29 09:44:26;20260729094237392969;VENDA;2026-07-29 09:42:30.972;27903,0;2026-07-29 09:44:20.370000;27916,25;109,4;-1325,0;;;8;100;-26,0;-60,0;4,25;5,0;LOSS;-1200,0;-125,0
DISPARO_SOMBRA;2026-07-29 09:49:02;20260729094549749106;VENDA;2026-07-29 09:45:43.770;27908,0;2026-07-29 09:48:56.378;27921,0;192,61;-1300,0;175,0;-1300,0;14;95;-7,0;-26,0;2,5;7,009;;;
RESULTADO_FINAL;2026-07-29 09:49:02;20260729094549749106;VENDA;2026-07-29 09:45:43.770;27908,0;2026-07-29 09:48:56.378000;27921,0;192,61;-1300,0;;;14;95;-7,0;-26,0;2,5;5,0;LOSS;-1200,0;-100,0
DISPARO_SOMBRA;2026-07-29 09:51:23;20260729094915350405;COMPRA;2026-07-29 09:49:07.969;27926,0;2026-07-29 09:51:17.784;27916,5;129,81;-950,0;250,0;-950,0;22;94;-30,0;-48,0;4,5;6,315;;;
RESULTADO_FINAL;2026-07-29 09:54:12;20260729094915350405;COMPRA;2026-07-29 09:49:07.969;27926,0;2026-07-29 09:51:17.784000;27916,5;129,81;-950,0;;;22;94;-30,0;-48,0;4,5;5,0;LOSS;-1200,0;250,0
DISPARO_SOMBRA;2026-07-29 15:50:31;20260729154945267440;COMPRA;2026-07-29 15:49:39.154;28046,75;2026-07-29 15:50:25.675;28018,5;46,52;-2825,0;475,0;-2825,0;8;100;-246,0;-154,0;3,25;6,623;;;
RESULTADO_FINAL;2026-07-29 15:50:31;20260729154945267440;COMPRA;2026-07-29 15:49:39.154;28046,75;2026-07-29 15:50:25.675000;28018,5;46,52;-2825,0;;;8;100;-246,0;-154,0;3,25;5,0;LOSS;-1200,0;-1625,0
DISPARO_SOMBRA;2026-07-29 22:00:55;20260729220011458327;COMPRA;2026-07-29 22:00:05.541;27564,75;2026-07-29 22:00:50.057;27551,25;44,52;-1350,0;225,0;-1350,0;4;99;-186,0;-24,0;1,0;6,316;;;
RESULTADO_FINAL;2026-07-29 22:00:55;20260729220011458327;COMPRA;2026-07-29 22:00:05.541;27564,75;2026-07-29 22:00:50.057000;27551,25;44,52;-1350,0;;;4;99;-186,0;-24,0;1,0;5,0;LOSS;-1200,0;-150,0
DISPARO_SOMBRA;2026-07-30 17:42:07;20260730174140906625;VENDA;2026-07-30 17:41:34.711;28326,25;2026-07-30 17:42:01.026;28339,25;26,32;-1300,0;0,0;-1300,0;19;84;-280,0;-30,0;1,0;7,515;;;
RESULTADO_FINAL;2026-07-30 17:42:07;20260730174140906625;VENDA;2026-07-30 17:41:34.711;28326,25;2026-07-30 17:42:01.026000;28339,25;26,32;-1300,0;;;19;84;-280,0;-30,0;1,0;5,0;LOSS;-1200,0;-100,0
