setup_id;cluster;lado;entrada_data_hora;saida_data_hora;entrada_preco;saida_preco;resultado_pontos;motivo_saida;mfe_pontos;mae_pontos;duracao_segundos;data_operacao;modo;ordem_real;hora_entrada;dia_semana;trade_numero;equity_pontos;pico_equity_pontos;drawdown_pontos;resultado_tipo
d16956b471e56f2c;4;VENDA;2026-07-27 22:00:49;2026-07-27 22:01:09;28061,0;28047,25;1200,0;TARGET;1375,0;225,0;20,0;2026-07-27;SOMBRA;False;22;Monday;1;1200,0;1200,0;0,0;GAIN
d16956b471e56f2c;4;VENDA;2026-07-27 22:01:49;2026-07-27 22:02:03;28059,5;28047,5;1200,0;TARGET;1200,0;525,0;14,0;2026-07-27;SOMBRA;False;22;Monday;2;2400,0;2400,0;0,0;GAIN
d16956b471e56f2c;4;VENDA;2026-07-27 22:04:41;2026-07-27 22:04:59;28052,75;28040,0;1200,0;TARGET;1275,0;0,0;18,0;2026-07-27;SOMBRA;False;22;Monday;3;3600,0;3600,0;0,0;GAIN
d16956b471e56f2c;4;VENDA;2026-07-28 09:54:20;2026-07-28 09:54:28;27989,0;27997,0;-800,0;STOP;0,0;800,0;8,0;2026-07-28;SOMBRA;False;9;Tuesday;4;2800,0;3600,0;800,0;LOSS
d16956b471e56f2c;4;VENDA;2026-07-28 10:00:07;2026-07-28 10:01:01;27992,75;27980,25;1200,0;TARGET;1250,0;725,0;54,0;2026-07-28;SOMBRA;False;10;Tuesday;5;4000,0;4000,0;0,0;GAIN
d16956b471e56f2c;4;VENDA;2026-07-28 10:02:24;2026-07-28 10:02:33;27985,0;27983,25;240,00000000014552;PROTECAO;500,0;250,0;9,0;2026-07-28;SOMBRA;False;10;Tuesday;6;4240,0000000001455;4240,0000000001455;0,0;GAIN
d16956b471e56f2c;4;VENDA;2026-07-28 10:03:24;2026-07-28 10:04:13;27984,0;27984,25;240,00000000014552;PROTECAO;950,0;25,0;49,0;2026-07-28;SOMBRA;False;10;Tuesday;7;4480,000000000291;4480,000000000291;0,0;GAIN
d16956b471e56f2c;4;VENDA;2026-07-28 10:08:05;2026-07-28 10:08:31;28017,0;28016,5;240,00000000014552;PROTECAO;575,0;200,0;26,0;2026-07-28;SOMBRA;False;10;Tuesday;8;4720,000000000437;4720,000000000437;0,0;GAIN
d16956b471e56f2c;4;VENDA;2026-07-28 10:09:53;2026-07-28 10:10:33;28018,0;28017,25;240,00000000014552;PROTECAO;750,0;175,0;40,0;2026-07-28;SOMBRA;False;10;Tuesday;9;4960,000000000582;4960,000000000582;0,0;GAIN
d16956b471e56f2c;4;VENDA;2026-07-28 10:12:14;2026-07-28 10:12:52;28005,0;28002,75;240,00000000014552;PROTECAO;650,0;350,0;38,0;2026-07-28;SOMBRA;False;10;Tuesday;10;5200,000000000728;5200,000000000728;0,0;GAIN
d16956b471e56f2c;4;VENDA;2026-07-28 10:13:31;2026-07-28 10:17:02;28002,0;28010,25;-800,0;STOP;475,0;825,0;211,0;2026-07-28;SOMBRA;False;10;Tuesday;11;4400,000000000728;5200,000000000728;800,0;LOSS
d16956b471e56f2c;4;VENDA;2026-07-28 10:17:04;2026-07-28 10:17:16;28005,5;28014,25;-800,0;STOP;50,0;875,0;12,0;2026-07-28;SOMBRA;False;10;Tuesday;12;3600,0000000007276;5200,000000000728;1600,0;LOSS
d16956b471e56f2c;4;VENDA;2026-07-28 10:19:06;2026-07-28 10:19:19;28020,0;28017,75;240,00000000014552;PROTECAO;550,0;0,0;13,0;2026-07-28;SOMBRA;False;10;Tuesday;13;3840,000000000873;5200,000000000728;1359,9999999998545;GAIN
d16956b471e56f2c;4;VENDA;2026-07-28 10:20:13;2026-07-28 10:20:25;28021,0;28018,75;240,00000000014552;PROTECAO;625,0;0,0;12,0;2026-07-28;SOMBRA;False;10;Tuesday;14;4080,0000000010186;5200,000000000728;1119,999999999709;GAIN
d16956b471e56f2c;4;VENDA;2026-07-28 10:22:34;2026-07-28 10:23:07;28007,5;27995,25;1200,0;TARGET;1225,0;50,0;33,0;2026-07-28;SOMBRA;False;10;Tuesday;15;5280,000000001019;5280,000000001019;0,0;GAIN
d16956b471e56f2c;4;VENDA;2026-07-28 10:24:58;2026-07-28 10:25:00;27988,5;27976,25;1200,0;TARGET;1225,0;0,0;2,0;2026-07-28;SOMBRA;False;10;Tuesday;16;6480,000000001019;6480,000000001019;0,0;GAIN
d16956b471e56f2c;4;VENDA;2026-07-28 10:27:05;2026-07-28 10:27:31;27972,25;27972,0;240,00000000014552;PROTECAO;825,0;400,0;26,0;2026-07-28;SOMBRA;False;10;Tuesday;17;6720,000000001164;6720,000000001164;0,0;GAIN
d16956b471e56f2c;4;VENDA;2026-07-28 10:28:05;2026-07-28 10:29:04;27943,75;27951,75;-800,0;STOP;325,0;800,0;59,0;2026-07-28;SOMBRA;False;10;Tuesday;18;5920,000000001164;6720,000000001164;800,0;LOSS
d16956b471e56f2c;4;VENDA;2026-07-28 10:29:05;2026-07-28 10:29:34;27951,5;27949,5;240,00000000014552;PROTECAO;875,0;400,0;29,0;2026-07-28;SOMBRA;False;10;Tuesday;19;6160,00000000131;6720,000000001164;559,9999999998545;GAIN
d16956b471e56f2c;4;VENDA;2026-07-28 10:30:05;2026-07-28 10:30:06;27968,75;27970,5;240,00000000014552;PROTECAO;825,0;175,0;1,0;2026-07-28;SOMBRA;False;10;Tuesday;20;6400,000000001455;6720,000000001164;319,99999999970896;GAIN
d16956b471e56f2c;4;VENDA;2026-07-28 19:53:37;2026-07-28 19:54:01;27797,75;27785,0;1200,0;TARGET;1275,0;100,0;24,0;2026-07-28;SOMBRA;False;19;Tuesday;21;7600,000000001455;7600,000000001455;0,0;GAIN
d16956b471e56f2c;4;VENDA;2026-07-28 20:00:15;2026-07-28 20:00:40;27750,25;27748,5;240,00000000014552;PROTECAO;600,0;425,0;25,0;2026-07-28;SOMBRA;False;20;Tuesday;22;7840,000000001601;7840,000000001601;0,0;GAIN
d16956b471e56f2c;4;VENDA;2026-07-28 20:02:03;2026-07-28 20:03:48;27755,0;27736,0;1200,0;TARGET;1900,0;0,0;105,0;2026-07-28;SOMBRA;False;20;Tuesday;23;9040,0000000016;9040,0000000016;0,0;GAIN
d16956b471e56f2c;4;VENDA;2026-07-28 20:03:53;2026-07-28 20:03:54;27729,75;27747,0;-800,0;STOP;0,0;1725,0;1,0;2026-07-28;SOMBRA;False;20;Tuesday;24;8240,0000000016;9040,0000000016;800,0;LOSS
d16956b471e56f2c;4;VENDA;2026-07-28 20:06:00;2026-07-28 20:06:21;27779,5;27788,0;-800,0;STOP;50,0;850,0;21,0;2026-07-28;SOMBRA;False;20;Tuesday;25;7440,000000001601;9040,0000000016;1600,0;LOSS
d16956b471e56f2c;4;VENDA;2026-07-28 20:07:02;2026-07-28 20:07:03;27787,25;27795,25;-800,0;STOP;0,0;800,0;1,0;2026-07-28;SOMBRA;False;20;Tuesday;26;6640,000000001601;9040,0000000016;2400,0;LOSS
d16956b471e56f2c;4;VENDA;2026-07-28 20:09:38;2026-07-28 20:09:51;27754,25;27752,5;240,00000000014552;PROTECAO;850,0;575,0;13,0;2026-07-28;SOMBRA;False;20;Tuesday;27;6880,000000001746;9040,0000000016;2159,9999999998545;GAIN
d16956b471e56f2c;4;VENDA;2026-07-28 20:10:38;2026-07-28 20:10:45;27766,25;27749,75;1200,0;TARGET;1650,0;0,0;7,0;2026-07-28;SOMBRA;False;20;Tuesday;28;8080,000000001746;9040,0000000016;959,9999999998545;GAIN
d16956b471e56f2c;4;VENDA;2026-07-28 20:13:36;2026-07-28 20:13:39;27817,5;27827,0;-800,0;STOP;0,0;950,0;3,0;2026-07-28;SOMBRA;False;20;Tuesday;29;7280,000000001746;9040,0000000016;1759,9999999998545;LOSS
d16956b471e56f2c;4;VENDA;2026-07-28 20:15:56;2026-07-28 20:16:44;27828,5;27816,0;1200,0;TARGET;1250,0;250,0;48,0;2026-07-28;SOMBRA;False;20;Tuesday;30;8480,000000001746;9040,0000000016;559,9999999998545;GAIN
d16956b471e56f2c;4;VENDA;2026-07-28 20:22:19;2026-07-28 20:22:26;27861,75;27872,25;-800,0;STOP;0,0;1050,0;7,0;2026-07-28;SOMBRA;False;20;Tuesday;31;7680,000000001746;9040,0000000016;1359,9999999998545;LOSS
d16956b471e56f2c;4;VENDA;2026-07-28 20:23:48;2026-07-28 20:28:11;27873,0;27881,25;-800,0;STOP;400,0;825,0;263,0;2026-07-28;SOMBRA;False;20;Tuesday;32;6880,000000001746;9040,0000000016;2159,9999999998545;LOSS
d16956b471e56f2c;4;VENDA;2026-07-28 20:44:21;2026-07-28 20:44:22;27959,5;27970,5;-800,0;STOP;0,0;1100,0;1,0;2026-07-28;SOMBRA;False;20;Tuesday;33;6080,000000001746;9040,0000000016;2959,9999999998545;LOSS
d16956b471e56f2c;4;VENDA;2026-07-28 20:47:10;2026-07-28 20:47:35;28030,5;28040,5;-800,0;STOP;225,0;1000,0;25,0;2026-07-28;SOMBRA;False;20;Tuesday;34;5280,000000001746;9040,0000000016;3759,9999999998545;LOSS
d16956b471e56f2c;4;VENDA;2026-07-28 20:48:20;2026-07-28 20:48:52;28035,0;28043,0;-800,0;STOP;100,0;800,0;32,0;2026-07-28;SOMBRA;False;20;Tuesday;35;4480,000000001746;9040,0000000016;4559,9999999998545;LOSS
d16956b471e56f2c;4;VENDA;2026-07-28 20:50:32;2026-07-28 20:50:40;28085,0;28084,5;240,00000000014552;PROTECAO;525,0;625,0;8,0;2026-07-28;SOMBRA;False;20;Tuesday;36;4720,000000001892;9040,0000000016;4319,999999999709;GAIN
d16956b471e56f2c;4;VENDA;2026-07-28 20:54:51;2026-07-28 20:54:55;28070,0;28080,5;-800,0;STOP;0,0;1050,0;4,0;2026-07-28;SOMBRA;False;20;Tuesday;37;3920,0000000018917;9040,0000000016;5119,999999999709;LOSS
d16956b471e56f2c;4;VENDA;2026-07-28 20:56:56;2026-07-28 20:57:05;28082,25;28080,75;240,00000000014552;PROTECAO;600,0;0,0;9,0;2026-07-28;SOMBRA;False;20;Tuesday;38;4160,000000002037;9040,0000000016;4879,999999999563;GAIN
d16956b471e56f2c;4;VENDA;2026-07-28 20:58:14;2026-07-28 20:58:40;28089,75;28094,5;240,00000000014552;PROTECAO;575,0;525,0;26,0;2026-07-28;SOMBRA;False;20;Tuesday;39;4400,000000002183;9040,0000000016;4639,999999999418;GAIN
d16956b471e56f2c;4;VENDA;2026-07-28 20:59:31;2026-07-28 20:59:59;28092,0;28100,0;-800,0;STOP;125,0;800,0;28,0;2026-07-28;SOMBRA;False;20;Tuesday;40;3600,000000002183;9040,0000000016;5439,999999999418;LOSS
d16956b471e56f2c;4;VENDA;2026-07-28 21:01:26;2026-07-28 21:01:26;28109,75;28118,25;-800,0;STOP;0,0;850,0;0,0;2026-07-28;SOMBRA;False;21;Tuesday;41;2800,000000002183;9040,0000000016;6239,999999999418;LOSS
d16956b471e56f2c;4;VENDA;2026-07-28 21:02:26;2026-07-28 21:02:37;28148,5;28135,5;1200,0;TARGET;1300,0;0,0;11,0;2026-07-28;SOMBRA;False;21;Tuesday;42;4000,000000002183;9040,0000000016;5039,999999999418;GAIN
d16956b471e56f2c;4;VENDA;2026-07-28 21:05:22;2026-07-28 21:05:39;28143,0;28140,75;240,00000000014552;PROTECAO;575,0;200,0;17,0;2026-07-28;SOMBRA;False;21;Tuesday;43;4240,000000002328;9040,0000000016;4799,999999999272;GAIN
d16956b471e56f2c;4;VENDA;2026-07-28 21:06:25;2026-07-28 21:06:29;28142,5;28151,5;-800,0;STOP;0,0;900,0;4,0;2026-07-28;SOMBRA;False;21;Tuesday;44;3440,0000000023283;9040,0000000016;5599,999999999272;LOSS
d16956b471e56f2c;4;VENDA;2026-07-28 21:07:34;2026-07-28 21:07:39;28148,75;28147,0;240,00000000014552;PROTECAO;500,0;0,0;5,0;2026-07-28;SOMBRA;False;21;Tuesday;45;3680,000000002474;9040,0000000016;5359,999999999127;GAIN
d16956b471e56f2c;4;VENDA;2026-07-28 21:09:48;2026-07-28 21:10:04;28153,25;28152,5;240,00000000014552;PROTECAO;675,0;75,0;16,0;2026-07-28;SOMBRA;False;21;Tuesday;46;3920,0000000026193;9040,0000000016;5119,999999998981;GAIN
d16956b471e56f2c;4;VENDA;2026-07-28 21:11:40;2026-07-28 21:11:47;28136,25;28145,5;-800,0;STOP;0,0;925,0;7,0;2026-07-28;SOMBRA;False;21;Tuesday;47;3120,0000000026193;9040,0000000016;5919,999999998981;LOSS
d16956b471e56f2c;4;VENDA;2026-07-28 21:12:57;2026-07-28 21:14:03;28148,5;28158,0;-800,0;STOP;25,0;950,0;66,0;2026-07-28;SOMBRA;False;21;Tuesday;48;2320,0000000026193;9040,0000000016;6719,999999998981;LOSS
d16956b471e56f2c;4;VENDA;2026-07-28 21:14:43;2026-07-28 21:15:07;28141,75;28128,75;1200,0;TARGET;1300,0;150,0;24,0;2026-07-28;SOMBRA;False;21;Tuesday;49;3520,0000000026193;9040,0000000016;5519,999999998981;GAIN
d16956b471e56f2c;4;VENDA;2026-07-28 21:17:31;2026-07-28 21:17:39;28144,5;28132,5;1200,0;TARGET;1200,0;225,0;8,0;2026-07-28;SOMBRA;False;21;Tuesday;50;4720,000000002619;9040,0000000016;4319,999999998981;GAIN
d16956b471e56f2c;4;VENDA;2026-07-28 21:21:55;2026-07-28 21:22:14;28149,0;28147,0;240,00000000014552;PROTECAO;550,0;575,0;19,0;2026-07-28;SOMBRA;False;21;Tuesday;51;4960,000000002765;9040,0000000016;4079,999999998836;GAIN
d16956b471e56f2c;4;VENDA;2026-07-28 21:24:52;2026-07-28 21:25:13;28096,0;28081,75;1200,0;TARGET;1425,0;350,0;21,0;2026-07-28;SOMBRA;False;21;Tuesday;52;6160,000000002765;9040,0000000016;2879,999999998836;GAIN
d16956b471e56f2c;4;VENDA;2026-07-28 21:26:16;2026-07-28 21:26:26;28082,25;28081,25;240,00000000014552;PROTECAO;550,0;625,0;10,0;2026-07-28;SOMBRA;False;21;Tuesday;53;6400,00000000291;9040,0000000016;2639,9999999986903;GAIN
d16956b471e56f2c;4;VENDA;2026-07-28 21:30:00;2026-07-28 21:30:48;28073,75;28041,75;1200,0;TARGET;3200,0;25,0;48,0;2026-07-28;SOMBRA;False;21;Tuesday;54;7600,00000000291;9040,0000000016;1439,9999999986903;GAIN
d16956b471e56f2c;4;VENDA;2026-07-28 21:31:33;2026-07-28 21:32:25;28046,0;28033,75;1200,0;TARGET;1225,0;300,0;52,0;2026-07-28;SOMBRA;False;21;Tuesday;55;8800,00000000291;9040,0000000016;239,99999999869033;GAIN
d16956b471e56f2c;4;VENDA;2026-07-28 21:33:08;2026-07-28 21:33:29;28033,75;28020,0;1200,0;TARGET;1375,0;0,0;21,0;2026-07-28;SOMBRA;False;21;Tuesday;56;10000,00000000291;10000,00000000291;0,0;GAIN
d16956b471e56f2c;4;VENDA;2026-07-28 21:34:08;2026-07-28 21:34:28;28043,75;28042,25;240,00000000014552;PROTECAO;525,0;500,0;20,0;2026-07-28;SOMBRA;False;21;Tuesday;57;10240,000000003056;10240,000000003056;0,0;GAIN
d16956b471e56f2c;4;VENDA;2026-07-28 21:36:16;2026-07-28 21:37:36;28044,25;28052,5;-800,0;STOP;250,0;825,0;80,0;2026-07-28;SOMBRA;False;21;Tuesday;58;9440,000000003056;10240,000000003056;800,0;LOSS
d16956b471e56f2c;4;VENDA;2026-07-28 21:44:31;2026-07-28 21:44:49;28065,75;28063,75;240,00000000014552;PROTECAO;1175,0;0,0;18,0;2026-07-28;SOMBRA;False;21;Tuesday;59;9680,000000003201;10240,000000003056;559,9999999998545;GAIN
d16956b471e56f2c;4;VENDA;2026-07-28 21:59:40;2026-07-28 21:59:49;28008,25;28016,25;-800,0;STOP;75,0;800,0;9,0;2026-07-28;SOMBRA;False;21;Tuesday;60;8880,000000003201;10240,000000003056;1359,9999999998545;LOSS
d16956b471e56f2c;4;VENDA;2026-07-28 22:02:34;2026-07-28 22:06:48;28035,0;28003,75;1200,0;TARGET;3125,0;175,0;254,0;2026-07-28;SOMBRA;False;22;Tuesday;61;10080,000000003201;10240,000000003056;159,99999999985448;GAIN
d16956b471e56f2c;4;VENDA;2026-07-28 22:08:07;2026-07-28 22:09:28;28007,75;27982,25;1200,0;TARGET;2550,0;275,0;81,0;2026-07-28;SOMBRA;False;22;Tuesday;62;11280,000000003201;11280,000000003201;0,0;GAIN
d16956b471e56f2c;4;VENDA;2026-07-28 22:10:13;2026-07-28 22:10:42;27972,5;27958,5;1200,0;TARGET;1400,0;625,0;29,0;2026-07-28;SOMBRA;False;22;Tuesday;63;12480,000000003201;12480,000000003201;0,0;GAIN
d16956b471e56f2c;4;VENDA;2026-07-28 22:12:14;2026-07-28 22:12:43;27948,75;27954,25;240,00000000014552;PROTECAO;875,0;550,0;29,0;2026-07-28;SOMBRA;False;22;Tuesday;64;12720,000000003347;12720,000000003347;0,0;GAIN
d16956b471e56f2c;4;VENDA;2026-07-28 22:13:52;2026-07-28 22:14:04;27941,25;27926,75;1200,0;TARGET;1450,0;0,0;12,0;2026-07-28;SOMBRA;False;22;Tuesday;65;13920,000000003347;13920,000000003347;0,0;GAIN
d16956b471e56f2c;4;VENDA;2026-07-28 22:17:31;2026-07-28 22:17:41;27916,75;27927,5;-800,0;STOP;200,0;1075,0;10,0;2026-07-28;SOMBRA;False;22;Tuesday;66;13120,000000003347;13920,000000003347;800,0;LOSS
d16956b471e56f2c;4;VENDA;2026-07-28 22:19:50;2026-07-28 22:20:01;27933,5;27932,75;240,00000000014552;PROTECAO;550,0;125,0;11,0;2026-07-28;SOMBRA;False;22;Tuesday;67;13360,000000003492;13920,000000003347;559,9999999998545;GAIN
d16956b471e56f2c;4;VENDA;2026-07-28 22:25:12;2026-07-28 22:25:13;27977,75;27988,0;-800,0;STOP;0,0;1025,0;1,0;2026-07-28;SOMBRA;False;22;Tuesday;68;12560,000000003492;13920,000000003347;1359,9999999998545;LOSS
d16956b471e56f2c;4;VENDA;2026-07-28 22:31:20;2026-07-28 22:34:56;27957,5;27970,0;240,00000000014552;PROTECAO;1050,0;1250,0;216,0;2026-07-28;SOMBRA;False;22;Tuesday;69;12800,000000003638;13920,000000003347;1119,999999999709;GAIN
d16956b471e56f2c;4;VENDA;2026-07-28 22:42:14;2026-07-28 22:43:23;27903,75;27903,75;240,00000000014552;PROTECAO;1050,0;0,0;69,0;2026-07-28;SOMBRA;False;22;Tuesday;70;13040,000000003783;13920,000000003347;879,9999999995634;GAIN
d16956b471e56f2c;4;VENDA;2026-07-28 22:44:53;2026-07-28 22:45:05;27890,0;27876,5;1200,0;TARGET;1350,0;200,0;12,0;2026-07-28;SOMBRA;False;22;Tuesday;71;14240,000000003783;14240,000000003783;0,0;GAIN
d16956b471e56f2c;4;VENDA;2026-07-28 22:46:05;2026-07-28 22:46:34;27873,25;27884,0;-800,0;STOP;225,0;1075,0;29,0;2026-07-28;SOMBRA;False;22;Tuesday;72;13440,000000003783;14240,000000003783;800,0;LOSS
d16956b471e56f2c;4;VENDA;2026-07-28 22:47:08;2026-07-28 22:47:18;27876,5;27863,5;1200,0;TARGET;1300,0;0,0;10,0;2026-07-28;SOMBRA;False;22;Tuesday;73;14640,000000003783;14640,000000003783;0,0;GAIN
d16956b471e56f2c;4;VENDA;2026-07-28 22:48:39;2026-07-28 22:48:54;27860,75;27868,75;-800,0;STOP;125,0;800,0;15,0;2026-07-28;SOMBRA;False;22;Tuesday;74;13840,000000003783;14640,000000003783;800,0;LOSS
d16956b471e56f2c;4;VENDA;2026-07-28 22:50:22;2026-07-28 22:50:30;27852,25;27862,75;-800,0;STOP;0,0;1050,0;8,0;2026-07-28;SOMBRA;False;22;Tuesday;75;13040,000000003783;14640,000000003783;1600,0;LOSS
d16956b471e56f2c;4;VENDA;2026-07-28 22:52:33;2026-07-28 22:52:58;27821,75;27830,75;-800,0;STOP;275,0;900,0;25,0;2026-07-28;SOMBRA;False;22;Tuesday;76;12240,000000003783;14640,000000003783;2400,0;LOSS
d16956b471e56f2c;4;VENDA;2026-07-28 22:53:34;2026-07-28 22:54:19;27818,25;27818,0;240,00000000014552;PROTECAO;625,0;575,0;45,0;2026-07-28;SOMBRA;False;22;Tuesday;77;12480,000000003929;14640,000000003783;2159,9999999998545;GAIN
d16956b471e56f2c;4;VENDA;2026-07-28 22:55:19;2026-07-28 22:55:25;27815,5;27816,0;240,00000000014552;PROTECAO;600,0;50,0;6,0;2026-07-28;SOMBRA;False;22;Tuesday;78;12720,000000004075;14640,000000003783;1919,999999999709;GAIN
d16956b471e56f2c;4;VENDA;2026-07-28 22:56:57;2026-07-28 22:57:01;27801,25;27810,75;-800,0;STOP;0,0;950,0;4,0;2026-07-28;SOMBRA;False;22;Tuesday;79;11920,000000004075;14640,000000003783;2719,999999999709;LOSS
d16956b471e56f2c;4;VENDA;2026-07-28 22:58:05;2026-07-28 22:58:47;27790,5;27788,5;240,00000000014552;PROTECAO;500,0;600,0;42,0;2026-07-28;SOMBRA;False;22;Tuesday;80;12160,00000000422;14640,000000003783;2479,9999999995634;GAIN
d16956b471e56f2c;4;VENDA;2026-07-28 22:59:19;2026-07-28 22:59:50;27793,0;27792,5;240,00000000014552;PROTECAO;725,0;200,0;31,0;2026-07-28;SOMBRA;False;22;Tuesday;81;12400,000000004366;14640,000000003783;2239,999999999418;GAIN
d16956b471e56f2c;4;VENDA;2026-07-28 23:01:23;2026-07-28 23:01:30;27803,5;27814,0;-800,0;STOP;75,0;1050,0;7,0;2026-07-28;SOMBRA;False;23;Tuesday;82;11600,000000004366;14640,000000003783;3039,999999999418;LOSS
d16956b471e56f2c;4;VENDA;2026-07-28 23:02:27;2026-07-28 23:03:06;27814,5;27802,0;1200,0;TARGET;1250,0;775,0;39,0;2026-07-28;SOMBRA;False;23;Tuesday;83;12800,000000004366;14640,000000003783;1839,999999999418;GAIN
d16956b471e56f2c;4;VENDA;2026-07-28 23:06:24;2026-07-28 23:06:30;27809,75;27818,0;-800,0;STOP;75,0;825,0;6,0;2026-07-28;SOMBRA;False;23;Tuesday;84;12000,000000004366;14640,000000003783;2639,999999999418;LOSS
d16956b471e56f2c;4;VENDA;2026-07-28 23:12:56;2026-07-28 23:13:20;27863,25;27851,25;1200,0;TARGET;1200,0;100,0;24,0;2026-07-28;SOMBRA;False;23;Tuesday;85;13200,000000004366;14640,000000003783;1439,999999999418;GAIN
d16956b471e56f2c;4;VENDA;2026-07-28 23:15:14;2026-07-28 23:15:27;27843,0;27842,0;240,00000000014552;PROTECAO;800,0;350,0;13,0;2026-07-28;SOMBRA;False;23;Tuesday;86;13440,000000004511;14640,000000003783;1199,9999999992724;GAIN
d16956b471e56f2c;4;VENDA;2026-07-28 23:18:10;2026-07-28 23:18:15;27797,25;27806,5;-800,0;STOP;0,0;925,0;5,0;2026-07-28;SOMBRA;False;23;Tuesday;87;12640,000000004511;14640,000000003783;1999,9999999992724;LOSS
d16956b471e56f2c;4;VENDA;2026-07-28 23:28:37;2026-07-28 23:28:47;27878,75;27887,0;-800,0;STOP;100,0;825,0;10,0;2026-07-28;SOMBRA;False;23;Tuesday;88;11840,000000004511;14640,000000003783;2799,9999999992724;LOSS
d16956b471e56f2c;4;VENDA;2026-07-28 23:30:17;2026-07-28 23:30:30;27897,0;27905,25;-800,0;STOP;0,0;825,0;13,0;2026-07-28;SOMBRA;False;23;Tuesday;89;11040,000000004511;14640,000000003783;3599,9999999992724;LOSS
d16956b471e56f2c;4;VENDA;2026-07-28 23:50:59;2026-07-28 23:52:12;27863,25;27863,0;240,00000000014552;PROTECAO;775,0;0,0;73,0;2026-07-28;SOMBRA;False;23;Tuesday;90;11280,000000004657;14640,000000003783;3359,999999999127;GAIN
d16956b471e56f2c;4;VENDA;2026-07-29 00:04:04;2026-07-29 00:04:56;27794,5;27794,5;240,00000000014552;PROTECAO;650,0;525,0;52,0;2026-07-29;SOMBRA;False;0;Wednesday;91;11520,000000004802;14640,000000003783;3119,9999999989814;GAIN
d16956b471e56f2c;4;VENDA;2026-07-29 00:05:41;2026-07-29 00:06:48;27811,25;27820,25;-800,0;STOP;400,0;900,0;67,0;2026-07-29;SOMBRA;False;0;Wednesday;92;10720,000000004802;14640,000000003783;3919,9999999989814;LOSS
d16956b471e56f2c;4;VENDA;2026-07-29 00:07:29;2026-07-29 00:07:32;27834,75;27844,25;-800,0;STOP;0,0;950,0;3,0;2026-07-29;SOMBRA;False;0;Wednesday;93;9920,000000004802;14640,000000003783;4719,999999998981;LOSS
d16956b471e56f2c;4;VENDA;2026-07-29 00:08:37;2026-07-29 00:09:24;27859,25;27867,75;-800,0;STOP;200,0;850,0;47,0;2026-07-29;SOMBRA;False;0;Wednesday;94;9120,000000004802;14640,000000003783;5519,999999998981;LOSS
d16956b471e56f2c;4;VENDA;2026-07-29 00:10:45;2026-07-29 00:10:58;27876,75;27876,0;240,00000000014552;PROTECAO;525,0;575,0;13,0;2026-07-29;SOMBRA;False;0;Wednesday;95;9360,000000004948;14640,000000003783;5279,999999998836;GAIN
d16956b471e56f2c;4;VENDA;2026-07-29 00:30:02;2026-07-29 00:30:20;27773,25;27760,75;1200,0;TARGET;1250,0;0,0;18,0;2026-07-29;SOMBRA;False;0;Wednesday;96;10560,000000004948;14640,000000003783;4079,999999998836;GAIN
d16956b471e56f2c;4;VENDA;2026-07-29 00:31:47;2026-07-29 00:32:07;27752,75;27760,75;-800,0;STOP;50,0;800,0;20,0;2026-07-29;SOMBRA;False;0;Wednesday;97;9760,000000004948;14640,000000003783;4879,999999998836;LOSS
d16956b471e56f2c;4;VENDA;2026-07-29 00:52:47;2026-07-29 00:53:02;27711,25;27719,5;-800,0;STOP;75,0;825,0;15,0;2026-07-29;SOMBRA;False;0;Wednesday;98;8960,000000004948;14640,000000003783;5679,999999998836;LOSS
d16956b471e56f2c;4;VENDA;2026-07-29 01:01:28;2026-07-29 01:03:06;27691,0;27711,25;-800,0;STOP;300,0;2025,0;98,0;2026-07-29;SOMBRA;False;1;Wednesday;99;8160,000000004948;14640,000000003783;6479,999999998836;LOSS
d16956b471e56f2c;4;VENDA;2026-07-29 01:13:09;2026-07-29 01:13:23;27706,5;27707,0;240,00000000014552;PROTECAO;600,0;50,0;14,0;2026-07-29;SOMBRA;False;1;Wednesday;100;8400,000000005093;14640,000000003783;6239,99999999869;GAIN
d16956b471e56f2c;4;VENDA;2026-07-29 01:18:34;2026-07-29 01:19:38;27656,0;27653,75;240,00000000014552;PROTECAO;700,0;0,0;64,0;2026-07-29;SOMBRA;False;1;Wednesday;101;8640,000000005239;14640,000000003783;5999,999999998545;GAIN
d16956b471e56f2c;4;VENDA;2026-07-29 01:19:40;2026-07-29 01:19:46;27656,0;27666,25;-800,0;STOP;150,0;1025,0;6,0;2026-07-29;SOMBRA;False;1;Wednesday;102;7840,000000005239;14640,000000003783;6799,999999998545;LOSS
d16956b471e56f2c;4;VENDA;2026-07-29 01:24:40;2026-07-29 01:27:34;27698,25;27710,75;-800,0;STOP;0,0;1250,0;174,0;2026-07-29;SOMBRA;False;1;Wednesday;103;7040,000000005239;14640,000000003783;7599,999999998545;LOSS
d16956b471e56f2c;4;VENDA;2026-07-29 01:45:57;2026-07-29 01:46:14;27663,0;27673,0;-800,0;STOP;0,0;1000,0;17,0;2026-07-29;SOMBRA;False;1;Wednesday;104;6240,000000005239;14640,000000003783;8399,999999998545;LOSS
d16956b471e56f2c;4;VENDA;2026-07-29 01:55:49;2026-07-29 01:55:51;27753,5;27752,75;240,00000000014552;PROTECAO;500,0;0,0;2,0;2026-07-29;SOMBRA;False;1;Wednesday;105;6480,000000005384;14640,000000003783;8159,999999998399;GAIN
d16956b471e56f2c;4;VENDA;2026-07-29 01:57:14;2026-07-29 02:00:47;27749,75;27737,25;1200,0;TARGET;1250,0;0,0;213,0;2026-07-29;SOMBRA;False;1;Wednesday;106;7680,000000005384;14640,000000003783;6959,999999998399;GAIN
d16956b471e56f2c;4;VENDA;2026-07-29 02:02:34;2026-07-29 02:03:01;27766,25;27775,25;-800,0;STOP;0,0;900,0;27,0;2026-07-29;SOMBRA;False;2;Wednesday;107;6880,000000005384;14640,000000003783;7759,999999998399;LOSS
d16956b471e56f2c;4;VENDA;2026-07-29 02:04:02;2026-07-29 02:04:13;27775,0;27783,25;-800,0;STOP;0,0;825,0;11,0;2026-07-29;SOMBRA;False;2;Wednesday;108;6080,000000005384;14640,000000003783;8559,9999999984;LOSS
d16956b471e56f2c;4;VENDA;2026-07-29 02:05:10;2026-07-29 02:05:30;27765,75;27752,25;1200,0;TARGET;1350,0;725,0;20,0;2026-07-29;SOMBRA;False;2;Wednesday;109;7280,000000005384;14640,000000003783;7359,999999998399;GAIN
d16956b471e56f2c;4;VENDA;2026-07-29 02:06:10;2026-07-29 02:06:22;27758,25;27768,0;-800,0;STOP;175,0;975,0;12,0;2026-07-29;SOMBRA;False;2;Wednesday;110;6480,000000005384;14640,000000003783;8159,999999998399;LOSS
d16956b471e56f2c;4;VENDA;2026-07-29 02:07:46;2026-07-29 02:08:03;27800,0;27808,25;-800,0;STOP;475,0;825,0;17,0;2026-07-29;SOMBRA;False;2;Wednesday;111;5680,000000005384;14640,000000003783;8959,9999999984;LOSS
d16956b471e56f2c;4;VENDA;2026-07-29 02:09:25;2026-07-29 02:09:31;27809,25;27817,5;-800,0;STOP;0,0;825,0;6,0;2026-07-29;SOMBRA;False;2;Wednesday;112;4880,000000005384;14640,000000003783;9759,9999999984;LOSS
d16956b471e56f2c;4;VENDA;2026-07-29 02:12:45;2026-07-29 02:14:23;27819,0;27828,25;-800,0;STOP;425,0;925,0;98,0;2026-07-29;SOMBRA;False;2;Wednesday;113;4080,000000005384;14640,000000003783;10559,9999999984;LOSS
d16956b471e56f2c;4;VENDA;2026-07-29 02:16:14;2026-07-29 02:16:47;27805,0;27803,75;240,00000000014552;PROTECAO;925,0;275,0;33,0;2026-07-29;SOMBRA;False;2;Wednesday;114;4320,00000000553;14640,000000003783;10319,999999998254;GAIN
d16956b471e56f2c;4;VENDA;2026-07-29 02:25:55;2026-07-29 02:30:27;27812,0;27798,0;1200,0;TARGET;1400,0;0,0;272,0;2026-07-29;SOMBRA;False;2;Wednesday;115;5520,00000000553;14640,000000003783;9119,999999998254;GAIN
d16956b471e56f2c;4;VENDA;2026-07-29 02:30:55;2026-07-29 02:30:58;27813,0;27821,75;-800,0;STOP;0,0;875,0;3,0;2026-07-29;SOMBRA;False;2;Wednesday;116;4720,00000000553;14640,000000003783;9919,999999998254;LOSS
d16956b471e56f2c;4;VENDA;2026-07-29 02:41:38;2026-07-29 02:41:58;27817,0;27828,5;-800,0;STOP;25,0;1150,0;20,0;2026-07-29;SOMBRA;False;2;Wednesday;117;3920,0000000055297;14640,000000003783;10719,999999998254;LOSS
d16956b471e56f2c;4;VENDA;2026-07-29 02:42:43;2026-07-29 02:43:04;27844,25;27852,75;-800,0;STOP;375,0;850,0;21,0;2026-07-29;SOMBRA;False;2;Wednesday;118;3120,0000000055297;14640,000000003783;11519,999999998254;LOSS
d16956b471e56f2c;4;VENDA;2026-07-29 03:04:23;2026-07-29 03:11:08;27753,25;27752,5;240,00000000014552;PROTECAO;800,0;100,0;405,0;2026-07-29;SOMBRA;False;3;Wednesday;119;3360,0000000056752;14640,000000003783;11279,999999998108;GAIN
d16956b471e56f2c;4;VENDA;2026-07-29 03:14:55;2026-07-29 03:16:11;27763,25;27772,0;-800,0;STOP;100,0;875,0;76,0;2026-07-29;SOMBRA;False;3;Wednesday;120;2560,0000000056752;14640,000000003783;12079,999999998108;LOSS
d16956b471e56f2c;4;VENDA;2026-07-29 03:16:19;2026-07-29 03:16:43;27765,0;27763,0;240,00000000014552;PROTECAO;850,0;0,0;24,0;2026-07-29;SOMBRA;False;3;Wednesday;121;2800,0000000058208;14640,000000003783;11839,999999997963;GAIN
d16956b471e56f2c;4;VENDA;2026-07-29 03:32:55;2026-07-29 03:33:42;27862,75;27863,5;240,00000000014552;PROTECAO;575,0;675,0;47,0;2026-07-29;SOMBRA;False;3;Wednesday;122;3040,0000000059663;14640,000000003783;11599,999999997817;GAIN
d16956b471e56f2c;4;VENDA;2026-07-29 03:35:15;2026-07-29 03:35:50;27868,25;27876,5;-800,0;STOP;175,0;825,0;35,0;2026-07-29;SOMBRA;False;3;Wednesday;123;2240,0000000059663;14640,000000003783;12399,999999997817;LOSS
d16956b471e56f2c;4;VENDA;2026-07-29 03:36:37;2026-07-29 03:37:30;27882,0;27892,5;-800,0;STOP;450,0;1050,0;53,0;2026-07-29;SOMBRA;False;3;Wednesday;124;1440,0000000059663;14640,000000003783;13199,999999997817;LOSS
d16956b471e56f2c;4;VENDA;2026-07-29 03:42:07;2026-07-29 03:42:16;27900,5;27908,5;-800,0;STOP;25,0;800,0;9,0;2026-07-29;SOMBRA;False;3;Wednesday;125;640,0000000059663;14640,000000003783;13999,999999997817;LOSS
d16956b471e56f2c;4;VENDA;2026-07-29 03:47:09;2026-07-29 03:51:04;27910,5;27925,5;-800,0;STOP;425,0;1500,0;235,0;2026-07-29;SOMBRA;False;3;Wednesday;126;-159,99999999403371;14640,000000003783;14799,999999997817;LOSS
d16956b471e56f2c;4;VENDA;2026-07-29 03:56:01;2026-07-29 04:00:36;27928,0;27928,0;240,00000000014552;PROTECAO;575,0;600,0;275,0;2026-07-29;SOMBRA;False;3;Wednesday;127;80,0000000061118;14640,000000003783;14559,999999997672;GAIN
d16956b471e56f2c;4;VENDA;2026-07-29 04:02:00;2026-07-29 04:06:24;27916,0;27918,5;240,00000000014552;PROTECAO;950,0;250,0;264,0;2026-07-29;SOMBRA;False;4;Wednesday;128;320,0000000062573;14640,000000003783;14319,999999997526;GAIN
d16956b471e56f2c;4;VENDA;2026-07-29 04:16:33;2026-07-29 04:32:49;27929,25;27958,0;-800,0;STOP;225,0;2875,0;976,0;2026-07-29;SOMBRA;False;4;Wednesday;129;-479,9999999937427;14640,000000003783;15119,999999997526;LOSS
d16956b471e56f2c;4;VENDA;2026-07-29 05:00:22;2026-07-29 05:00:45;27903,25;27902,0;240,00000000014552;PROTECAO;1000,0;125,0;23,0;2026-07-29;SOMBRA;False;5;Wednesday;130;-239,99999999359716;14640,000000003783;14879,99999999738;GAIN
d16956b471e56f2c;4;VENDA;2026-07-29 05:02:33;2026-07-29 05:02:37;27909,5;27908,0;240,00000000014552;PROTECAO;525,0;0,0;4,0;2026-07-29;SOMBRA;False;5;Wednesday;131;6,548361852765083e-09;14640,000000003783;14639,999999997235;GAIN
d16956b471e56f2c;4;VENDA;2026-07-29 05:04:53;2026-07-29 05:06:22;27907,25;27905,5;240,00000000014552;PROTECAO;725,0;250,0;89,0;2026-07-29;SOMBRA;False;5;Wednesday;132;240,00000000669388;14640,000000003783;14399,99999999709;GAIN
d16956b471e56f2c;4;VENDA;2026-07-29 05:15:11;2026-07-29 05:16:42;27854,0;27873,5;-800,0;STOP;0,0;1950,0;91,0;2026-07-29;SOMBRA;False;5;Wednesday;133;-559,9999999933061;14640,000000003783;15199,99999999709;LOSS
d16956b471e56f2c;4;VENDA;2026-07-29 05:25:40;2026-07-29 05:27:59;27829,5;27837,5;-800,0;STOP;275,0;800,0;139,0;2026-07-29;SOMBRA;False;5;Wednesday;134;-1359,9999999933061;14640,000000003783;15999,99999999709;LOSS
d16956b471e56f2c;4;VENDA;2026-07-29 05:31:52;2026-07-29 05:32:01;27883,0;27891,5;-800,0;STOP;150,0;850,0;9,0;2026-07-29;SOMBRA;False;5;Wednesday;135;-2159,999999993306;14640,000000003783;16799,99999999709;LOSS
d16956b471e56f2c;4;VENDA;2026-07-29 06:10:39;2026-07-29 06:15:28;27958,75;27973,25;-800,0;STOP;125,0;1450,0;289,0;2026-07-29;SOMBRA;False;6;Wednesday;136;-2959,999999993306;14640,000000003783;17599,99999999709;LOSS
d16956b471e56f2c;4;VENDA;2026-07-29 06:15:28;2026-07-29 06:19:22;27975,75;27974,5;240,00000000014552;PROTECAO;600,0;125,0;234,0;2026-07-29;SOMBRA;False;6;Wednesday;137;-2719,9999999931606;14640,000000003783;17359,999999996944;GAIN
d16956b471e56f2c;4;VENDA;2026-07-29 06:19:22;2026-07-29 06:22:58;27974,5;27982,75;-800,0;STOP;175,0;825,0;216,0;2026-07-29;SOMBRA;False;6;Wednesday;138;-3519,9999999931606;14640,000000003783;18159,999999996944;LOSS
d16956b471e56f2c;4;VENDA;2026-07-29 06:39:12;2026-07-29 06:39:33;27993,5;27980,5;1200,0;TARGET;1300,0;0,0;21,0;2026-07-29;SOMBRA;False;6;Wednesday;139;-2319,9999999931606;14640,000000003783;16959,999999996944;GAIN
d16956b471e56f2c;4;VENDA;2026-07-29 06:50:06;2026-07-29 06:50:13;28035,75;28045,0;-800,0;STOP;0,0;925,0;7,0;2026-07-29;SOMBRA;False;6;Wednesday;140;-3119,9999999931606;14640,000000003783;17759,999999996944;LOSS
d16956b471e56f2c;4;VENDA;2026-07-29 06:52:11;2026-07-29 06:52:24;28053,25;28054,0;240,00000000014552;PROTECAO;650,0;75,0;13,0;2026-07-29;SOMBRA;False;6;Wednesday;141;-2879,999999993015;14640,000000003783;17519,9999999968;GAIN
d16956b471e56f2c;4;VENDA;2026-07-29 06:56:50;2026-07-29 06:57:27;28017,0;28020,5;240,00000000014552;PROTECAO;825,0;350,0;37,0;2026-07-29;SOMBRA;False;6;Wednesday;142;-2639,9999999928696;14640,000000003783;17279,999999996653;GAIN
d16956b471e56f2c;4;VENDA;2026-07-29 07:07:35;2026-07-29 07:19:21;28014,25;28001,75;1200,0;TARGET;1250,0;0,0;706,0;2026-07-29;SOMBRA;False;7;Wednesday;143;-1439,9999999928696;14640,000000003783;16079,999999996653;GAIN
d16956b471e56f2c;4;VENDA;2026-07-29 07:26:14;2026-07-29 07:29:46;27989,5;28014,75;-800,0;STOP;50,0;2525,0;212,0;2026-07-29;SOMBRA;False;7;Wednesday;144;-2239,9999999928696;14640,000000003783;16879,999999996653;LOSS
d16956b471e56f2c;4;VENDA;2026-07-29 07:39:20;2026-07-29 07:51:55;27961,0;27944,5;1200,0;TARGET;1650,0;650,0;755,0;2026-07-29;SOMBRA;False;7;Wednesday;145;-1039,9999999928696;14640,000000003783;15679,999999996653;GAIN
d16956b471e56f2c;4;VENDA;2026-07-29 07:52:35;2026-07-29 07:57:01;27938,75;27955,5;-800,0;STOP;125,0;1675,0;266,0;2026-07-29;SOMBRA;False;7;Wednesday;146;-1839,9999999928696;14640,000000003783;16479,999999996653;LOSS
d16956b471e56f2c;4;VENDA;2026-07-29 07:57:01;2026-07-29 08:00:09;27955,5;27954,75;240,00000000014552;PROTECAO;850,0;200,0;188,0;2026-07-29;SOMBRA;False;7;Wednesday;147;-1599,999999992724;14640,000000003783;16239,999999996508;GAIN
d16956b471e56f2c;4;VENDA;2026-07-29 08:00:39;2026-07-29 08:00:43;27955,25;27968,0;-800,0;STOP;0,0;1275,0;4,0;2026-07-29;SOMBRA;False;8;Wednesday;148;-2399,999999992724;14640,000000003783;17039,999999996508;LOSS
d16956b471e56f2c;4;VENDA;2026-07-29 08:02:20;2026-07-29 08:07:27;27970,5;27970,5;240,00000000014552;PROTECAO;625,0;625,0;307,0;2026-07-29;SOMBRA;False;8;Wednesday;149;-2159,9999999925785;14640,000000003783;16799,999999996362;GAIN
d16956b471e56f2c;4;VENDA;2026-07-29 08:48:41;2026-07-29 08:49:04;27990,75;27988,75;240,00000000014552;PROTECAO;500,0;500,0;23,0;2026-07-29;SOMBRA;False;8;Wednesday;150;-1919,999999992433;14640,000000003783;16559,999999996217;GAIN
d16956b471e56f2c;4;VENDA;2026-07-29 08:50:03;2026-07-29 08:53:15;27986,25;27963,75;1200,0;TARGET;2250,0;25,0;192,0;2026-07-29;SOMBRA;False;8;Wednesday;151;-719,999999992433;14640,000000003783;15359,999999996217;GAIN
d16956b471e56f2c;4;VENDA;2026-07-29 09:00:35;2026-07-29 09:07:54;28001,0;27966,0;1200,0;TARGET;3500,0;0,0;439,0;2026-07-29;SOMBRA;False;9;Wednesday;152;480,000000007567;14640,000000003783;14159,999999996217;GAIN
d16956b471e56f2c;4;VENDA;2026-07-29 09:08:01;2026-07-29 09:08:16;27967,25;27955,0;1200,0;TARGET;1225,0;150,0;15,0;2026-07-29;SOMBRA;False;9;Wednesday;153;1680,000000007567;14640,000000003783;12959,999999996217;GAIN
d16956b471e56f2c;4;VENDA;2026-07-29 09:11:45;2026-07-29 09:12:44;27970,25;27968,25;240,00000000014552;PROTECAO;725,0;475,0;59,0;2026-07-29;SOMBRA;False;9;Wednesday;154;1920,0000000077125;14640,000000003783;12719,999999996071;GAIN
d16956b471e56f2c;4;VENDA;2026-07-29 09:12:48;2026-07-29 09:13:03;27968,0;27965,75;240,00000000014552;PROTECAO;525,0;75,0;15,0;2026-07-29;SOMBRA;False;9;Wednesday;155;2160,000000007858;14640,000000003783;12479,999999995925;GAIN
d16956b471e56f2c;4;VENDA;2026-07-29 09:15:32;2026-07-29 09:16:08;27938,25;27925,5;1200,0;TARGET;1275,0;300,0;36,0;2026-07-29;SOMBRA;False;9;Wednesday;156;3360,000000007858;14640,000000003783;11279,999999995925;GAIN
d16956b471e56f2c;4;VENDA;2026-07-29 09:19:26;2026-07-29 09:19:53;27892,5;27892,0;240,00000000014552;PROTECAO;875,0;400,0;27,0;2026-07-29;SOMBRA;False;9;Wednesday;157;3600,0000000080036;14640,000000003783;11039,99999999578;GAIN
d16956b471e56f2c;4;VENDA;2026-07-29 09:21:10;2026-07-29 09:21:46;27892,5;27880,0;1200,0;TARGET;1250,0;775,0;36,0;2026-07-29;SOMBRA;False;9;Wednesday;158;4800,000000008004;14640,000000003783;9839,99999999578;GAIN
d16956b471e56f2c;4;VENDA;2026-07-29 09:23:48;2026-07-29 09:23:56;27883,25;27891,5;-800,0;STOP;0,0;825,0;8,0;2026-07-29;SOMBRA;False;9;Wednesday;159;4000,0000000080036;14640,000000003783;10639,99999999578;LOSS
d16956b471e56f2c;4;VENDA;2026-07-29 09:24:48;2026-07-29 09:25:07;27876,5;27875,5;240,00000000014552;PROTECAO;875,0;0,0;19,0;2026-07-29;SOMBRA;False;9;Wednesday;160;4240,000000008149;14640,000000003783;10399,999999995634;GAIN
d16956b471e56f2c;4;VENDA;2026-07-29 09:30:25;2026-07-29 09:30:39;27851,75;27859,75;-800,0;STOP;300,0;800,0;14,0;2026-07-29;SOMBRA;False;9;Wednesday;161;3440,000000008149;14640,000000003783;11199,999999995634;LOSS
d16956b471e56f2c;4;VENDA;2026-07-29 09:33:40;2026-07-29 09:34:31;27865,0;27873,0;-800,0;STOP;450,0;800,0;51,0;2026-07-29;SOMBRA;False;9;Wednesday;162;2640,000000008149;14640,000000003783;11999,999999995634;LOSS
d16956b471e56f2c;4;VENDA;2026-07-29 09:34:59;2026-07-29 09:35:12;27888,25;27886,25;240,00000000014552;PROTECAO;500,0;150,0;13,0;2026-07-29;SOMBRA;False;9;Wednesday;163;2880,0000000082946;14640,000000003783;11759,999999995489;GAIN
d16956b471e56f2c;4;VENDA;2026-07-29 09:36:47;2026-07-29 09:37:17;27872,75;27880,75;-800,0;STOP;150,0;800,0;30,0;2026-07-29;SOMBRA;False;9;Wednesday;164;2080,0000000082946;14640,000000003783;12559,999999995489;LOSS
d16956b471e56f2c;4;VENDA;2026-07-29 09:37:47;2026-07-29 09:39:03;27882,25;27881,5;240,00000000014552;PROTECAO;700,0;100,0;76,0;2026-07-29;SOMBRA;False;9;Wednesday;165;2320,00000000844;14640,000000003783;12319,999999995343;GAIN
d16956b471e56f2c;4;VENDA;2026-07-29 09:39:26;2026-07-29 09:41:16;27882,75;27892,0;-800,0;STOP;250,0;925,0;110,0;2026-07-29;SOMBRA;False;9;Wednesday;166;1520,00000000844;14640,000000003783;13119,999999995343;LOSS
d16956b471e56f2c;4;VENDA;2026-07-29 09:41:44;2026-07-29 09:41:54;27899,75;27907,75;-800,0;STOP;50,0;800,0;10,0;2026-07-29;SOMBRA;False;9;Wednesday;167;720,0000000084401;14640,000000003783;13919,999999995343;LOSS
d16956b471e56f2c;4;VENDA;2026-07-29 09:47:54;2026-07-29 09:49:20;27910,75;27924,0;-800,0;STOP;225,0;1325,0;86,0;2026-07-29;SOMBRA;False;9;Wednesday;168;-79,99999999155989;14640,000000003783;14719,999999995343;LOSS
d16956b471e56f2c;4;VENDA;2026-07-29 09:49:46;2026-07-29 09:54:16;27923,25;27921,5;240,00000000014552;PROTECAO;1100,0;575,0;270,0;2026-07-29;SOMBRA;False;9;Wednesday;169;160,00000000858563;14640,000000003783;14479,999999995198;GAIN
d16956b471e56f2c;4;VENDA;2026-07-29 09:54:16;2026-07-29 09:54:28;27921,5;27931,0;-800,0;STOP;0,0;950,0;12,0;2026-07-29;SOMBRA;False;9;Wednesday;170;-639,9999999914144;14640,000000003783;15279,999999995198;LOSS
d16956b471e56f2c;4;VENDA;2026-07-29 09:55:38;2026-07-29 09:55:51;27927,0;27924,75;240,00000000014552;PROTECAO;625,0;0,0;13,0;2026-07-29;SOMBRA;False;9;Wednesday;171;-399,99999999126885;14640,000000003783;15039,999999995052;GAIN
d16956b471e56f2c;4;VENDA;2026-07-29 10:00:13;2026-07-29 10:00:38;27913,0;27900,75;1200,0;TARGET;1225,0;0,0;25,0;2026-07-29;SOMBRA;False;10;Wednesday;172;800,0000000087311;14640,000000003783;13839,999999995052;GAIN
d16956b471e56f2c;4;VENDA;2026-07-29 10:02:23;2026-07-29 10:03:00;27913,0;27898,75;1200,0;TARGET;1425,0;200,0;37,0;2026-07-29;SOMBRA;False;10;Wednesday;173;2000,0000000087311;14640,000000003783;12639,999999995052;GAIN
d16956b471e56f2c;4;VENDA;2026-07-29 10:05:10;2026-07-29 10:06:01;27883,25;27881,25;240,00000000014552;PROTECAO;775,0;475,0;51,0;2026-07-29;SOMBRA;False;10;Wednesday;174;2240,0000000088767;14640,000000003783;12399,999999994907;GAIN
d16956b471e56f2c;4;VENDA;2026-07-29 10:06:35;2026-07-29 10:07:04;27881,5;27879,5;240,00000000014552;PROTECAO;1000,0;425,0;29,0;2026-07-29;SOMBRA;False;10;Wednesday;175;2480,000000009022;14640,000000003783;12159,999999994761;GAIN
d16956b471e56f2c;4;VENDA;2026-07-29 10:08:30;2026-07-29 10:09:52;27886,25;27895,0;-800,0;STOP;0,0;875,0;82,0;2026-07-29;SOMBRA;False;10;Wednesday;176;1680,0000000090222;14640,000000003783;12959,999999994761;LOSS
d16956b471e56f2c;4;VENDA;2026-07-29 10:12:11;2026-07-29 10:15:28;27880,75;27879,75;240,00000000014552;PROTECAO;1075,0;375,0;197,0;2026-07-29;SOMBRA;False;10;Wednesday;177;1920,0000000091677;14640,000000003783;12719,999999994616;GAIN
d16956b471e56f2c;4;VENDA;2026-07-29 10:17:21;2026-07-29 10:20:48;27874,25;27860,25;1200,0;TARGET;1400,0;125,0;207,0;2026-07-29;SOMBRA;False;10;Wednesday;178;3120,0000000091677;14640,000000003783;11519,999999994616;GAIN
d16956b471e56f2c;4;VENDA;2026-07-29 10:20:52;2026-07-29 10:20:59;27857,5;27865,5;-800,0;STOP;25,0;800,0;7,0;2026-07-29;SOMBRA;False;10;Wednesday;179;2320,0000000091677;14640,000000003783;12319,999999994616;LOSS
d16956b471e56f2c;4;VENDA;2026-07-29 10:22:28;2026-07-29 10:22:36;27888,5;27886,25;240,00000000014552;PROTECAO;600,0;250,0;8,0;2026-07-29;SOMBRA;False;10;Wednesday;180;2560,000000009313;14640,000000003783;12079,99999999447;GAIN
d16956b471e56f2c;4;VENDA;2026-07-29 10:23:39;2026-07-29 10:24:55;27887,0;27895,25;-800,0;STOP;225,0;825,0;76,0;2026-07-29;SOMBRA;False;10;Wednesday;181;1760,0000000093132;14640,000000003783;12879,99999999447;LOSS
d16956b471e56f2c;4;VENDA;2026-07-29 10:24:55;2026-07-29 10:25:00;27895,25;27895,25;240,00000000014552;PROTECAO;1000,0;75,0;5,0;2026-07-29;SOMBRA;False;10;Wednesday;182;2000,0000000094587;14640,000000003783;12639,999999994325;GAIN
d16956b471e56f2c;4;VENDA;2026-07-29 10:26:06;2026-07-29 10:26:29;27908,5;27917,75;-800,0;STOP;25,0;925,0;23,0;2026-07-29;SOMBRA;False;10;Wednesday;183;1200,0000000094587;14640,000000003783;13439,999999994325;LOSS
d16956b471e56f2c;4;VENDA;2026-07-29 10:27:37;2026-07-29 10:27:40;27926,25;27914,25;1200,0;TARGET;1200,0;0,0;3,0;2026-07-29;SOMBRA;False;10;Wednesday;184;2400,0000000094587;14640,000000003783;12239,999999994325;GAIN
d16956b471e56f2c;4;VENDA;2026-07-29 10:29:52;2026-07-29 10:29:59;27911,75;27914,5;240,00000000014552;PROTECAO;625,0;275,0;7,0;2026-07-29;SOMBRA;False;10;Wednesday;185;2640,0000000096043;14640,000000003783;11999,99999999418;GAIN
d16956b471e56f2c;4;VENDA;2026-07-29 10:31:12;2026-07-29 10:31:14;27869,5;27869,25;240,00000000014552;PROTECAO;500,0;25,0;2,0;2026-07-29;SOMBRA;False;10;Wednesday;186;2880,00000000975;14640,000000003783;11759,999999994034;GAIN
d16956b471e56f2c;4;VENDA;2026-07-29 10:33:03;2026-07-29 10:33:05;27924,25;27923,25;240,00000000014552;PROTECAO;500,0;250,0;2,0;2026-07-29;SOMBRA;False;10;Wednesday;187;3120,0000000098953;14640,000000003783;11519,999999993888;GAIN
d16956b471e56f2c;4;VENDA;2026-07-29 10:35:04;2026-07-29 10:35:06;27963,0;27974,0;-800,0;STOP;300,0;1100,0;2,0;2026-07-29;SOMBRA;False;10;Wednesday;188;2320,0000000098953;14640,000000003783;12319,999999993888;LOSS
d16956b471e56f2c;4;VENDA;2026-07-29 10:36:19;2026-07-29 10:36:21;27963,5;27949,75;1200,0;TARGET;1375,0;0,0;2,0;2026-07-29;SOMBRA;False;10;Wednesday;189;3520,0000000098953;14640,000000003783;11119,999999993888;GAIN
d16956b471e56f2c;4;VENDA;2026-07-29 10:38:15;2026-07-29 10:38:20;27929,75;27938,5;-800,0;STOP;400,0;875,0;5,0;2026-07-29;SOMBRA;False;10;Wednesday;190;2720,0000000098953;14640,000000003783;11919,999999993888;LOSS
d16956b471e56f2c;4;VENDA;2026-07-29 10:39:27;2026-07-29 10:39:29;27885,5;27870,0;1200,0;TARGET;1550,0;0,0;2,0;2026-07-29;SOMBRA;False;10;Wednesday;191;3920,0000000098953;14640,000000003783;10719,999999993888;GAIN
d16956b471e56f2c;4;VENDA;2026-07-29 10:42:37;2026-07-29 10:42:41;27882,25;27880,25;240,00000000014552;PROTECAO;675,0;150,0;4,0;2026-07-29;SOMBRA;False;10;Wednesday;192;4160,000000010041;14640,000000003783;10479,999999993743;GAIN
d16956b471e56f2c;4;VENDA;2026-07-29 10:43:37;2026-07-29 10:43:40;27881,0;27868,75;1200,0;TARGET;1225,0;0,0;3,0;2026-07-29;SOMBRA;False;10;Wednesday;193;5360,000000010041;14640,000000003783;9279,999999993743;GAIN
d16956b471e56f2c;4;VENDA;2026-07-29 10:45:03;2026-07-29 10:45:06;27940,75;27927,0;1200,0;TARGET;1375,0;425,0;3,0;2026-07-29;SOMBRA;False;10;Wednesday;194;6560,000000010041;14640,000000003783;8079,999999993743;GAIN
d16956b471e56f2c;4;VENDA;2026-07-29 10:48:12;2026-07-29 10:48:22;27854,5;27837,75;1200,0;TARGET;1675,0;200,0;10,0;2026-07-29;SOMBRA;False;10;Wednesday;195;7760,000000010041;14640,000000003783;6879,999999993743;GAIN
d16956b471e56f2c;4;VENDA;2026-07-29 10:49:34;2026-07-29 10:49:41;27828,0;27836,5;-800,0;STOP;0,0;850,0;7,0;2026-07-29;SOMBRA;False;10;Wednesday;196;6960,000000010041;14640,000000003783;7679,999999993743;LOSS
d16956b471e56f2c;4;VENDA;2026-07-29 10:53:14;2026-07-29 10:53:16;27721,75;27730,25;-800,0;STOP;0,0;850,0;2,0;2026-07-29;SOMBRA;False;10;Wednesday;197;6160,000000010041;14640,000000003783;8479,999999993743;LOSS
d16956b471e56f2c;4;VENDA;2026-07-29 10:54:20;2026-07-29 10:54:24;27755,75;27741,0;1200,0;TARGET;1475,0;400,0;4,0;2026-07-29;SOMBRA;False;10;Wednesday;198;7360,000000010041;14640,000000003783;7279,999999993743;GAIN
d16956b471e56f2c;4;VENDA;2026-07-29 10:59:05;2026-07-29 10:59:12;27739,5;27738,25;240,00000000014552;PROTECAO;525,0;575,0;7,0;2026-07-29;SOMBRA;False;10;Wednesday;199;7600,000000010186;14640,000000003783;7039,999999993597;GAIN
d16956b471e56f2c;4;VENDA;2026-07-29 11:01:44;2026-07-29 11:01:48;27757,75;27765,75;-800,0;STOP;0,0;800,0;4,0;2026-07-29;SOMBRA;False;11;Wednesday;200;6800,000000010186;14640,000000003783;7839,999999993597;LOSS
d16956b471e56f2c;4;VENDA;2026-07-29 11:02:52;2026-07-29 11:02:56;27765,75;27776,0;-800,0;STOP;300,0;1025,0;4,0;2026-07-29;SOMBRA;False;11;Wednesday;201;6000,000000010186;14640,000000003783;8639,999999993597;LOSS
d16956b471e56f2c;4;VENDA;2026-07-29 11:07:11;2026-07-29 11:07:14;27732,5;27718,25;1200,0;TARGET;1425,0;0,0;3,0;2026-07-29;SOMBRA;False;11;Wednesday;202;7200,000000010186;14640,000000003783;7439,999999993597;GAIN
d16956b471e56f2c;4;VENDA;2026-07-29 11:08:54;2026-07-29 11:08:57;27727,5;27737,75;-800,0;STOP;100,0;1025,0;3,0;2026-07-29;SOMBRA;False;11;Wednesday;203;6400,000000010186;14640,000000003783;8239,999999993597;LOSS
d16956b471e56f2c;4;VENDA;2026-07-29 11:10:15;2026-07-29 11:10:32;27716,25;27715,5;240,00000000014552;PROTECAO;1050,0;600,0;17,0;2026-07-29;SOMBRA;False;11;Wednesday;204;6640,000000010332;14640,000000003783;7999,999999993452;GAIN
d16956b471e56f2c;4;VENDA;2026-07-29 11:11:15;2026-07-29 11:11:17;27729,5;27728,25;240,00000000014552;PROTECAO;650,0;0,0;2,0;2026-07-29;SOMBRA;False;11;Wednesday;205;6880,000000010477;14640,000000003783;7759,999999993306;GAIN
d16956b471e56f2c;4;VENDA;2026-07-29 11:14:25;2026-07-29 11:14:32;27647,75;27656,0;-800,0;STOP;250,0;825,0;7,0;2026-07-29;SOMBRA;False;11;Wednesday;206;6080,000000010477;14640,000000003783;8559,999999993306;LOSS
d16956b471e56f2c;4;VENDA;2026-07-29 11:15:28;2026-07-29 11:15:46;27670,75;27658,0;1200,0;TARGET;1275,0;675,0;18,0;2026-07-29;SOMBRA;False;11;Wednesday;207;7280,000000010477;14640,000000003783;7359,999999993306;GAIN
d16956b471e56f2c;4;VENDA;2026-07-29 11:17:24;2026-07-29 11:17:29;27660,5;27660,0;240,00000000014552;PROTECAO;675,0;0,0;5,0;2026-07-29;SOMBRA;False;11;Wednesday;208;7520,000000010623;14640,000000003783;7119,999999993161;GAIN
d16956b471e56f2c;4;VENDA;2026-07-29 11:20:10;2026-07-29 11:20:11;27659,0;27667,25;-800,0;STOP;0,0;825,0;1,0;2026-07-29;SOMBRA;False;11;Wednesday;209;6720,000000010623;14640,000000003783;7919,999999993161;LOSS
d16956b471e56f2c;4;VENDA;2026-07-29 11:21:39;2026-07-29 11:21:45;27674,75;27684,0;-800,0;STOP;225,0;925,0;6,0;2026-07-29;SOMBRA;False;11;Wednesday;210;5920,000000010623;14640,000000003783;8719,99999999316;LOSS
d16956b471e56f2c;4;VENDA;2026-07-29 11:22:48;2026-07-29 11:22:54;27685,0;27683,25;240,00000000014552;PROTECAO;600,0;275,0;6,0;2026-07-29;SOMBRA;False;11;Wednesday;211;6160,000000010768;14640,000000003783;8479,999999993015;GAIN
d16956b471e56f2c;4;VENDA;2026-07-29 11:26:10;2026-07-29 11:26:13;27552,25;27550,0;240,00000000014552;PROTECAO;575,0;0,0;3,0;2026-07-29;SOMBRA;False;11;Wednesday;212;6400,000000010914;14640,000000003783;8239,99999999287;GAIN
d16956b471e56f2c;4;VENDA;2026-07-29 11:28:20;2026-07-29 11:28:38;27564,0;27574,5;-800,0;STOP;425,0;1050,0;18,0;2026-07-29;SOMBRA;False;11;Wednesday;213;5600,000000010914;14640,000000003783;9039,99999999287;LOSS
d16956b471e56f2c;4;VENDA;2026-07-29 11:30:00;2026-07-29 11:30:01;27584,25;27584,75;240,00000000014552;PROTECAO;675,0;50,0;1,0;2026-07-29;SOMBRA;False;11;Wednesday;214;5840,0000000110595;14640,000000003783;8799,999999992724;GAIN
d16956b471e56f2c;4;VENDA;2026-07-29 11:32:22;2026-07-29 11:32:39;27627,0;27625,5;240,00000000014552;PROTECAO;875,0;575,0;17,0;2026-07-29;SOMBRA;False;11;Wednesday;215;6080,000000011205;14640,000000003783;8559,999999992579;GAIN
d16956b471e56f2c;4;VENDA;2026-07-29 11:33:48;2026-07-29 11:34:02;27635,5;27620,0;1200,0;TARGET;1550,0;225,0;14,0;2026-07-29;SOMBRA;False;11;Wednesday;216;7280,000000011205;14640,000000003783;7359,9999999925785;GAIN
d16956b471e56f2c;4;VENDA;2026-07-29 11:35:55;2026-07-29 11:36:00;27610,75;27620,0;-800,0;STOP;125,0;925,0;5,0;2026-07-29;SOMBRA;False;11;Wednesday;217;6480,000000011205;14640,000000003783;8159,9999999925785;LOSS
d16956b471e56f2c;4;VENDA;2026-07-29 11:38:16;2026-07-29 11:38:44;27591,75;27591,25;240,00000000014552;PROTECAO;650,0;550,0;28,0;2026-07-29;SOMBRA;False;11;Wednesday;218;6720,0000000113505;14640,000000003783;7919,999999992433;GAIN
d16956b471e56f2c;4;VENDA;2026-07-29 11:40:29;2026-07-29 11:40:41;27531,25;27531,5;240,00000000014552;PROTECAO;550,0;375,0;12,0;2026-07-29;SOMBRA;False;11;Wednesday;219;6960,000000011496;14640,000000003783;7679,9999999922875;GAIN
d16956b471e56f2c;4;VENDA;2026-07-29 11:42:16;2026-07-29 11:42:26;27529,25;27528,0;240,00000000014552;PROTECAO;550,0;100,0;10,0;2026-07-29;SOMBRA;False;11;Wednesday;220;7200,0000000116415;14640,000000003783;7439,999999992142;GAIN
d16956b471e56f2c;4;VENDA;2026-07-29 11:44:24;2026-07-29 11:44:28;27522,0;27530,0;-800,0;STOP;25,0;800,0;4,0;2026-07-29;SOMBRA;False;11;Wednesday;221;6400,0000000116415;14640,000000003783;8239,999999992142;LOSS
d16956b471e56f2c;4;VENDA;2026-07-29 11:46:14;2026-07-29 11:46:27;27530,75;27528,5;240,00000000014552;PROTECAO;875,0;475,0;13,0;2026-07-29;SOMBRA;False;11;Wednesday;222;6640,000000011787;14640,000000003783;7999,999999991996;GAIN
d16956b471e56f2c;4;VENDA;2026-07-29 11:48:04;2026-07-29 11:48:08;27538,0;27536,5;240,00000000014552;PROTECAO;550,0;100,0;4,0;2026-07-29;SOMBRA;False;11;Wednesday;223;6880,000000011933;14640,000000003783;7759,999999991851;GAIN
d16956b471e56f2c;4;VENDA;2026-07-29 11:49:04;2026-07-29 11:49:09;27541,75;27551,75;-800,0;STOP;175,0;1000,0;5,0;2026-07-29;SOMBRA;False;11;Wednesday;224;6080,000000011933;14640,000000003783;8559,999999991851;LOSS
d16956b471e56f2c;4;VENDA;2026-07-29 11:51:26;2026-07-29 11:51:45;27574,75;27585,0;-800,0;STOP;425,0;1025,0;19,0;2026-07-29;SOMBRA;False;11;Wednesday;225;5280,000000011933;14640,000000003783;9359,999999991851;LOSS
d16956b471e56f2c;4;VENDA;2026-07-29 11:53:16;2026-07-29 11:53:26;27605,75;27608,5;240,00000000014552;PROTECAO;500,0;275,0;10,0;2026-07-29;SOMBRA;False;11;Wednesday;226;5520,000000012078;14640,000000003783;9119,999999991705;GAIN
d16956b471e56f2c;4;VENDA;2026-07-29 11:54:16;2026-07-29 11:54:23;27595,75;27593,75;240,00000000014552;PROTECAO;725,0;0,0;7,0;2026-07-29;SOMBRA;False;11;Wednesday;227;5760,000000012224;14640,000000003783;8879,99999999156;GAIN
d16956b471e56f2c;4;VENDA;2026-07-29 11:56:25;2026-07-29 11:56:46;27561,5;27571,75;-800,0;STOP;0,0;1025,0;21,0;2026-07-29;SOMBRA;False;11;Wednesday;228;4960,000000012224;14640,000000003783;9679,99999999156;LOSS
d16956b471e56f2c;4;VENDA;2026-07-29 11:59:15;2026-07-29 11:59:20;27600,25;27608,75;-800,0;STOP;0,0;850,0;5,0;2026-07-29;SOMBRA;False;11;Wednesday;229;4160,000000012224;14640,000000003783;10479,99999999156;LOSS
d16956b471e56f2c;4;VENDA;2026-07-29 12:00:15;2026-07-29 12:00:16;27609,25;27617,25;-800,0;STOP;0,0;800,0;1,0;2026-07-29;SOMBRA;False;12;Wednesday;230;3360,0000000122236;14640,000000003783;11279,99999999156;LOSS
d16956b471e56f2c;4;VENDA;2026-07-29 12:04:56;2026-07-29 12:05:05;27633,75;27632,0;240,00000000014552;PROTECAO;1000,0;525,0;9,0;2026-07-29;SOMBRA;False;12;Wednesday;231;3600,000000012369;14640,000000003783;11039,999999991414;GAIN
d16956b471e56f2c;4;VENDA;2026-07-29 12:06:13;2026-07-29 12:06:31;27614,75;27624,75;-800,0;STOP;175,0;1000,0;18,0;2026-07-29;SOMBRA;False;12;Wednesday;232;2800,000000012369;14640,000000003783;11839,999999991414;LOSS
d16956b471e56f2c;4;VENDA;2026-07-29 12:08:38;2026-07-29 12:08:54;27646,75;27644,75;240,00000000014552;PROTECAO;1175,0;100,0;16,0;2026-07-29;SOMBRA;False;12;Wednesday;233;3040,0000000125146;14640,000000003783;11599,999999991269;GAIN
d16956b471e56f2c;4;VENDA;2026-07-29 12:11:12;2026-07-29 12:11:17;27579,75;27581,0;240,00000000014552;PROTECAO;550,0;125,0;5,0;2026-07-29;SOMBRA;False;12;Wednesday;234;3280,00000001266;14640,000000003783;11359,999999991123;GAIN
d16956b471e56f2c;4;VENDA;2026-07-29 12:12:12;2026-07-29 12:12:30;27594,5;27592,5;240,00000000014552;PROTECAO;1150,0;475,0;18,0;2026-07-29;SOMBRA;False;12;Wednesday;235;3520,0000000128057;14640,000000003783;11119,999999990978;GAIN
d16956b471e56f2c;4;VENDA;2026-07-29 12:14:09;2026-07-29 12:14:18;27582,0;27570,0;1200,0;TARGET;1200,0;0,0;9,0;2026-07-29;SOMBRA;False;12;Wednesday;236;4720,000000012806;14640,000000003783;9919,999999990978;GAIN
d16956b471e56f2c;4;VENDA;2026-07-29 12:16:20;2026-07-29 12:16:27;27608,5;27616,75;-800,0;STOP;325,0;825,0;7,0;2026-07-29;SOMBRA;False;12;Wednesday;237;3920,0000000128057;14640,000000003783;10719,999999990978;LOSS
d16956b471e56f2c;4;VENDA;2026-07-29 12:19:31;2026-07-29 12:19:39;27575,5;27573,5;240,00000000014552;PROTECAO;525,0;100,0;8,0;2026-07-29;SOMBRA;False;12;Wednesday;238;4160,000000012951;14640,000000003783;10479,999999990832;GAIN
d16956b471e56f2c;4;VENDA;2026-07-29 12:23:03;2026-07-29 12:23:08;27576,25;27584,75;-800,0;STOP;0,0;850,0;5,0;2026-07-29;SOMBRA;False;12;Wednesday;239;3360,000000012951;14640,000000003783;11279,999999990832;LOSS
d16956b471e56f2c;4;VENDA;2026-07-29 12:24:17;2026-07-29 12:24:27;27595,5;27582,5;1200,0;TARGET;1300,0;0,0;10,0;2026-07-29;SOMBRA;False;12;Wednesday;240;4560,000000012951;14640,000000003783;10079,999999990832;GAIN
d16956b471e56f2c;4;VENDA;2026-07-29 12:29:37;2026-07-29 12:30:01;27560,5;27545,0;1200,0;TARGET;1550,0;225,0;24,0;2026-07-29;SOMBRA;False;12;Wednesday;241;5760,000000012951;14640,000000003783;8879,999999990832;GAIN
d16956b471e56f2c;4;VENDA;2026-07-29 12:31:09;2026-07-29 12:31:16;27567,25;27553,75;1200,0;TARGET;1350,0;0,0;7,0;2026-07-29;SOMBRA;False;12;Wednesday;242;6960,000000012951;14640,000000003783;7679,999999990832;GAIN
d16956b471e56f2c;4;VENDA;2026-07-29 12:33:01;2026-07-29 12:33:02;27562,25;27571,0;-800,0;STOP;50,0;875,0;1,0;2026-07-29;SOMBRA;False;12;Wednesday;243;6160,000000012951;14640,000000003783;8479,999999990832;LOSS
d16956b471e56f2c;4;VENDA;2026-07-29 12:34:02;2026-07-29 12:34:16;27579,25;27567,25;1200,0;TARGET;1200,0;425,0;14,0;2026-07-29;SOMBRA;False;12;Wednesday;244;7360,000000012951;14640,000000003783;7279,999999990832;GAIN
d16956b471e56f2c;4;VENDA;2026-07-29 12:35:29;2026-07-29 12:35:40;27563,0;27573,5;-800,0;STOP;225,0;1050,0;11,0;2026-07-29;SOMBRA;False;12;Wednesday;245;6560,000000012951;14640,000000003783;8079,999999990832;LOSS
d16956b471e56f2c;4;VENDA;2026-07-29 12:40:19;2026-07-29 12:40:53;27532,0;27540,25;-800,0;STOP;375,0;825,0;34,0;2026-07-29;SOMBRA;False;12;Wednesday;246;5760,000000012951;14640,000000003783;8879,999999990832;LOSS
d16956b471e56f2c;4;VENDA;2026-07-29 12:41:45;2026-07-29 12:42:20;27544,25;27552,25;-800,0;STOP;50,0;800,0;35,0;2026-07-29;SOMBRA;False;12;Wednesday;247;4960,000000012951;14640,000000003783;9679,999999990832;LOSS
d16956b471e56f2c;4;VENDA;2026-07-29 12:44:19;2026-07-29 12:44:28;27535,25;27533,5;240,00000000014552;PROTECAO;575,0;50,0;9,0;2026-07-29;SOMBRA;False;12;Wednesday;248;5200,000000013097;14640,000000003783;9439,999999990687;GAIN
d16956b471e56f2c;4;VENDA;2026-07-29 12:45:19;2026-07-29 12:45:45;27533,0;27521,0;1200,0;TARGET;1200,0;0,0;26,0;2026-07-29;SOMBRA;False;12;Wednesday;249;6400,000000013097;14640,000000003783;8239,999999990687;GAIN
d16956b471e56f2c;4;VENDA;2026-07-29 12:47:18;2026-07-29 12:47:55;27538,5;27548,0;-800,0;STOP;300,0;950,0;37,0;2026-07-29;SOMBRA;False;12;Wednesday;250;5600,000000013097;14640,000000003783;9039,999999990687;LOSS
d16956b471e56f2c;4;VENDA;2026-07-29 12:48:34;2026-07-29 12:48:38;27562,75;27562,75;240,00000000014552;PROTECAO;500,0;125,0;4,0;2026-07-29;SOMBRA;False;12;Wednesday;251;5840,000000013242;14640,000000003783;8799,999999990541;GAIN
d16956b471e56f2c;4;VENDA;2026-07-29 12:50:06;2026-07-29 12:50:18;27555,25;27566,5;-800,0;STOP;0,0;1125,0;12,0;2026-07-29;SOMBRA;False;12;Wednesday;252;5040,000000013242;14640,000000003783;9599,999999990541;LOSS
d16956b471e56f2c;4;VENDA;2026-07-29 12:51:31;2026-07-29 12:52:48;27553,0;27540,75;1200,0;TARGET;1225,0;700,0;77,0;2026-07-29;SOMBRA;False;12;Wednesday;253;6240,000000013242;14640,000000003783;8399,999999990541;GAIN
d16956b471e56f2c;4;VENDA;2026-07-29 12:54:13;2026-07-29 12:54:18;27523,25;27521,5;240,00000000014552;PROTECAO;650,0;0,0;5,0;2026-07-29;SOMBRA;False;12;Wednesday;254;6480,000000013388;14640,000000003783;8159,999999990396;GAIN
d16956b471e56f2c;4;VENDA;2026-07-29 12:57:50;2026-07-29 12:58:10;27490,0;27489,5;240,00000000014552;PROTECAO;725,0;225,0;20,0;2026-07-29;SOMBRA;False;12;Wednesday;255;6720,000000013533;14640,000000003783;7919,99999999025;GAIN
d16956b471e56f2c;4;VENDA;2026-07-29 13:03:40;2026-07-29 13:03:49;27480,75;27479,75;240,00000000014552;PROTECAO;550,0;500,0;9,0;2026-07-29;SOMBRA;False;13;Wednesday;256;6960,000000013679;14640,000000003783;7679,999999990105;GAIN
d16956b471e56f2c;4;VENDA;2026-07-29 13:05:11;2026-07-29 13:05:30;27443,5;27429,0;1200,0;TARGET;1450,0;600,0;19,0;2026-07-29;SOMBRA;False;13;Wednesday;257;8160,000000013679;14640,000000003783;6479,999999990105;GAIN
d16956b471e56f2c;4;VENDA;2026-07-29 13:06:11;2026-07-29 13:06:27;27449,75;27437,75;1200,0;TARGET;1200,0;0,0;16,0;2026-07-29;SOMBRA;False;13;Wednesday;258;9360,000000013679;14640,000000003783;5279,999999990105;GAIN
d16956b471e56f2c;4;VENDA;2026-07-29 13:08:32;2026-07-29 13:08:36;27452,75;27460,75;-800,0;STOP;0,0;800,0;4,0;2026-07-29;SOMBRA;False;13;Wednesday;259;8560,000000013679;14640,000000003783;6079,999999990105;LOSS
d16956b471e56f2c;4;VENDA;2026-07-29 13:09:46;2026-07-29 13:09:58;27451,25;27461,25;-800,0;STOP;0,0;1000,0;12,0;2026-07-29;SOMBRA;False;13;Wednesday;260;7760,000000013679;14640,000000003783;6879,999999990105;LOSS
d16956b471e56f2c;4;VENDA;2026-07-29 13:11:02;2026-07-29 13:11:05;27466,0;27464,75;240,00000000014552;PROTECAO;550,0;0,0;3,0;2026-07-29;SOMBRA;False;13;Wednesday;261;8000,000000013824;14640,000000003783;6639,999999989959;GAIN
d16956b471e56f2c;4;VENDA;2026-07-29 13:15:06;2026-07-29 13:15:17;27414,5;27423,0;-800,0;STOP;325,0;850,0;11,0;2026-07-29;SOMBRA;False;13;Wednesday;262;7200,000000013824;14640,000000003783;7439,999999989959;LOSS
d16956b471e56f2c;4;VENDA;2026-07-29 13:17:29;2026-07-29 13:17:38;27426,0;27435,75;-800,0;STOP;25,0;975,0;9,0;2026-07-29;SOMBRA;False;13;Wednesday;263;6400,000000013824;14640,000000003783;8239,99999998996;LOSS
d16956b471e56f2c;4;VENDA;2026-07-29 13:19:22;2026-07-29 13:20:17;27447,25;27445,0;240,00000000014552;PROTECAO;750,0;525,0;55,0;2026-07-29;SOMBRA;False;13;Wednesday;264;6640,00000001397;14640,000000003783;7999,999999989814;GAIN
d16956b471e56f2c;4;VENDA;2026-07-29 13:20:22;2026-07-29 13:20:36;27446,0;27444,25;240,00000000014552;PROTECAO;575,0;550,0;14,0;2026-07-29;SOMBRA;False;13;Wednesday;265;6880,000000014115;14640,000000003783;7759,999999989668;GAIN
d16956b471e56f2c;4;VENDA;2026-07-29 13:23:06;2026-07-29 13:23:07;27503,5;27514,0;-800,0;STOP;0,0;1050,0;1,0;2026-07-29;SOMBRA;False;13;Wednesday;266;6080,000000014115;14640,000000003783;8559,999999989668;LOSS
d16956b471e56f2c;4;VENDA;2026-07-29 13:25:03;2026-07-29 13:25:08;27517,0;27525,75;-800,0;STOP;350,0;875,0;5,0;2026-07-29;SOMBRA;False;13;Wednesday;267;5280,000000014115;14640,000000003783;9359,999999989668;LOSS
d16956b471e56f2c;4;VENDA;2026-07-29 13:26:50;2026-07-29 13:26:58;27530,5;27540,0;-800,0;STOP;0,0;950,0;8,0;2026-07-29;SOMBRA;False;13;Wednesday;268;4480,000000014115;14640,000000003783;10159,999999989668;LOSS
d16956b471e56f2c;4;VENDA;2026-07-29 13:28:08;2026-07-29 13:28:16;27532,0;27540,25;-800,0;STOP;75,0;825,0;8,0;2026-07-29;SOMBRA;False;13;Wednesday;269;3680,0000000141154;14640,000000003783;10959,999999989668;LOSS
d16956b471e56f2c;4;VENDA;2026-07-29 13:30:06;2026-07-29 13:30:22;27558,0;27566,25;-800,0;STOP;475,0;825,0;16,0;2026-07-29;SOMBRA;False;13;Wednesday;270;2880,0000000141154;14640,000000003783;11759,999999989668;LOSS
d16956b471e56f2c;4;VENDA;2026-07-29 13:31:36;2026-07-29 13:31:56;27559,75;27557,5;240,00000000014552;PROTECAO;725,0;25,0;20,0;2026-07-29;SOMBRA;False;13;Wednesday;271;3120,000000014261;14640,000000003783;11519,999999989523;GAIN
d16956b471e56f2c;4;VENDA;2026-07-29 13:33:05;2026-07-29 13:33:18;27542,0;27551,0;-800,0;STOP;0,0;900,0;13,0;2026-07-29;SOMBRA;False;13;Wednesday;272;2320,000000014261;14640,000000003783;12319,999999989523;LOSS
d16956b471e56f2c;4;VENDA;2026-07-29 13:34:05;2026-07-29 13:34:16;27558,25;27546,0;1200,0;TARGET;1225,0;50,0;11,0;2026-07-29;SOMBRA;False;13;Wednesday;273;3520,000000014261;14640,000000003783;11119,999999989523;GAIN
d16956b471e56f2c;4;VENDA;2026-07-29 13:35:33;2026-07-29 13:35:50;27516,5;27503,75;1200,0;TARGET;1275,0;275,0;17,0;2026-07-29;SOMBRA;False;13;Wednesday;274;4720,000000014261;14640,000000003783;9919,999999989523;GAIN
d16956b471e56f2c;4;VENDA;2026-07-29 13:36:51;2026-07-29 13:37:22;27499,5;27508,5;-800,0;STOP;250,0;900,0;31,0;2026-07-29;SOMBRA;False;13;Wednesday;275;3920,000000014261;14640,000000003783;10719,999999989523;LOSS
d16956b471e56f2c;4;VENDA;2026-07-29 13:38:57;2026-07-29 13:39:20;27513,5;27522,25;-800,0;STOP;200,0;875,0;23,0;2026-07-29;SOMBRA;False;13;Wednesday;276;3120,000000014261;14640,000000003783;11519,999999989523;LOSS
d16956b471e56f2c;4;VENDA;2026-07-29 13:40:25;2026-07-29 13:40:30;27531,75;27517,5;1200,0;TARGET;1425,0;0,0;5,0;2026-07-29;SOMBRA;False;13;Wednesday;277;4320,000000014261;14640,000000003783;10319,999999989523;GAIN
d16956b471e56f2c;4;VENDA;2026-07-29 13:42:25;2026-07-29 13:43:10;27493,75;27503,5;-800,0;STOP;425,0;975,0;45,0;2026-07-29;SOMBRA;False;13;Wednesday;278;3520,000000014261;14640,000000003783;11119,999999989523;LOSS
d16956b471e56f2c;4;VENDA;2026-07-29 13:44:04;2026-07-29 13:44:42;27496,25;27494,25;240,00000000014552;PROTECAO;1050,0;0,0;38,0;2026-07-29;SOMBRA;False;13;Wednesday;279;3760,0000000144064;14640,000000003783;10879,999999989377;GAIN
d16956b471e56f2c;4;VENDA;2026-07-29 13:46:29;2026-07-29 13:47:04;27495,25;27504,5;-800,0;STOP;175,0;925,0;35,0;2026-07-29;SOMBRA;False;13;Wednesday;280;2960,0000000144064;14640,000000003783;11679,999999989377;LOSS
d16956b471e56f2c;4;VENDA;2026-07-29 13:49:00;2026-07-29 13:49:19;27527,25;27535,25;-800,0;STOP;275,0;800,0;19,0;2026-07-29;SOMBRA;False;13;Wednesday;281;2160,0000000144064;14640,000000003783;12479,999999989377;LOSS
d16956b471e56f2c;4;VENDA;2026-07-29 13:50:00;2026-07-29 13:50:14;27553,0;27561,25;-800,0;STOP;50,0;825,0;14,0;2026-07-29;SOMBRA;False;13;Wednesday;282;1360,0000000144064;14640,000000003783;13279,999999989377;LOSS
d16956b471e56f2c;4;VENDA;2026-07-29 13:51:12;2026-07-29 13:51:24;27548,75;27550,5;240,00000000014552;PROTECAO;600,0;425,0;12,0;2026-07-29;SOMBRA;False;13;Wednesday;283;1600,000000014552;14640,000000003783;13039,999999989232;GAIN
d16956b471e56f2c;4;VENDA;2026-07-29 13:52:33;2026-07-29 13:52:35;27547,25;27555,5;-800,0;STOP;0,0;825,0;2,0;2026-07-29;SOMBRA;False;13;Wednesday;284;800,0000000145519;14640,000000003783;13839,999999989232;LOSS
d16956b471e56f2c;4;VENDA;2026-07-29 13:53:56;2026-07-29 13:54:17;27568,5;27556,25;1200,0;TARGET;1225,0;275,0;21,0;2026-07-29;SOMBRA;False;13;Wednesday;285;2000,000000014552;14640,000000003783;12639,999999989232;GAIN
d16956b471e56f2c;4;VENDA;2026-07-29 13:56:09;2026-07-29 13:56:26;27565,0;27562,75;240,00000000014552;PROTECAO;650,0;550,0;17,0;2026-07-29;SOMBRA;False;13;Wednesday;286;2240,0000000146974;14640,000000003783;12399,999999989086;GAIN
d16956b471e56f2c;4;VENDA;2026-07-29 13:58:08;2026-07-29 13:58:32;27581,5;27584,25;240,00000000014552;PROTECAO;900,0;275,0;24,0;2026-07-29;SOMBRA;False;13;Wednesday;287;2480,000000014843;14640,000000003783;12159,99999998894;GAIN
d16956b471e56f2c;4;VENDA;2026-07-29 14:00:01;2026-07-29 14:00:14;27604,25;27612,5;-800,0;STOP;375,0;825,0;13,0;2026-07-29;SOMBRA;False;14;Wednesday;288;1680,000000014843;14640,000000003783;12959,99999998894;LOSS
d16956b471e56f2c;4;VENDA;2026-07-29 14:01:15;2026-07-29 14:01:27;27609,75;27617,75;-800,0;STOP;75,0;800,0;12,0;2026-07-29;SOMBRA;False;14;Wednesday;289;880,000000014843;14640,000000003783;13759,99999998894;LOSS
d16956b471e56f2c;4;VENDA;2026-07-29 14:02:51;2026-07-29 14:03:04;27620,0;27618,5;240,00000000014552;PROTECAO;800,0;100,0;13,0;2026-07-29;SOMBRA;False;14;Wednesday;290;1120,0000000149885;14640,000000003783;13519,999999988795;GAIN
d16956b471e56f2c;4;VENDA;2026-07-29 14:04:03;2026-07-29 14:04:15;27645,5;27644,25;240,00000000014552;PROTECAO;700,0;425,0;12,0;2026-07-29;SOMBRA;False;14;Wednesday;291;1360,000000015134;14640,000000003783;13279,99999998865;GAIN
d16956b471e56f2c;4;VENDA;2026-07-29 14:06:05;2026-07-29 14:06:16;27657,75;27656,0;240,00000000014552;PROTECAO;700,0;50,0;11,0;2026-07-29;SOMBRA;False;14;Wednesday;292;1600,0000000152795;14640,000000003783;13039,999999988504;GAIN
d16956b471e56f2c;4;VENDA;2026-07-29 14:07:21;2026-07-29 14:08:00;27646,5;27645,25;240,00000000014552;PROTECAO;500,0;550,0;39,0;2026-07-29;SOMBRA;False;14;Wednesday;293;1840,000000015425;14640,000000003783;12799,999999988358;GAIN
d16956b471e56f2c;4;VENDA;2026-07-29 14:09:06;2026-07-29 14:09:47;27647,75;27656,25;-800,0;STOP;475,0;850,0;41,0;2026-07-29;SOMBRA;False;14;Wednesday;294;1040,000000015425;14640,000000003783;13599,999999988358;LOSS
d16956b471e56f2c;4;VENDA;2026-07-29 14:11:16;2026-07-29 14:11:30;27685,75;27683,5;240,00000000014552;PROTECAO;650,0;300,0;14,0;2026-07-29;SOMBRA;False;14;Wednesday;295;1280,0000000155705;14640,000000003783;13359,999999988213;GAIN
d16956b471e56f2c;4;VENDA;2026-07-29 14:12:20;2026-07-29 14:12:52;27679,25;27688,0;-800,0;STOP;400,0;875,0;32,0;2026-07-29;SOMBRA;False;14;Wednesday;296;480,00000001557055;14640,000000003783;14159,999999988213;LOSS
d16956b471e56f2c;4;VENDA;2026-07-29 14:15:14;2026-07-29 14:15:42;27738,75;27726,5;1200,0;TARGET;1225,0;0,0;28,0;2026-07-29;SOMBRA;False;14;Wednesday;297;1680,0000000155705;14640,000000003783;12959,999999988213;GAIN
d16956b471e56f2c;4;VENDA;2026-07-29 14:16:15;2026-07-29 14:16:28;27719,25;27718,5;240,00000000014552;PROTECAO;500,0;175,0;13,0;2026-07-29;SOMBRA;False;14;Wednesday;298;1920,000000015716;14640,000000003783;12719,999999988067;GAIN
d16956b471e56f2c;4;VENDA;2026-07-29 14:19:05;2026-07-29 14:19:20;27719,0;27716,75;240,00000000014552;PROTECAO;675,0;75,0;15,0;2026-07-29;SOMBRA;False;14;Wednesday;299;2160,0000000158616;14640,000000003783;12479,999999987922;GAIN
d16956b471e56f2c;4;VENDA;2026-07-29 14:20:13;2026-07-29 14:20:19;27719,75;27729,5;-800,0;STOP;25,0;975,0;6,0;2026-07-29;SOMBRA;False;14;Wednesday;300;1360,0000000158616;14640,000000003783;13279,999999987922;LOSS
d16956b471e56f2c;4;VENDA;2026-07-29 14:21:34;2026-07-29 14:21:44;27729,25;27739,75;-800,0;STOP;50,0;1050,0;10,0;2026-07-29;SOMBRA;False;14;Wednesday;301;560,0000000158616;14640,000000003783;14079,999999987922;LOSS
d16956b471e56f2c;4;VENDA;2026-07-29 14:23:08;2026-07-29 14:23:14;27729,25;27728,75;240,00000000014552;PROTECAO;525,0;0,0;6,0;2026-07-29;SOMBRA;False;14;Wednesday;302;800,0000000160071;14640,000000003783;13839,999999987776;GAIN
d16956b471e56f2c;4;VENDA;2026-07-29 14:28:45;2026-07-29 14:29:09;27686,5;27674,5;1200,0;TARGET;1200,0;100,0;24,0;2026-07-29;SOMBRA;False;14;Wednesday;303;2000,000000016007;14640,000000003783;12639,999999987776;GAIN
d16956b471e56f2c;4;VENDA;2026-07-29 14:30:05;2026-07-29 14:30:13;27646,0;27655,0;-800,0;STOP;225,0;900,0;8,0;2026-07-29;SOMBRA;False;14;Wednesday;304;1200,000000016007;14640,000000003783;13439,999999987776;LOSS
d16956b471e56f2c;4;VENDA;2026-07-29 14:31:48;2026-07-29 14:32:10;27657,5;27665,75;-800,0;STOP;250,0;825,0;22,0;2026-07-29;SOMBRA;False;14;Wednesday;305;400,0000000160071;14640,000000003783;14239,999999987776;LOSS
d16956b471e56f2c;4;VENDA;2026-07-29 14:33:22;2026-07-29 14:33:54;27683,0;27691,25;-800,0;STOP;300,0;825,0;32,0;2026-07-29;SOMBRA;False;14;Wednesday;306;-399,9999999839929;14640,000000003783;15039,999999987776;LOSS
d16956b471e56f2c;4;VENDA;2026-07-29 14:36:28;2026-07-29 14:36:49;27659,25;27657,75;240,00000000014552;PROTECAO;825,0;250,0;21,0;2026-07-29;SOMBRA;False;14;Wednesday;307;-159,99999998384737;14640,000000003783;14799,99999998763;GAIN
d16956b471e56f2c;4;VENDA;2026-07-29 14:37:49;2026-07-29 14:38:16;27657,75;27661,5;240,00000000014552;PROTECAO;800,0;375,0;27,0;2026-07-29;SOMBRA;False;14;Wednesday;308;80,00000001629815;14640,000000003783;14559,999999987485;GAIN
d16956b471e56f2c;4;VENDA;2026-07-29 14:40:42;2026-07-29 14:41:14;27660,25;27668,75;-800,0;STOP;175,0;850,0;32,0;2026-07-29;SOMBRA;False;14;Wednesday;309;-719,9999999837019;14640,000000003783;15359,999999987485;LOSS
