setup_id;candidato_id;cluster;lado;regra;feature_1;operador_1;limiar_1;feature_2;operador_2;limiar_2;stop_pontos;target_pontos;rr;protecao_gatilho_pct_target;protecao_resultado_pct_target;janela_horaria;hora_inicio;hora_fim;grupo_dias;dias_semana_numericos;score_otimizacao;trades;profit_factor;expectancia_pontos;resultado_total_pontos;max_drawdown_pontos;recovery_factor;pct_meses_positivos;folds;folds_positivos;pct_folds_positivos;trades_validacao;resultado_validacao_pontos;expectancia_media;expectancia_mediana;pf_medio;pf_mediano;drawdown_medio;drawdown_maximo;pior_fold_pontos;melhor_fold_pontos;degradacao_expectancia_mediana;degradacao_pf_mediana;robustez_expanding;folds_roll;folds_positivos_roll;pct_folds_positivos_roll;trades_validacao_roll;resultado_validacao_pontos_roll;expectancia_media_roll;expectancia_mediana_roll;pf_medio_roll;pf_mediano_roll;drawdown_medio_roll;drawdown_maximo_roll;pior_fold_pontos_roll;melhor_fold_pontos_roll;degradacao_expectancia_mediana_roll;degradacao_pf_mediana_roll;robustez_rolling;cenarios;cenarios_positivos;pct_cenarios_positivos;pior_resultado_pontos;pior_expectancia_pontos;pior_profit_factor;maior_drawdown_pontos;retencao_expectancia_mediana;retencao_pf_mediana;robustez_stress;sobrevive_choque_extremo;score_robustez_final;classe_robustez;aprovado_m10;ranking_geral
fe53775f63eac0df;c451a429d9d8754e;3;VENDA;pre_30s_bid_size_medio_soma <= 23.2598528139 E pre_60s_ask_size_medio_soma <= 99.8586307614;pre_30s_bid_size_medio_soma;<=;23,259852813852817;pre_60s_ask_size_medio_soma;<=;99,85863076137177;800;1000;1,25;0,4;0,2;POS_FECHAMENTO;16:30;23:59;QUA_QUI_SEX;2,3,4;85,0;340;999,0;647,0588235294117;220000,0;0,0;999,0;1,0;3;3;1,0;156;109600,0;735,3927906748946;687,8048780487804;999,0;999,0;0,0;0,0;28000,0;53400,0;1,146341463414634;1,0;100,00000000000003;3;3;1,0;156;109600,0;735,3927906748946;687,8048780487804;999,0;999,0;0,0;0,0;28000,0;53400,0;1,1795687522092613;1,0;100,00000000000003;9;9;1,0;95600,0;281,1764705882353;58,93939393939394;150,0;0,8454545454545455;1,0;96,04636363636362;True;99,40695454545454;EXCEPCIONAL;True;1
e2aaa35496671b70;ec945ca8629f9010;3;VENDA;pre_30s_bid_size_medio_soma <= 23.2598528139 E adv_z_pre_60s_ask_size_medio_soma <= 0.591885463111;pre_30s_bid_size_medio_soma;<=;23,259852813852817;adv_z_pre_60s_ask_size_medio_soma;<=;0,5918854631106052;800;1000;1,25;0,4;0,2;POS_FECHAMENTO;16:30;23:59;QUA_QUI_SEX;2,3,4;85,0;340;999,0;647,0588235294117;220000,0;0,0;999,0;1,0;3;3;1,0;156;109600,0;735,3927906748946;687,8048780487804;999,0;999,0;0,0;0,0;28000,0;53400,0;1,146341463414634;1,0;100,00000000000003;3;3;1,0;156;109600,0;735,3927906748946;687,8048780487804;999,0;999,0;0,0;0,0;28000,0;53400,0;1,1795687522092613;1,0;100,00000000000003;9;9;1,0;95600,0;281,1764705882353;58,93939393939394;150,0;0,8454545454545455;1,0;96,04636363636362;True;99,40695454545454;EXCEPCIONAL;True;2
2bb9ffff31766ec5;436380fd6beed968;3;VENDA;pre_30s_bid_size_medio_soma <= 23.2598528139 E pre_60s_ask_size_medio_soma <= 89.1242462025;pre_30s_bid_size_medio_soma;<=;23,259852813852817;pre_60s_ask_size_medio_soma;<=;89,12424620246007;800;1000;1,25;0,4;0,2;POS_FECHAMENTO;16:30;23:59;QUA_QUI_SEX;2,3,4;85,0;340;999,0;647,0588235294117;220000,0;0,0;999,0;1,0;3;3;1,0;156;109600,0;735,3927906748946;687,8048780487804;999,0;999,0;0,0;0,0;28000,0;53400,0;1,146341463414634;1,0;100,00000000000003;3;3;1,0;156;109600,0;735,3927906748946;687,8048780487804;999,0;999,0;0,0;0,0;28000,0;53400,0;1,1795687522092613;1,0;100,00000000000003;9;9;1,0;95600,0;281,1764705882353;58,93939393939394;150,0;0,8454545454545455;1,0;96,04636363636362;True;99,40695454545454;EXCEPCIONAL;True;3
bde1c7a201a2fe46;6f7cf6de502b380f;3;VENDA;pre_30s_bid_size_medio_soma <= 23.2598528139 E adv_z_pre_60s_ask_size_medio_soma <= 0.226722088909;pre_30s_bid_size_medio_soma;<=;23,259852813852817;adv_z_pre_60s_ask_size_medio_soma;<=;0,22672208890913442;800;1000;1,25;0,4;0,2;POS_FECHAMENTO;16:30;23:59;QUA_QUI_SEX;2,3,4;85,0;340;999,0;647,0588235294117;220000,0;0,0;999,0;1,0;3;3;1,0;156;109600,0;735,3927906748946;687,8048780487804;999,0;999,0;0,0;0,0;28000,0;53400,0;1,146341463414634;1,0;100,00000000000003;3;3;1,0;156;109600,0;735,3927906748946;687,8048780487804;999,0;999,0;0,0;0,0;28000,0;53400,0;1,1795687522092613;1,0;100,00000000000003;9;9;1,0;95600,0;281,1764705882353;58,93939393939394;150,0;0,8454545454545455;1,0;96,04636363636362;True;99,40695454545454;EXCEPCIONAL;True;4
ddf045c8bec62bdd;7e9e728a19f51cec;3;VENDA;adv_z_pre_30s_bid_size_medio_soma <= -1.14834185665 E pre_60s_ask_size_medio_soma <= 99.8586307614;adv_z_pre_30s_bid_size_medio_soma;<=;-1,14834185664801;pre_60s_ask_size_medio_soma;<=;99,85863076137177;800;1000;1,25;0,4;0,2;POS_FECHAMENTO;16:30;23:59;QUA_QUI_SEX;2,3,4;85,0;340;999,0;647,0588235294117;220000,0;0,0;999,0;1,0;3;3;1,0;156;109600,0;735,3927906748946;687,8048780487804;999,0;999,0;0,0;0,0;28000,0;53400,0;1,146341463414634;1,0;100,00000000000003;3;3;1,0;156;109600,0;735,3927906748946;687,8048780487804;999,0;999,0;0,0;0,0;28000,0;53400,0;1,1795687522092613;1,0;100,00000000000003;9;9;1,0;95600,0;281,1764705882353;58,93939393939394;150,0;0,8454545454545455;1,0;96,04636363636362;True;99,40695454545454;EXCEPCIONAL;True;5
9fbc73574e869e34;835010c8e711bb3f;3;VENDA;adv_z_pre_30s_bid_size_medio_soma <= -1.14834185665 E adv_z_pre_60s_ask_size_medio_soma <= 0.591885463111;adv_z_pre_30s_bid_size_medio_soma;<=;-1,14834185664801;adv_z_pre_60s_ask_size_medio_soma;<=;0,5918854631106052;800;1000;1,25;0,4;0,2;POS_FECHAMENTO;16:30;23:59;QUA_QUI_SEX;2,3,4;85,0;340;999,0;647,0588235294117;220000,0;0,0;999,0;1,0;3;3;1,0;156;109600,0;735,3927906748946;687,8048780487804;999,0;999,0;0,0;0,0;28000,0;53400,0;1,146341463414634;1,0;100,00000000000003;3;3;1,0;156;109600,0;735,3927906748946;687,8048780487804;999,0;999,0;0,0;0,0;28000,0;53400,0;1,1795687522092613;1,0;100,00000000000003;9;9;1,0;95600,0;281,1764705882353;58,93939393939394;150,0;0,8454545454545455;1,0;96,04636363636362;True;99,40695454545454;EXCEPCIONAL;True;6
7d668110801b6857;f89530ea2459ac47;3;VENDA;adv_z_pre_30s_bid_size_medio_soma <= -1.14834185665 E pre_60s_ask_size_medio_soma <= 89.1242462025;adv_z_pre_30s_bid_size_medio_soma;<=;-1,14834185664801;pre_60s_ask_size_medio_soma;<=;89,12424620246007;800;1000;1,25;0,4;0,2;POS_FECHAMENTO;16:30;23:59;QUA_QUI_SEX;2,3,4;85,0;340;999,0;647,0588235294117;220000,0;0,0;999,0;1,0;3;3;1,0;156;109600,0;735,3927906748946;687,8048780487804;999,0;999,0;0,0;0,0;28000,0;53400,0;1,146341463414634;1,0;100,00000000000003;3;3;1,0;156;109600,0;735,3927906748946;687,8048780487804;999,0;999,0;0,0;0,0;28000,0;53400,0;1,1795687522092613;1,0;100,00000000000003;9;9;1,0;95600,0;281,1764705882353;58,93939393939394;150,0;0,8454545454545455;1,0;96,04636363636362;True;99,40695454545454;EXCEPCIONAL;True;7
d7a19e8cb96c3697;2aa4f044c812c37a;3;VENDA;adv_z_pre_30s_bid_size_medio_soma <= -1.14834185665 E adv_z_pre_60s_ask_size_medio_soma <= 0.226722088909;adv_z_pre_30s_bid_size_medio_soma;<=;-1,14834185664801;adv_z_pre_60s_ask_size_medio_soma;<=;0,22672208890913442;800;1000;1,25;0,4;0,2;POS_FECHAMENTO;16:30;23:59;QUA_QUI_SEX;2,3,4;85,0;340;999,0;647,0588235294117;220000,0;0,0;999,0;1,0;3;3;1,0;156;109600,0;735,3927906748946;687,8048780487804;999,0;999,0;0,0;0,0;28000,0;53400,0;1,146341463414634;1,0;100,00000000000003;3;3;1,0;156;109600,0;735,3927906748946;687,8048780487804;999,0;999,0;0,0;0,0;28000,0;53400,0;1,1795687522092613;1,0;100,00000000000003;9;9;1,0;95600,0;281,1764705882353;58,93939393939394;150,0;0,8454545454545455;1,0;96,04636363636362;True;99,40695454545454;EXCEPCIONAL;True;8
355205b899ed11cd;9498a46dc8ee7df1;3;VENDA;adv_z_pre_60s_bid_size_medio_soma <= -0.263782724487 E pre_30s_bid_size_medio_soma <= 23.2598528139;adv_z_pre_60s_bid_size_medio_soma;<=;-0,26378272448680745;pre_30s_bid_size_medio_soma;<=;23,259852813852817;800;1000;1,25;0,4;0,2;POS_FECHAMENTO;16:30;23:59;QUA_QUI_SEX;2,3,4;85,0;343;999,0;645,4810495626822;221400,0;0,0;999,0;1,0;3;3;1,0;158;110000,0;729,7619047619047;676,1904761904761;999,0;999,0;0,0;0,0;28000,0;53600,0;1,1229375053432502;1,0;100,00000000000003;3;3;1,0;158;110000,0;729,7619047619047;676,1904761904761;999,0;999,0;0,0;0,0;28000,0;53600,0;1,1538811228548698;1,0;100,00000000000003;9;9;1,0;96550,0;281,4868804664723;59,515151515151516;150,0;0,8450767841011744;1,0;96,03691960252935;True;99,4055379403794;EXCEPCIONAL;True;9
af087121fe681afd;fae6b106f3f1d98e;3;VENDA;pre_60s_bid_size_medio_soma <= 74.4072618438 E pre_30s_bid_size_medio_soma <= 23.2598528139;pre_60s_bid_size_medio_soma;<=;74,40726184384721;pre_30s_bid_size_medio_soma;<=;23,259852813852817;800;1000;1,25;0,4;0,2;POS_FECHAMENTO;16:30;23:59;QUA_QUI_SEX;2,3,4;85,0;343;999,0;645,4810495626822;221400,0;0,0;999,0;1,0;3;3;1,0;158;110000,0;729,7619047619047;676,1904761904761;999,0;999,0;0,0;0,0;28000,0;53600,0;1,1229375053432502;1,0;100,00000000000003;3;3;1,0;158;110000,0;729,7619047619047;676,1904761904761;999,0;999,0;0,0;0,0;28000,0;53600,0;1,1538811228548698;1,0;100,00000000000003;9;9;1,0;96550,0;281,4868804664723;59,515151515151516;150,0;0,8450767841011744;1,0;96,03691960252935;True;99,4055379403794;EXCEPCIONAL;True;10
7818e34f5d33a3f4;c2e2ae5fc3377380;3;VENDA;adv_z_pre_60s_bid_size_medio_soma <= -0.263782724487 E adv_z_pre_30s_bid_size_medio_soma <= -1.14834185665;adv_z_pre_60s_bid_size_medio_soma;<=;-0,26378272448680745;adv_z_pre_30s_bid_size_medio_soma;<=;-1,14834185664801;800;1000;1,25;0,4;0,2;POS_FECHAMENTO;16:30;23:59;QUA_QUI_SEX;2,3,4;85,0;343;999,0;645,4810495626822;221400,0;0,0;999,0;1,0;3;3;1,0;158;110000,0;729,7619047619047;676,1904761904761;999,0;999,0;0,0;0,0;28000,0;53600,0;1,1229375053432502;1,0;100,00000000000003;3;3;1,0;158;110000,0;729,7619047619047;676,1904761904761;999,0;999,0;0,0;0,0;28000,0;53600,0;1,1538811228548698;1,0;100,00000000000003;9;9;1,0;96550,0;281,4868804664723;59,515151515151516;150,0;0,8450767841011744;1,0;96,03691960252935;True;99,4055379403794;EXCEPCIONAL;True;11
f8e2f7eda9bbb757;fb6e3343818e33a8;3;VENDA;pre_60s_bid_size_medio_soma <= 74.4072618438 E adv_z_pre_30s_bid_size_medio_soma <= -1.14834185665;pre_60s_bid_size_medio_soma;<=;74,40726184384721;adv_z_pre_30s_bid_size_medio_soma;<=;-1,14834185664801;800;1000;1,25;0,4;0,2;POS_FECHAMENTO;16:30;23:59;QUA_QUI_SEX;2,3,4;85,0;343;999,0;645,4810495626822;221400,0;0,0;999,0;1,0;3;3;1,0;158;110000,0;729,7619047619047;676,1904761904761;999,0;999,0;0,0;0,0;28000,0;53600,0;1,1229375053432502;1,0;100,00000000000003;3;3;1,0;158;110000,0;729,7619047619047;676,1904761904761;999,0;999,0;0,0;0,0;28000,0;53600,0;1,1538811228548698;1,0;100,00000000000003;9;9;1,0;96550,0;281,4868804664723;59,515151515151516;150,0;0,8450767841011744;1,0;96,03691960252935;True;99,4055379403794;EXCEPCIONAL;True;12
ecfb5b62e0dbdc48;641cbc73ee462502;3;VENDA;pre_120s_bid_size_medio_soma <= 179.737996242 E pre_30s_bid_size_medio_soma <= 23.2598528139;pre_120s_bid_size_medio_soma;<=;179,73799624242162;pre_30s_bid_size_medio_soma;<=;23,259852813852817;800;1000;1,25;0,4;0,2;POS_FECHAMENTO;16:30;23:59;QUA_QUI_SEX;2,3,4;85,0;343;999,0;645,4810495626822;221400,0;0,0;999,0;1,0;3;3;1,0;158;110000,0;729,7619047619047;676,1904761904761;999,0;999,0;0,0;0,0;28000,0;53600,0;1,1229375053432502;1,0;100,00000000000003;3;3;1,0;158;110000,0;729,7619047619047;676,1904761904761;999,0;999,0;0,0;0,0;28000,0;53600,0;1,1538811228548698;1,0;100,00000000000003;9;9;1,0;96550,0;281,4868804664723;59,515151515151516;150,0;0,8450767841011744;1,0;96,03691960252935;True;99,4055379403794;EXCEPCIONAL;True;13
d16956b471e56f2c;5fc988b7b09c75ba;4;VENDA;adv_ratio_volatilidade_close_pontos_15s_60s > 1.2948704724 E adv_delta_spread_minimo_15s_30s <= 0.208333333333;adv_ratio_volatilidade_close_pontos_15s_60s;>;1,2948704724041395;adv_delta_spread_minimo_15s_30s;<=;0,20833333333333337;800;1200;1,5;0,4;0,2;DIA_INTEIRO;;;TODOS;0,1,2,3,4;85,0;215;999,0;646,3255813953489;138960,0;0,0;999,0;1,0;4;4;1,0;99;66000,0;684,8070055511686;692,4223602484471;999,0;999,0;0,0;0,0;13680,0;19200,0;1,0913084341288002;1,0;99,85000000000001;5;5;1,0;116;78720,0;697,4926632644643;699,1304347826087;999,0;999,0;0,0;0,0;12720,0;19200,0;1,093601040011556;1,0;100,00000000000003;9;9;1,0;46470,0;216,13953488372093;14,469565217391304;360,0;0,845279217040875;1,0;95,91598042602187;True;99,33489706390328;EXCEPCIONAL;True;14
e2d4fbdd38e402e6;f787021fb27295a8;4;VENDA;adv_ratio_volatilidade_close_pontos_15s_60s > 1.2948704724 E pre_60s_cobertura_segundos <= 59;adv_ratio_volatilidade_close_pontos_15s_60s;>;1,2948704724041395;pre_60s_cobertura_segundos;<=;59,0;800;1200;1,5;0,4;0,2;DIA_INTEIRO;;;TODOS;0,1,2,3,4;85,0;208;999,0;650,7692307692307;135360,0;0,0;999,0;1,0;4;4;1,0;96;63360,0;686,9546969159873;655,0153846153846;999,0;999,0;0,0;0,0;12000,0;18000,0;1,0180009399968666;1,0;99,4;5;5;1,0;116;76800,0;683,9637575327898;672,0;999,0;999,0;0,0;0,0;12000,0;18000,0;1,0557377049180328;1,0;100,00000000000003;9;9;1,0;44400,0;213,46153846153845;12,84;450,0;0,8463356973995272;1,0;95,88839243498819;True;99,17325886524824;EXCEPCIONAL;True;15
6a2b9a6dca3af937;bd4d9f04ebdcc37c;4;VENDA;adv_ratio_volatilidade_close_pontos_15s_60s > 1.2948704724 E adv_z_pre_60s_cobertura_segundos <= 0.648375060361;adv_ratio_volatilidade_close_pontos_15s_60s;>;1,2948704724041395;adv_z_pre_60s_cobertura_segundos;<=;0,64837506036106;800;1200;1,5;0,4;0,2;DIA_INTEIRO;;;TODOS;0,1,2,3,4;85,0;208;999,0;650,7692307692307;135360,0;0,0;999,0;1,0;4;4;1,0;96;63360,0;686,9546969159873;655,0153846153846;999,0;999,0;0,0;0,0;12000,0;18000,0;1,0180009399968666;1,0;99,4;5;5;1,0;116;76800,0;683,9637575327898;672,0;999,0;999,0;0,0;0,0;12000,0;18000,0;1,0557377049180328;1,0;100,00000000000003;9;9;1,0;44400,0;213,46153846153845;12,84;450,0;0,8463356973995272;1,0;95,88839243498819;True;99,17325886524824;EXCEPCIONAL;True;16
fae9b3e50fe8a3e0;3ed1ba6f21826e64;4;COMPRA;adv_ratio_volatilidade_close_pontos_15s_60s > 1.2948704724 E pre_120s_ticks_total <= 5699.6;adv_ratio_volatilidade_close_pontos_15s_60s;>;1,2948704724041395;pre_120s_ticks_total;<=;5699,600000000002;800;1200;1,5;0,4;0,2;DIA_INTEIRO;;;SEG_TER_QUA;0,1,2;85,0;182;999,0;677,8021978021978;123360,0;0,0;999,0;1,0;4;4;1,0;94;68640,0;721,9097744360902;701,7142857142858;999,0;999,0;0,0;0,0;9120,0;33840,0;1,118483413853313;1,0;99,10000000000001;5;5;1,0;112;79680,0;700,1944862155389;651,4285714285714;999,0;999,0;0,0;0,0;9120,0;33840,0;1,0362301101591187;1,0;100,00000000000003;9;9;1,0;57420,0;315,4945054945055;23,51764705882353;270,0;0,8524643320363164;1,0;96,14960830090791;True;99,1074412451362;EXCEPCIONAL;True;17
e94c59e194a0c815;c89b4f1cea59a32d;4;COMPRA;adv_ratio_volatilidade_close_pontos_15s_60s > 1.2948704724 E adv_z_pre_120s_ticks_total <= 1.00604131964;adv_ratio_volatilidade_close_pontos_15s_60s;>;1,2948704724041395;adv_z_pre_120s_ticks_total;<=;1,0060413196421634;800;1200;1,5;0,4;0,2;DIA_INTEIRO;;;SEG_TER_QUA;0,1,2;85,0;182;999,0;677,8021978021978;123360,0;0,0;999,0;1,0;4;4;1,0;94;68640,0;721,9097744360902;701,7142857142858;999,0;999,0;0,0;0,0;9120,0;33840,0;1,118483413853313;1,0;99,10000000000001;5;5;1,0;112;79680,0;700,1944862155389;651,4285714285714;999,0;999,0;0,0;0,0;9120,0;33840,0;1,0362301101591187;1,0;100,00000000000003;9;9;1,0;57420,0;315,4945054945055;23,51764705882353;270,0;0,8524643320363164;1,0;96,14960830090791;True;99,1074412451362;EXCEPCIONAL;True;18
7fcb17bbe7833ac5;9d90c55dcdc101a5;4;COMPRA;adv_ratio_volatilidade_close_pontos_15s_60s > 1.2948704724 E pre_60s_ticks_incremento_media <= 310.260606061;adv_ratio_volatilidade_close_pontos_15s_60s;>;1,2948704724041395;pre_60s_ticks_incremento_media;<=;310,26060606060616;800;1200;1,5;0,4;0,2;DIA_INTEIRO;;;SEG_TER_QUA;0,1,2;85,0;178;999,0;676,8539325842696;120480,0;0,0;999,0;1,0;4;4;1,0;92;66240,0;704,0526315789474;698,1052631578948;999,0;999,0;0,0;0,0;7680,0;33840,0;1,0957126222636238;1,0;98,80000000000001;5;5;1,0;110;77280,0;685,9087719298246;644,2105263157895;999,0;999,0;0,0;0,0;7680,0;33840,0;1,0207561156412157;1,0;100,00000000000003;9;9;1,0;56100,0;315,1685393258427;23,0;210,0;0,852257636122178;1,0;96,18044090305446;True;99,00706613545817;EXCEPCIONAL;True;19
a09b966a989f8240;e86c4b9bc9b158b0;4;COMPRA;adv_ratio_volatilidade_close_pontos_15s_60s > 1.2948704724 E adv_z_pre_60s_ticks_incremento_media <= 0.479128600408;adv_ratio_volatilidade_close_pontos_15s_60s;>;1,2948704724041395;adv_z_pre_60s_ticks_incremento_media;<=;0,47912860040750316;800;1200;1,5;0,4;0,2;DIA_INTEIRO;;;SEG_TER_QUA;0,1,2;85,0;178;999,0;676,8539325842696;120480,0;0,0;999,0;1,0;4;4;1,0;92;66240,0;704,0526315789474;698,1052631578948;999,0;999,0;0,0;0,0;7680,0;33840,0;1,0957126222636238;1,0;98,80000000000001;5;5;1,0;110;77280,0;685,9087719298246;644,2105263157895;999,0;999,0;0,0;0,0;7680,0;33840,0;1,0207561156412157;1,0;100,00000000000003;9;9;1,0;56100,0;315,1685393258427;23,0;210,0;0,852257636122178;1,0;96,18044090305446;True;99,00706613545817;EXCEPCIONAL;True;20
d296f2d9a8a8e772;39627aa0ab0b27f6;4;COMPRA;adv_ratio_range_pontos_15s_60s > 0.820512820512 E pre_15s_cobertura_pct <= 1;adv_ratio_range_pontos_15s_60s;>;0,8205128205119789;pre_15s_cobertura_pct;<=;1,0;800;1200;1,5;0,4;0,2;DIA_INTEIRO;;;QUA_QUI_SEX;2,3,4;85,0;188;999,0;663,8297872340426;124800,0;0,0;999,0;1,0;4;4;1,0;93;56880,0;623,7012987012987;661,4025974025974;999,0;999,0;0,0;0,0;6480,0;25680,0;1,0260493839872014;1,0;98,95000000000002;4;4;1,0;93;56880,0;623,7012987012987;661,4025974025974;999,0;999,0;0,0;0,0;6480,0;25680,0;1,126882820495386;1,0;98,95000000000002;9;9;1,0;48600,0;258,51063829787233;14,5;420,0;0,8431089743589744;1,0;95,82572435897436;True;98,74385865384616;EXCEPCIONAL;True;21
92493ec7e2dacd48;696aed7f812c244b;4;COMPRA;adv_ratio_range_pontos_15s_60s > 0.820512820512 E adv_z_pre_15s_cobertura_pct <= 0.663725833062;adv_ratio_range_pontos_15s_60s;>;0,8205128205119789;adv_z_pre_15s_cobertura_pct;<=;0,6637258330622307;800;1200;1,5;0,4;0,2;DIA_INTEIRO;;;QUA_QUI_SEX;2,3,4;85,0;188;999,0;663,8297872340426;124800,0;0,0;999,0;1,0;4;4;1,0;93;56880,0;623,7012987012987;661,4025974025974;999,0;999,0;0,0;0,0;6480,0;25680,0;1,0260493839872014;1,0;98,95000000000002;4;4;1,0;93;56880,0;623,7012987012987;661,4025974025974;999,0;999,0;0,0;0,0;6480,0;25680,0;1,126882820495386;1,0;98,95000000000002;9;9;1,0;48600,0;258,51063829787233;14,5;420,0;0,8431089743589744;1,0;95,82572435897436;True;98,74385865384616;EXCEPCIONAL;True;22
132ed73d9bee2f5d;bfc5cf1eb53d5bce;4;COMPRA;adv_ratio_range_pontos_15s_60s > 0.820512820512 E pre_60s_cobertura_segundos <= 60;adv_ratio_range_pontos_15s_60s;>;0,8205128205119789;pre_60s_cobertura_segundos;<=;60,0;800;1200;1,5;0,4;0,2;DIA_INTEIRO;;;QUA_QUI_SEX;2,3,4;85,0;188;999,0;663,8297872340426;124800,0;0,0;999,0;1,0;4;4;1,0;93;56880,0;623,7012987012987;661,4025974025974;999,0;999,0;0,0;0,0;6480,0;25680,0;1,0260493839872014;1,0;98,95000000000002;4;4;1,0;93;56880,0;623,7012987012987;661,4025974025974;999,0;999,0;0,0;0,0;6480,0;25680,0;1,126882820495386;1,0;98,95000000000002;9;9;1,0;48600,0;258,51063829787233;14,5;420,0;0,8431089743589744;1,0;95,82572435897436;True;98,74385865384616;EXCEPCIONAL;True;23
c867f4fb0039ab8f;7f6bf9ceab312f72;0;COMPRA;pre_60s_cobertura_segundos <= 30 E pre_15s_ask_size_medio_soma <= 17.2724058106;pre_60s_cobertura_segundos;<=;30,0;pre_15s_ask_size_medio_soma;<=;17,272405810563704;1000;1200;1,2;0,4;0,2;PRE_ABERTURA;06:00;09:30;TODOS;0,1,2,3,4;85,0;186;999,0;673,5483870967741;125280,0;0,0;999,0;1,0;4;4;1,0;89;59760,0;669,0285714285715;670,6285714285714;999,0;999,0;0,0;0,0;8160,0;23760,0;0,986664518570417;1,0;98,08329037140834;5;5;1,0;98;63840,0;625,8895238095238;662,4;999,0;999,0;0,0;0,0;4080,0;23760,0;1,0004990642545228;1,0;99,70000000000002;9;9;1,0;47900,0;257,5268817204301;12,13953488372093;1300,0;0,8515325670498084;1,0;95,50831417624521;True;98,5803987564297;EXCEPCIONAL;True;24
c4edf5488bf7b3cc;2cd5e425f2d3aed7;0;COMPRA;pre_60s_cobertura_segundos <= 30 E adv_z_pre_15s_ask_size_medio_soma <= -0.392621598007;pre_60s_cobertura_segundos;<=;30,0;adv_z_pre_15s_ask_size_medio_soma;<=;-0,392621598006787;1000;1200;1,2;0,4;0,2;PRE_ABERTURA;06:00;09:30;TODOS;0,1,2,3,4;85,0;186;999,0;673,5483870967741;125280,0;0,0;999,0;1,0;4;4;1,0;89;59760,0;669,0285714285715;670,6285714285714;999,0;999,0;0,0;0,0;8160,0;23760,0;0,986664518570417;1,0;98,08329037140834;5;5;1,0;98;63840,0;625,8895238095238;662,4;999,0;999,0;0,0;0,0;4080,0;23760,0;1,0004990642545228;1,0;99,70000000000002;9;9;1,0;47900,0;257,5268817204301;12,13953488372093;1300,0;0,8515325670498084;1,0;95,50831417624521;True;98,5803987564297;EXCEPCIONAL;True;25
b17b494f24757adf;f14e36842b7ffe67;0;COMPRA;adv_z_pre_60s_cobertura_segundos <= -1.47759747713 E pre_15s_ask_size_medio_soma <= 17.2724058106;adv_z_pre_60s_cobertura_segundos;<=;-1,4775974771331886;pre_15s_ask_size_medio_soma;<=;17,272405810563704;1000;1200;1,2;0,4;0,2;PRE_ABERTURA;06:00;09:30;TODOS;0,1,2,3,4;85,0;186;999,0;673,5483870967741;125280,0;0,0;999,0;1,0;4;4;1,0;89;59760,0;669,0285714285715;670,6285714285714;999,0;999,0;0,0;0,0;8160,0;23760,0;0,986664518570417;1,0;98,08329037140834;5;5;1,0;98;63840,0;625,8895238095238;662,4;999,0;999,0;0,0;0,0;4080,0;23760,0;1,0004990642545228;1,0;99,70000000000002;9;9;1,0;47900,0;257,5268817204301;12,13953488372093;1300,0;0,8515325670498084;1,0;95,50831417624521;True;98,5803987564297;EXCEPCIONAL;True;26
cc4938abe3cf4d3c;71eeb3436a9f87eb;0;COMPRA;adv_z_pre_60s_cobertura_segundos <= -1.47759747713 E adv_z_pre_15s_ask_size_medio_soma <= -0.392621598007;adv_z_pre_60s_cobertura_segundos;<=;-1,4775974771331886;adv_z_pre_15s_ask_size_medio_soma;<=;-0,392621598006787;1000;1200;1,2;0,4;0,2;PRE_ABERTURA;06:00;09:30;TODOS;0,1,2,3,4;85,0;186;999,0;673,5483870967741;125280,0;0,0;999,0;1,0;4;4;1,0;89;59760,0;669,0285714285715;670,6285714285714;999,0;999,0;0,0;0,0;8160,0;23760,0;0,986664518570417;1,0;98,08329037140834;5;5;1,0;98;63840,0;625,8895238095238;662,4;999,0;999,0;0,0;0,0;4080,0;23760,0;1,0004990642545228;1,0;99,70000000000002;9;9;1,0;47900,0;257,5268817204301;12,13953488372093;1300,0;0,8515325670498084;1,0;95,50831417624521;True;98,5803987564297;EXCEPCIONAL;True;27
f91b593a3be3e047;f6c11b6b4e186822;0;COMPRA;pre_120s_ask_size_medio_soma <= 90.3166666667 E adv_delta_range_pontos_15s_60s > -2725;pre_120s_ask_size_medio_soma;<=;90,31666666666666;adv_delta_range_pontos_15s_60s;>;-2725,0;1000;1200;1,2;0,4;0,2;PRE_ABERTURA;06:00;09:30;TODOS;0,1,2,3,4;85,0;192;999,0;675,0;129600,0;0,0;999,0;1,0;4;4;1,0;86;59040,0;682,6381461675579;698,6096256684492;999,0;999,0;0,0;0,0;11040,0;23280,0;1,038350757395229;1,0;97,9;5;5;1,0;97;63600,0;629,0196078431372;691,7647058823529;999,0;999,0;0,0;0,0;4560,0;23280,0;1,0489601901366608;1,0;99,55000000000001;9;9;1,0;52520,0;273,5416666666667;13,655421686746989;1300,0;0,8518518518518519;1,0;95,51629629629629;True;98,47994444444446;EXCEPCIONAL;True;28
30ec98d7f35f63df;a4feb70da9d2a850;0;COMPRA;adv_z_pre_120s_ask_size_medio_soma <= -1.32643356885 E adv_delta_range_pontos_15s_60s > -2725;adv_z_pre_120s_ask_size_medio_soma;<=;-1,326433568854512;adv_delta_range_pontos_15s_60s;>;-2725,0;1000;1200;1,2;0,4;0,2;PRE_ABERTURA;06:00;09:30;TODOS;0,1,2,3,4;85,0;192;999,0;675,0;129600,0;0,0;999,0;1,0;4;4;1,0;86;59040,0;682,6381461675579;698,6096256684492;999,0;999,0;0,0;0,0;11040,0;23280,0;1,038350757395229;1,0;97,9;5;5;1,0;97;63600,0;629,0196078431372;691,7647058823529;999,0;999,0;0,0;0,0;4560,0;23280,0;1,0489601901366608;1,0;99,55000000000001;9;9;1,0;52520,0;273,5416666666667;13,655421686746989;1300,0;0,8518518518518519;1,0;95,51629629629629;True;98,47994444444446;EXCEPCIONAL;True;29
a61778273782bd3a;0edf4c08a7aa8a05;3;COMPRA;pre_60s_bid_size_medio_soma <= 45.3548340548 E adv_z_pre_15s_spread_medio > -0.409080208821;pre_60s_bid_size_medio_soma;<=;45,35483405483406;adv_z_pre_15s_spread_medio;>;-0,4090802088206798;1500;1200;0,8;0,4;0,2;MADRUGADA;00:00;06:00;QUA_QUI_SEX;2,3,4;85,0;422;999,0;658,5781990521327;277920,0;0,0;999,0;1,0;4;4;1,0;224;165120,0;727,4133708655876;608,7183673469387;999,0;999,0;0,0;0,0;14640,0;72720,0;0,9492726998030945;1,0;98,9854539960619;4;4;1,0;224;165120,0;727,4133708655876;608,7183673469387;999,0;999,0;0,0;0,0;14640,0;72720,0;0,9098558679228774;1,0;98,19711735845755;9;9;1,0;127440,0;301,9905213270142;13,680597014925374;1650,0;0,8481577432354634;1,0;95,21394358088658;True;98,47627977536904;EXCEPCIONAL;True;30
81796e577ca1b78e;de04281e04d74b90;3;COMPRA;adv_z_pre_60s_bid_size_medio_soma <= -1.26826332105 E adv_z_pre_15s_spread_medio > -0.409080208821;adv_z_pre_60s_bid_size_medio_soma;<=;-1,2682633210482845;adv_z_pre_15s_spread_medio;>;-0,4090802088206798;1500;1200;0,8;0,4;0,2;MADRUGADA;00:00;06:00;QUA_QUI_SEX;2,3,4;85,0;422;999,0;658,5781990521327;277920,0;0,0;999,0;1,0;4;4;1,0;224;165120,0;727,4133708655876;608,7183673469387;999,0;999,0;0,0;0,0;14640,0;72720,0;0,9492726998030945;1,0;98,9854539960619;4;4;1,0;224;165120,0;727,4133708655876;608,7183673469387;999,0;999,0;0,0;0,0;14640,0;72720,0;0,9098558679228774;1,0;98,19711735845755;9;9;1,0;127440,0;301,9905213270142;13,680597014925374;1650,0;0,8481577432354634;1,0;95,21394358088658;True;98,47627977536904;EXCEPCIONAL;True;31
017c165f3bceb208;3c1965454f825023;3;COMPRA;pre_60s_cobertura_segundos <= 30 E adv_z_pre_15s_spread_medio > -0.409080208821;pre_60s_cobertura_segundos;<=;30,0;adv_z_pre_15s_spread_medio;>;-0,4090802088206798;1500;1200;0,8;0,4;0,2;MADRUGADA;00:00;06:00;SEG_QUA_SEX;0,2,4;85,0;398;999,0;664,5226130653266;264480,0;0,0;999,0;1,0;3;3;1,0;206;156960,0;663,946350424925;615,6521739130435;999,0;999,0;0,0;0,0;14160,0;121440,0;0,9303135888501742;1,0;98,60627177700349;3;3;1,0;206;156960,0;663,946350424925;615,6521739130435;999,0;999,0;0,0;0,0;14160,0;121440,0;0,9303135888501742;1,0;98,60627177700349;9;9;1,0;123840,0;311,15577889447235;14,534426229508197;1650,0;0,8495160314579552;1,0;95,24790078644888;True;98,45094818416942;EXCEPCIONAL;True;32
69fbab8f6b39551e;9129c81e29b7a9c5;3;COMPRA;adv_z_pre_60s_cobertura_segundos <= -1.47759747713 E adv_z_pre_15s_spread_medio > -0.409080208821;adv_z_pre_60s_cobertura_segundos;<=;-1,4775974771331886;adv_z_pre_15s_spread_medio;>;-0,4090802088206798;1500;1200;0,8;0,4;0,2;MADRUGADA;00:00;06:00;SEG_QUA_SEX;0,2,4;85,0;398;999,0;664,5226130653266;264480,0;0,0;999,0;1,0;3;3;1,0;206;156960,0;663,946350424925;615,6521739130435;999,0;999,0;0,0;0,0;14160,0;121440,0;0,9303135888501742;1,0;98,60627177700349;3;3;1,0;206;156960,0;663,946350424925;615,6521739130435;999,0;999,0;0,0;0,0;14160,0;121440,0;0,9303135888501742;1,0;98,60627177700349;9;9;1,0;123840,0;311,15577889447235;14,534426229508197;1650,0;0,8495160314579552;1,0;95,24790078644888;True;98,45094818416942;EXCEPCIONAL;True;33
fbed2155d6ad6baf;e6da0cefadb18d28;0;COMPRA;pre_120s_ask_size_medio_soma <= 90.3166666667 E pre_15s_agressor_compra <= 375;pre_120s_ask_size_medio_soma;<=;90,31666666666666;pre_15s_agressor_compra;<=;375,0;1000;1200;1,2;0,4;0,2;PRE_ABERTURA;06:00;09:30;TODOS;0,1,2,3,4;85,0;191;999,0;672,2513089005236;128400,0;0,0;999,0;1,0;4;4;1,0;85;57840,0;678,7745098039215;690,8823529411765;999,0;999,0;0,0;0,0;11040,0;22080,0;1,02924487977009;1,0;97,75000000000001;5;5;1,0;96;62400,0;625,9286987522281;690,0;999,0;999,0;0,0;0,0;4560,0;22080,0;1,0259803921568627;1,0;99,4;9;9;1,0;51470,0;269,4764397905759;13,402409638554216;1300,0;0,8512461059190031;1,0;95,50115264797509;True;98,38767289719628;EXCEPCIONAL;True;34
a072c06788b3ae69;0006f9138ce60d5c;0;COMPRA;adv_z_pre_120s_ask_size_medio_soma <= -1.32643356885 E pre_15s_agressor_compra <= 375;adv_z_pre_120s_ask_size_medio_soma;<=;-1,326433568854512;pre_15s_agressor_compra;<=;375,0;1000;1200;1,2;0,4;0,2;PRE_ABERTURA;06:00;09:30;TODOS;0,1,2,3,4;85,0;191;999,0;672,2513089005236;128400,0;0,0;999,0;1,0;4;4;1,0;85;57840,0;678,7745098039215;690,8823529411765;999,0;999,0;0,0;0,0;11040,0;22080,0;1,02924487977009;1,0;97,75000000000001;5;5;1,0;96;62400,0;625,9286987522281;690,0;999,0;999,0;0,0;0,0;4560,0;22080,0;1,0259803921568627;1,0;99,4;9;9;1,0;51470,0;269,4764397905759;13,402409638554216;1300,0;0,8512461059190031;1,0;95,50115264797509;True;98,38767289719628;EXCEPCIONAL;True;35
7614470bfb48438d;90adfe1038ad4c2a;0;COMPRA;pre_120s_ask_size_medio_soma <= 90.3166666667 E adv_delta_range_pontos_15s_60s > -1700;pre_120s_ask_size_medio_soma;<=;90,31666666666666;adv_delta_range_pontos_15s_60s;>;-1700,0;1000;1200;1,2;0,4;0,2;PRE_ABERTURA;06:00;09:30;TODOS;0,1,2,3,4;85,0;188;999,0;674,0425531914893;126720,0;0,0;999,0;1,0;4;4;1,0;84;57600,0;679,2156862745098;691,7647058823529;999,0;999,0;0,0;0,0;11040,0;23040,0;1,0196545419553502;1,0;97,60000000000001;5;5;1,0;95;62160,0;626,2816399286987;691,7647058823529;999,0;999,0;0,0;0,0;4560,0;23040,0;1,025556289931703;1,0;99,25;9;9;1,0;50480,0;268,51063829787233;13,62;1300,0;0,8516414141414141;1,0;95,51103535353535;True;98,2991553030303;EXCEPCIONAL;True;36
f4174e9499c0f75b;7187bc67e70c7b22;0;COMPRA;adv_z_pre_120s_ask_size_medio_soma <= -1.32643356885 E adv_delta_range_pontos_15s_60s > -1700;adv_z_pre_120s_ask_size_medio_soma;<=;-1,326433568854512;adv_delta_range_pontos_15s_60s;>;-1700,0;1000;1200;1,2;0,4;0,2;PRE_ABERTURA;06:00;09:30;TODOS;0,1,2,3,4;85,0;188;999,0;674,0425531914893;126720,0;0,0;999,0;1,0;4;4;1,0;84;57600,0;679,2156862745098;691,7647058823529;999,0;999,0;0,0;0,0;11040,0;23040,0;1,0196545419553502;1,0;97,60000000000001;5;5;1,0;95;62160,0;626,2816399286987;691,7647058823529;999,0;999,0;0,0;0,0;4560,0;23040,0;1,025556289931703;1,0;99,25;9;9;1,0;50480,0;268,51063829787233;13,62;1300,0;0,8516414141414141;1,0;95,51103535353535;True;98,2991553030303;EXCEPCIONAL;True;37
9e0c01f69cddaca8;72491e803ec3471a;0;COMPRA;pre_60s_bid_size_medio_soma <= 66.3174456623 E adv_delta_range_pontos_15s_60s > -500;pre_60s_bid_size_medio_soma;<=;66,31744566229645;adv_delta_range_pontos_15s_60s;>;-500,0;1000;1200;1,2;0,4;0,2;PRE_ABERTURA;06:00;09:30;TODOS;0,1,2,3,4;85,0;196;999,0;690,6122448979592;135360,0;0,0;999,0;1,0;4;4;1,0;100;64320,0;615,2;630,4;999,0;999,0;0,0;0,0;7680,0;27360,0;0,8677872994946165;1,0;97,35574598989234;5;5;1,0;106;68640,0;636,1600000000001;700,8;999,0;999,0;0,0;0,0;4320,0;27360,0;0,9712230215827338;1,0;99,42446043165468;9;9;1,0;57200,0;291,83673469387753;13,853932584269662;1300,0;0,8552009456264775;1,0;95,60002364066195;True;98,2706297504753;EXCEPCIONAL;True;38
89eabba05f453587;eecdc6d0fb6581ef;0;COMPRA;adv_z_pre_60s_bid_size_medio_soma <= -0.54524389282 E adv_delta_range_pontos_15s_60s > -500;adv_z_pre_60s_bid_size_medio_soma;<=;-0,5452438928198626;adv_delta_range_pontos_15s_60s;>;-500,0;1000;1200;1,2;0,4;0,2;PRE_ABERTURA;06:00;09:30;TODOS;0,1,2,3,4;85,0;196;999,0;690,6122448979592;135360,0;0,0;999,0;1,0;4;4;1,0;100;64320,0;615,2;630,4;999,0;999,0;0,0;0,0;7680,0;27360,0;0,8677872994946165;1,0;97,35574598989234;5;5;1,0;106;68640,0;636,1600000000001;700,8;999,0;999,0;0,0;0,0;4320,0;27360,0;0,9712230215827338;1,0;99,42446043165468;9;9;1,0;57200,0;291,83673469387753;13,853932584269662;1300,0;0,8552009456264775;1,0;95,60002364066195;True;98,2706297504753;EXCEPCIONAL;True;39
8b17187e5be4ee61;23bbdaebba95f97b;0;COMPRA;pre_120s_ask_size_medio_soma <= 90.3166666667 E pre_15s_agressor_compra <= 201;pre_120s_ask_size_medio_soma;<=;90,31666666666666;pre_15s_agressor_compra;<=;201,0;1000;1200;1,2;0,4;0,2;PRE_ABERTURA;06:00;09:30;TODOS;0,1,2,3,4;85,0;189;999,0;671,7460317460317;126960,0;0,0;999,0;1,0;4;4;1,0;84;56640,0;674,6616065781151;682,6565464895635;999,0;999,0;0,0;0,0;11040,0;20880,0;1,0142476896076058;1,0;97,60000000000001;5;5;1,0;95;61200,0;622,638376171583;673,5483870967741;999,0;999,0;0,0;0,0;4560,0;20880,0;0,9944119888239775;1,0;99,13823977647955;9;9;1,0;50330,0;266,2962962962963;13,127710843373494;1300,0;0,8511342155009451;1,0;95,49835538752363;True;98,26931325224844;EXCEPCIONAL;True;40
13a7e5ca445122bc;a276be9948a0fc88;0;COMPRA;adv_z_pre_120s_ask_size_medio_soma <= -1.32643356885 E pre_15s_agressor_compra <= 201;adv_z_pre_120s_ask_size_medio_soma;<=;-1,326433568854512;pre_15s_agressor_compra;<=;201,0;1000;1200;1,2;0,4;0,2;PRE_ABERTURA;06:00;09:30;TODOS;0,1,2,3,4;85,0;189;999,0;671,7460317460317;126960,0;0,0;999,0;1,0;4;4;1,0;84;56640,0;674,6616065781151;682,6565464895635;999,0;999,0;0,0;0,0;11040,0;20880,0;1,0142476896076058;1,0;97,60000000000001;5;5;1,0;95;61200,0;622,638376171583;673,5483870967741;999,0;999,0;0,0;0,0;4560,0;20880,0;0,9944119888239775;1,0;99,13823977647955;9;9;1,0;50330,0;266,2962962962963;13,127710843373494;1300,0;0,8511342155009451;1,0;95,49835538752363;True;98,26931325224844;EXCEPCIONAL;True;41
7eb95801c54d9669;e40f319356c687a5;0;COMPRA;pre_30s_bid_size_medio_soma <= 33.1834821429 E adv_delta_range_pontos_15s_60s > -500;pre_30s_bid_size_medio_soma;<=;33,183482142857144;adv_delta_range_pontos_15s_60s;>;-500,0;1000;1200;1,2;0,4;0,2;PRE_ABERTURA;06:00;09:30;TODOS;0,1,2,3,4;85,0;195;999,0;692,9230769230769;135120,0;0,0;999,0;1,0;4;4;1,0;97;63600,0;634,1978021978022;648,2051282051282;999,0;999,0;0,0;0,0;9120,0;25680,0;0,9225265553011579;1,0;98,00053110602316;5;5;1,0;104;68160,0;637,643956043956;651,4285714285714;999,0;999,0;0,0;0,0;4560,0;25680,0;0,9213907785336357;1,0;98,42781557067272;9;9;1,0;54950,0;281,79487179487177;12,945652173913043;1300,0;0,855683836589698;1,0;95,61209591474245;True;98,24895416698767;EXCEPCIONAL;True;42
02d02dd01f15ef9e;0c263f87730e76ee;0;COMPRA;adv_z_pre_30s_bid_size_medio_soma <= -0.517678598941 E adv_delta_range_pontos_15s_60s > -500;adv_z_pre_30s_bid_size_medio_soma;<=;-0,517678598941052;adv_delta_range_pontos_15s_60s;>;-500,0;1000;1200;1,2;0,4;0,2;PRE_ABERTURA;06:00;09:30;TODOS;0,1,2,3,4;85,0;195;999,0;692,9230769230769;135120,0;0,0;999,0;1,0;4;4;1,0;97;63600,0;634,1978021978022;648,2051282051282;999,0;999,0;0,0;0,0;9120,0;25680,0;0,9225265553011579;1,0;98,00053110602316;5;5;1,0;104;68160,0;637,643956043956;651,4285714285714;999,0;999,0;0,0;0,0;4560,0;25680,0;0,9213907785336357;1,0;98,42781557067272;9;9;1,0;54950,0;281,79487179487177;12,945652173913043;1300,0;0,855683836589698;1,0;95,61209591474245;True;98,24895416698767;EXCEPCIONAL;True;43
5dc4ed274e9e9879;1f6d3e155cd0d4c6;4;COMPRA;adv_ratio_volatilidade_close_pontos_15s_60s > 1.2948704724 E pre_60s_ticks_incremento_media <= 149.166666667;adv_ratio_volatilidade_close_pontos_15s_60s;>;1,2948704724041395;pre_60s_ticks_incremento_media;<=;149,16666666666666;800;1200;1,5;0,4;0,2;DIA_INTEIRO;;;SEG_TER_QUA;0,1,2;85,0;157;999,0;674,140127388535;105840,0;0,0;999,0;1,0;4;4;1,0;81;57840,0;675,0526315789474;642,1052631578948;999,0;999,0;0,0;0,0;6240,0;31680,0;1,01464807436919;1,0;97,15000000000002;5;5;1,0;99;68880,0;662,7087719298246;640,0;999,0;999,0;0,0;0,0;6240,0;31680,0;0,9624819624819625;1,0;99,09963924963925;9;9;1,0;49170,0;313,18471337579615;24,414285714285715;210,0;0,8516628873771731;1,0;96,16557218442932;True;98,20224564007422;EXCEPCIONAL;True;44
665b3e5a69f7fee6;019140cf09ada313;4;COMPRA;adv_ratio_volatilidade_close_pontos_15s_60s > 1.2948704724 E adv_z_pre_60s_ticks_incremento_media <= -0.0957484574167;adv_ratio_volatilidade_close_pontos_15s_60s;>;1,2948704724041395;adv_z_pre_60s_ticks_incremento_media;<=;-0,09574845741668699;800;1200;1,5;0,4;0,2;DIA_INTEIRO;;;SEG_TER_QUA;0,1,2;85,0;157;999,0;674,140127388535;105840,0;0,0;999,0;1,0;4;4;1,0;81;57840,0;675,0526315789474;642,1052631578948;999,0;999,0;0,0;0,0;6240,0;31680,0;1,01464807436919;1,0;97,15000000000002;5;5;1,0;99;68880,0;662,7087719298246;640,0;999,0;999,0;0,0;0,0;6240,0;31680,0;0,9624819624819625;1,0;99,09963924963925;9;9;1,0;49170,0;313,18471337579615;24,414285714285715;210,0;0,8516628873771731;1,0;96,16557218442932;True;98,20224564007422;EXCEPCIONAL;True;45
7bbca84cb5a7efbd;73278f8ea10d1b03;4;VENDA;pre_60s_ticks_max_s <= 18 E adv_z_pre_15s_agressor_venda > -0.636520646589;pre_60s_ticks_max_s;<=;18,0;adv_z_pre_15s_agressor_venda;>;-0,6365206465889295;800;1000;1,25;0,4;0,2;DIA_INTEIRO;;;TODOS;0,1,2,3,4;85,0;166;999,0;648,1927710843373;107600,0;0,0;999,0;1,0;4;4;1,0;88;55200,0;634,5238095238095;633,3333333333333;999,0;999,0;0,0;0,0;8000,0;16800,0;0,9484110248331639;1,0;97,16822049666328;5;5;1,0;105;66600,0;641,7366946778711;666,6666666666666;999,0;999,0;0,0;0,0;8000,0;16800,0;0,9523809523809523;1,0;99,04761904761905;9;9;1,0;48500,0;292,1686746987952;108,77777777777777;150,0;0,845724907063197;1,0;96,05312267657993;True;98,1787503372239;EXCEPCIONAL;True;46
86f06eba5873524f;b49ea5bcb54966cf;4;VENDA;adv_z_pre_60s_ticks_max_s <= -0.782226279188 E adv_z_pre_15s_agressor_venda > -0.636520646589;adv_z_pre_60s_ticks_max_s;<=;-0,7822262791881286;adv_z_pre_15s_agressor_venda;>;-0,6365206465889295;800;1000;1,25;0,4;0,2;DIA_INTEIRO;;;TODOS;0,1,2,3,4;85,0;166;999,0;648,1927710843373;107600,0;0,0;999,0;1,0;4;4;1,0;88;55200,0;634,5238095238095;633,3333333333333;999,0;999,0;0,0;0,0;8000,0;16800,0;0,9484110248331639;1,0;97,16822049666328;5;5;1,0;105;66600,0;641,7366946778711;666,6666666666666;999,0;999,0;0,0;0,0;8000,0;16800,0;0,9523809523809523;1,0;99,04761904761905;9;9;1,0;48500,0;292,1686746987952;108,77777777777777;150,0;0,845724907063197;1,0;96,05312267657993;True;98,1787503372239;EXCEPCIONAL;True;47
e8d9611c8472d6c6;8822c61653bdbc72;4;COMPRA;adv_ratio_range_pontos_15s_60s > 0.820512820512 E pre_15s_cobertura_pct > 0.333333;adv_ratio_range_pontos_15s_60s;>;0,8205128205119789;pre_15s_cobertura_pct;>;0,333333;800;1200;1,5;0,4;0,2;DIA_INTEIRO;;;QUA_QUI_SEX;2,3,4;85,0;167;999,0;665,3892215568862;111120,0;0,0;999,0;1,0;4;4;1,0;86;52320,0;616,289592760181;654,1176470588235;999,0;999,0;0,0;0,0;5040,0;25440,0;1,0197212284714485;1,0;97,9;4;4;1,0;86;52320,0;616,289592760181;654,1176470588235;999,0;999,0;0,0;0,0;5040,0;25440,0;1,1265273504018165;1,0;97,9;9;9;1,0;44550,0;266,76646706586826;15,142857142857142;420,0;0,849712023038157;1,0;95,99080057595393;True;98,13862008639309;EXCEPCIONAL;True;48
ff44a9fbb2e4bc41;0375d57a784c1ab0;4;COMPRA;adv_ratio_range_pontos_15s_60s > 0.820512820512 E adv_z_pre_15s_cobertura_pct > -2.19508247371;adv_ratio_range_pontos_15s_60s;>;0,8205128205119789;adv_z_pre_15s_cobertura_pct;>;-2,195082473708966;800;1200;1,5;0,4;0,2;DIA_INTEIRO;;;QUA_QUI_SEX;2,3,4;85,0;167;999,0;665,3892215568862;111120,0;0,0;999,0;1,0;4;4;1,0;86;52320,0;616,289592760181;654,1176470588235;999,0;999,0;0,0;0,0;5040,0;25440,0;1,0197212284714485;1,0;97,9;4;4;1,0;86;52320,0;616,289592760181;654,1176470588235;999,0;999,0;0,0;0,0;5040,0;25440,0;1,1265273504018165;1,0;97,9;9;9;1,0;44550,0;266,76646706586826;15,142857142857142;420,0;0,849712023038157;1,0;95,99080057595393;True;98,13862008639309;EXCEPCIONAL;True;49
cd4aa6820ea80394;5e76713a4d267fc2;4;COMPRA;adv_ratio_range_pontos_15s_60s > 0.820512820512 E adv_ratio_volatilidade_close_pontos_15s_60s > 0.723015913613;adv_ratio_range_pontos_15s_60s;>;0,8205128205119789;adv_ratio_volatilidade_close_pontos_15s_60s;>;0,7230159136131564;800;1200;1,5;0,4;0,2;DIA_INTEIRO;;;QUA_QUI_SEX;2,3,4;85,0;168;999,0;668,5714285714286;112320,0;0,0;999,0;1,0;4;4;1,0;86;52320,0;613,0156739811912;647,2727272727273;999,0;999,0;0,0;0,0;5040,0;24240,0;0,9960283763150722;1,0;97,82056752630145;4;4;1,0;86;52320,0;613,0156739811912;647,2727272727273;999,0;999,0;0,0;0,0;5040,0;24240,0;1,095381716855071;1,0;97,9;9;9;1,0;44160,0;262,85714285714283;16,49473684210526;300,0;0,8386752136752136;1,0;95,78688034188033;True;98,08023068548756;EXCEPCIONAL;True;50
6dbc5e2844fcb9d2;ab2dfa24088c1856;0;COMPRA;pre_120s_bid_size_medio_soma <= 129.857733505 E adv_delta_range_pontos_15s_60s > -500;pre_120s_bid_size_medio_soma;<=;129,85773350518676;adv_delta_range_pontos_15s_60s;>;-500,0;1000;1200;1,2;0,4;0,2;PRE_ABERTURA;06:00;09:30;TODOS;0,1,2,3,4;85,0;198;999,0;695,7575757575758;137760,0;0,0;999,0;1,0;4;4;1,0;103;68880,0;649,7689345314507;636,8421052631579;999,0;999,0;0,0;0,0;11280,0;30000,0;0,8984989267039268;1,0;97,96997853407854;5;5;1,0;108;72000,0;644,6151476251605;624,0;999,0;999,0;0,0;0,0;3120,0;30000,0;0,8879892037786775;1,0;97,75978407557355;9;9;1,0;59060,0;298,2828282828283;13,839130434782609;1300,0;0,8562717770034843;1,0;95,62679442508711;True;98,07345766958395;EXCEPCIONAL;True;51
947661b8341152ee;09190935dbd55559;0;COMPRA;adv_z_pre_120s_bid_size_medio_soma <= -0.606447999718 E adv_delta_range_pontos_15s_60s > -500;adv_z_pre_120s_bid_size_medio_soma;<=;-0,6064479997177702;adv_delta_range_pontos_15s_60s;>;-500,0;1000;1200;1,2;0,4;0,2;PRE_ABERTURA;06:00;09:30;TODOS;0,1,2,3,4;85,0;198;999,0;695,7575757575758;137760,0;0,0;999,0;1,0;4;4;1,0;103;68880,0;649,7689345314507;636,8421052631579;999,0;999,0;0,0;0,0;11280,0;30000,0;0,8984989267039268;1,0;97,96997853407854;5;5;1,0;108;72000,0;644,6151476251605;624,0;999,0;999,0;0,0;0,0;3120,0;30000,0;0,8879892037786775;1,0;97,75978407557355;9;9;1,0;59060,0;298,2828282828283;13,839130434782609;1300,0;0,8562717770034843;1,0;95,62679442508711;True;98,07345766958395;EXCEPCIONAL;True;52
1ab7a9a20710fcad;5b9ac264523cefae;0;COMPRA;pre_120s_ask_size_medio_soma <= 90.3166666667 E adv_delta_spread_minimo_30s_120s > 0.116666666667;pre_120s_ask_size_medio_soma;<=;90,31666666666666;adv_delta_spread_minimo_30s_120s;>;0,11666666666666659;1000;1000;1,0;0,4;0,2;PRE_ABERTURA;06:00;09:30;TODOS;0,1,2,3,4;85,0;182;999,0;683,5164835164835;124400,0;0,0;999,0;1,0;4;4;1,0;81;57800,0;701,421568627451;733,8235294117646;999,0;999,0;0,0;0,0;8600,0;24000,0;1,0808228786413436;1,0;97,15000000000002;5;5;1,0;91;63000,0;665,1372549019609;717,6470588235294;999,0;999,0;0,0;0,0;5200,0;24000,0;1,0452216922805158;1,0;98,65;9;9;1,0;63500,0;348,9010989010989;44,793103448275865;1150,0;0,8536977491961415;1,0;95,65244372990354;True;98,01286655948556;EXCEPCIONAL;True;53
d50673563299affd;9de5998f844a6566;0;COMPRA;adv_z_pre_120s_ask_size_medio_soma <= -1.32643356885 E adv_delta_spread_minimo_30s_120s > 0.116666666667;adv_z_pre_120s_ask_size_medio_soma;<=;-1,326433568854512;adv_delta_spread_minimo_30s_120s;>;0,11666666666666659;1000;1000;1,0;0,4;0,2;PRE_ABERTURA;06:00;09:30;TODOS;0,1,2,3,4;85,0;182;999,0;683,5164835164835;124400,0;0,0;999,0;1,0;4;4;1,0;81;57800,0;701,421568627451;733,8235294117646;999,0;999,0;0,0;0,0;8600,0;24000,0;1,0808228786413436;1,0;97,15000000000002;5;5;1,0;91;63000,0;665,1372549019609;717,6470588235294;999,0;999,0;0,0;0,0;5200,0;24000,0;1,0452216922805158;1,0;98,65;9;9;1,0;63500,0;348,9010989010989;44,793103448275865;1150,0;0,8536977491961415;1,0;95,65244372990354;True;98,01286655948556;EXCEPCIONAL;True;54
e652ca001dfdbb3e;a047b14e1dafa769;4;VENDA;pre_60s_ticks_max_s <= 18 E pre_15s_agressor_venda > 14;pre_60s_ticks_max_s;<=;18,0;pre_15s_agressor_venda;>;14,0;800;1000;1,25;0,4;0,2;DIA_INTEIRO;;;TODOS;0,1,2,3,4;85,0;159;999,0;657,8616352201258;104600,0;0,0;999,0;1,0;4;4;1,0;86;54800,0;644,3064182194616;642,0289855072464;999,0;999,0;0,0;0,0;8000,0;16600,0;0,9463370990696143;1,0;96,82674198139229;5;5;1,0;102;66000,0;655,4451345755693;666,6666666666666;999,0;999,0;0,0;0,0;8000,0;16600,0;0,9413067552602435;1,0;98,82613510520487;9;9;1,0;47350,0;297,7987421383648;106,22222222222223;150,0;0,8479923518164436;1,0;96,10980879541108;True;98,01236478910018;EXCEPCIONAL;True;55
cc5d2ddbf8bcda79;a34fc9dc76acefa6;4;VENDA;adv_z_pre_60s_ticks_max_s <= -0.782226279188 E pre_15s_agressor_venda > 14;adv_z_pre_60s_ticks_max_s;<=;-0,7822262791881286;pre_15s_agressor_venda;>;14,0;800;1000;1,25;0,4;0,2;DIA_INTEIRO;;;TODOS;0,1,2,3,4;85,0;159;999,0;657,8616352201258;104600,0;0,0;999,0;1,0;4;4;1,0;86;54800,0;644,3064182194616;642,0289855072464;999,0;999,0;0,0;0,0;8000,0;16600,0;0,9463370990696143;1,0;96,82674198139229;5;5;1,0;102;66000,0;655,4451345755693;666,6666666666666;999,0;999,0;0,0;0,0;8000,0;16600,0;0,9413067552602435;1,0;98,82613510520487;9;9;1,0;47350,0;297,7987421383648;106,22222222222223;150,0;0,8479923518164436;1,0;96,10980879541108;True;98,01236478910018;EXCEPCIONAL;True;56
6531110b1bb288c2;fdbc1b553ff0bd78;4;COMPRA;adv_ratio_range_pontos_15s_60s > 0.340425531915 E adv_ratio_volatilidade_close_pontos_15s_60s > 1.2948704724;adv_ratio_range_pontos_15s_60s;>;0,3404255319147005;adv_ratio_volatilidade_close_pontos_15s_60s;>;1,2948704724041395;800;1200;1,5;0,4;0,2;DIA_INTEIRO;;;SEG_QUA_SEX;0,2,4;85,0;153;999,0;679,2156862745098;103920,0;0,0;999,0;1,0;4;4;1,0;81;58800,0;695,2380952380952;720,0;999,0;999,0;0,0;0,0;7200,0;27600,0;1,1620712678355054;1,0;97,15000000000002;5;5;1,0;87;62160,0;668,1904761904761;651,4285714285714;999,0;999,0;0,0;0,0;3360,0;27600,0;0,9930313588850175;1,0;97,91062717770035;9;9;1,0;50490,0;330,0;23,44;300,0;0,8527713625866051;1,0;96,13928406466513;True;97,90104940412488;EXCEPCIONAL;True;57
8df4f5700869b7eb;bbce68eab524dd1b;3;COMPRA;adv_z_pre_30s_bid_size_medio_soma <= -1.14834185665 E pre_60s_ask_size_medio_soma <= 99.8586307614;adv_z_pre_30s_bid_size_medio_soma;<=;-1,14834185664801;pre_60s_ask_size_medio_soma;<=;99,85863076137177;1500;1200;0,8;0,4;0,2;POS_FECHAMENTO;16:30;23:59;QUA_QUI_SEX;2,3,4;85,0;378;999,0;648,8888888888889;245280,0;0,0;999,0;1,0;3;3;1,0;190;125280,0;667,4147186147186;566,4;999,0;999,0;0,0;0,0;28320,0;61200,0;0,8873599999999999;1,0;97,7472;3;3;1,0;190;125280,0;667,4147186147186;566,4;999,0;999,0;0,0;0,0;28320,0;61200,0;0,8615873015873015;1,0;97,23174603174604;9;9;1,0;114120,0;301,9047619047619;15,088888888888889;1650,0;0,8458904109589042;1,0;95,15726027397261;True;97,79304554903241;EXCEPCIONAL;True;58
dced763a63e15ab5;e9216a6aa35d77ea;3;COMPRA;adv_z_pre_30s_bid_size_medio_soma <= -1.14834185665 E adv_z_pre_60s_ask_size_medio_soma <= 0.591885463111;adv_z_pre_30s_bid_size_medio_soma;<=;-1,14834185664801;adv_z_pre_60s_ask_size_medio_soma;<=;0,5918854631106052;1500;1200;0,8;0,4;0,2;POS_FECHAMENTO;16:30;23:59;QUA_QUI_SEX;2,3,4;85,0;378;999,0;648,8888888888889;245280,0;0,0;999,0;1,0;3;3;1,0;190;125280,0;667,4147186147186;566,4;999,0;999,0;0,0;0,0;28320,0;61200,0;0,8873599999999999;1,0;97,7472;3;3;1,0;190;125280,0;667,4147186147186;566,4;999,0;999,0;0,0;0,0;28320,0;61200,0;0,8615873015873015;1,0;97,23174603174604;9;9;1,0;114120,0;301,9047619047619;15,088888888888889;1650,0;0,8458904109589042;1,0;95,15726027397261;True;97,79304554903241;EXCEPCIONAL;True;59
dc5d98f8dcac9858;b3786064d2049725;3;COMPRA;pre_30s_bid_size_medio_soma <= 23.2598528139 E pre_60s_ask_size_medio_soma <= 99.8586307614;pre_30s_bid_size_medio_soma;<=;23,259852813852817;pre_60s_ask_size_medio_soma;<=;99,85863076137177;1500;1200;0,8;0,4;0,2;POS_FECHAMENTO;16:30;23:59;QUA_QUI_SEX;2,3,4;85,0;378;999,0;648,8888888888889;245280,0;0,0;999,0;1,0;3;3;1,0;190;125280,0;667,4147186147186;566,4;999,0;999,0;0,0;0,0;28320,0;61200,0;0,8873599999999999;1,0;97,7472;3;3;1,0;190;125280,0;667,4147186147186;566,4;999,0;999,0;0,0;0,0;28320,0;61200,0;0,8615873015873015;1,0;97,23174603174604;9;9;1,0;114120,0;301,9047619047619;15,088888888888889;1650,0;0,8458904109589042;1,0;95,15726027397261;True;97,79304554903241;EXCEPCIONAL;True;60
ea2dbebe3ab5a420;0f6892aacf7a40b7;3;COMPRA;pre_30s_bid_size_medio_soma <= 23.2598528139 E adv_z_pre_60s_ask_size_medio_soma <= 0.591885463111;pre_30s_bid_size_medio_soma;<=;23,259852813852817;adv_z_pre_60s_ask_size_medio_soma;<=;0,5918854631106052;1500;1200;0,8;0,4;0,2;POS_FECHAMENTO;16:30;23:59;QUA_QUI_SEX;2,3,4;85,0;378;999,0;648,8888888888889;245280,0;0,0;999,0;1,0;3;3;1,0;190;125280,0;667,4147186147186;566,4;999,0;999,0;0,0;0,0;28320,0;61200,0;0,8873599999999999;1,0;97,7472;3;3;1,0;190;125280,0;667,4147186147186;566,4;999,0;999,0;0,0;0,0;28320,0;61200,0;0,8615873015873015;1,0;97,23174603174604;9;9;1,0;114120,0;301,9047619047619;15,088888888888889;1650,0;0,8458904109589042;1,0;95,15726027397261;True;97,79304554903241;EXCEPCIONAL;True;61
6b665397ef4b6488;140363188624c59e;3;COMPRA;adv_z_pre_30s_bid_size_medio_soma <= -1.14834185665 E pre_60s_ask_size_medio_soma <= 112.472207584;adv_z_pre_30s_bid_size_medio_soma;<=;-1,14834185664801;pre_60s_ask_size_medio_soma;<=;112,4722075837279;1500;1200;0,8;0,4;0,2;POS_FECHAMENTO;16:30;23:59;QUA_QUI_SEX;2,3,4;85,0;378;999,0;648,8888888888889;245280,0;0,0;999,0;1,0;3;3;1,0;190;125280,0;667,4147186147186;566,4;999,0;999,0;0,0;0,0;28320,0;61200,0;0,8873599999999999;1,0;97,7472;3;3;1,0;190;125280,0;667,4147186147186;566,4;999,0;999,0;0,0;0,0;28320,0;61200,0;0,8615873015873015;1,0;97,23174603174604;9;9;1,0;114120,0;301,9047619047619;15,088888888888889;1650,0;0,8458904109589042;1,0;95,15726027397261;True;97,79304554903241;EXCEPCIONAL;True;62
a9acad8f0f0cb20e;bcd958b919ed6662;3;COMPRA;adv_z_pre_30s_bid_size_medio_soma <= -1.14834185665 E adv_z_pre_60s_ask_size_medio_soma <= 1.02007908369;adv_z_pre_30s_bid_size_medio_soma;<=;-1,14834185664801;adv_z_pre_60s_ask_size_medio_soma;<=;1,020079083686052;1500;1200;0,8;0,4;0,2;POS_FECHAMENTO;16:30;23:59;QUA_QUI_SEX;2,3,4;85,0;378;999,0;648,8888888888889;245280,0;0,0;999,0;1,0;3;3;1,0;190;125280,0;667,4147186147186;566,4;999,0;999,0;0,0;0,0;28320,0;61200,0;0,8873599999999999;1,0;97,7472;3;3;1,0;190;125280,0;667,4147186147186;566,4;999,0;999,0;0,0;0,0;28320,0;61200,0;0,8615873015873015;1,0;97,23174603174604;9;9;1,0;114120,0;301,9047619047619;15,088888888888889;1650,0;0,8458904109589042;1,0;95,15726027397261;True;97,79304554903241;EXCEPCIONAL;True;63
a437c8c0c286f20e;8d2de7753f471e2a;3;COMPRA;pre_30s_bid_size_medio_soma <= 23.2598528139 E pre_60s_ask_size_medio_soma <= 112.472207584;pre_30s_bid_size_medio_soma;<=;23,259852813852817;pre_60s_ask_size_medio_soma;<=;112,4722075837279;1500;1200;0,8;0,4;0,2;POS_FECHAMENTO;16:30;23:59;QUA_QUI_SEX;2,3,4;85,0;378;999,0;648,8888888888889;245280,0;0,0;999,0;1,0;3;3;1,0;190;125280,0;667,4147186147186;566,4;999,0;999,0;0,0;0,0;28320,0;61200,0;0,8873599999999999;1,0;97,7472;3;3;1,0;190;125280,0;667,4147186147186;566,4;999,0;999,0;0,0;0,0;28320,0;61200,0;0,8615873015873015;1,0;97,23174603174604;9;9;1,0;114120,0;301,9047619047619;15,088888888888889;1650,0;0,8458904109589042;1,0;95,15726027397261;True;97,79304554903241;EXCEPCIONAL;True;64
08bfd12a23cbd642;1ca9d183616b7b20;3;COMPRA;pre_30s_bid_size_medio_soma <= 23.2598528139 E adv_z_pre_60s_ask_size_medio_soma <= 1.02007908369;pre_30s_bid_size_medio_soma;<=;23,259852813852817;adv_z_pre_60s_ask_size_medio_soma;<=;1,020079083686052;1500;1200;0,8;0,4;0,2;POS_FECHAMENTO;16:30;23:59;QUA_QUI_SEX;2,3,4;85,0;378;999,0;648,8888888888889;245280,0;0,0;999,0;1,0;3;3;1,0;190;125280,0;667,4147186147186;566,4;999,0;999,0;0,0;0,0;28320,0;61200,0;0,8873599999999999;1,0;97,7472;3;3;1,0;190;125280,0;667,4147186147186;566,4;999,0;999,0;0,0;0,0;28320,0;61200,0;0,8615873015873015;1,0;97,23174603174604;9;9;1,0;114120,0;301,9047619047619;15,088888888888889;1650,0;0,8458904109589042;1,0;95,15726027397261;True;97,79304554903241;EXCEPCIONAL;True;65
5e29102f0d1c9d18;31dcec675d576c38;3;COMPRA;adv_z_pre_30s_bid_size_medio_soma <= -1.14834185665 E pre_60s_ask_size_medio_soma <= 89.1242462025;adv_z_pre_30s_bid_size_medio_soma;<=;-1,14834185664801;pre_60s_ask_size_medio_soma;<=;89,12424620246007;1500;1200;0,8;0,4;0,2;POS_FECHAMENTO;16:30;23:59;QUA_QUI_SEX;2,3,4;85,0;376;999,0;651,063829787234;244800,0;0,0;999,0;1,0;3;3;1,0;189;125040,0;668,3989974937343;566,4;999,0;999,0;0,0;0,0;28320,0;61200,0;0,8844088176352706;1,0;97,68817635270541;3;3;1,0;189;125040,0;668,3989974937343;566,4;999,0;999,0;0,0;0,0;28320,0;61200,0;0,8581818181818182;1,0;97,16363636363637;9;9;1,0;114180,0;303,67021276595744;15,362264150943396;1650,0;0,8464052287581699;1,0;95,17013071895425;True;97,75729042219912;EXCEPCIONAL;True;66
554c6eb14743a614;e55576ffb5a934ac;3;COMPRA;adv_z_pre_30s_bid_size_medio_soma <= -1.14834185665 E adv_z_pre_60s_ask_size_medio_soma <= 0.226722088909;adv_z_pre_30s_bid_size_medio_soma;<=;-1,14834185664801;adv_z_pre_60s_ask_size_medio_soma;<=;0,22672208890913442;1500;1200;0,8;0,4;0,2;POS_FECHAMENTO;16:30;23:59;QUA_QUI_SEX;2,3,4;85,0;376;999,0;651,063829787234;244800,0;0,0;999,0;1,0;3;3;1,0;189;125040,0;668,3989974937343;566,4;999,0;999,0;0,0;0,0;28320,0;61200,0;0,8844088176352706;1,0;97,68817635270541;3;3;1,0;189;125040,0;668,3989974937343;566,4;999,0;999,0;0,0;0,0;28320,0;61200,0;0,8581818181818182;1,0;97,16363636363637;9;9;1,0;114180,0;303,67021276595744;15,362264150943396;1650,0;0,8464052287581699;1,0;95,17013071895425;True;97,75729042219912;EXCEPCIONAL;True;67
0bdd2b38a7042f53;bccf5cfec504d094;3;COMPRA;pre_30s_bid_size_medio_soma <= 23.2598528139 E pre_60s_ask_size_medio_soma <= 89.1242462025;pre_30s_bid_size_medio_soma;<=;23,259852813852817;pre_60s_ask_size_medio_soma;<=;89,12424620246007;1500;1200;0,8;0,4;0,2;POS_FECHAMENTO;16:30;23:59;QUA_QUI_SEX;2,3,4;85,0;376;999,0;651,063829787234;244800,0;0,0;999,0;1,0;3;3;1,0;189;125040,0;668,3989974937343;566,4;999,0;999,0;0,0;0,0;28320,0;61200,0;0,8844088176352706;1,0;97,68817635270541;3;3;1,0;189;125040,0;668,3989974937343;566,4;999,0;999,0;0,0;0,0;28320,0;61200,0;0,8581818181818182;1,0;97,16363636363637;9;9;1,0;114180,0;303,67021276595744;15,362264150943396;1650,0;0,8464052287581699;1,0;95,17013071895425;True;97,75729042219912;EXCEPCIONAL;True;68
d4cbe92a5894e821;afa93d72524f2c78;3;COMPRA;pre_30s_bid_size_medio_soma <= 23.2598528139 E adv_z_pre_60s_ask_size_medio_soma <= 0.226722088909;pre_30s_bid_size_medio_soma;<=;23,259852813852817;adv_z_pre_60s_ask_size_medio_soma;<=;0,22672208890913442;1500;1200;0,8;0,4;0,2;POS_FECHAMENTO;16:30;23:59;QUA_QUI_SEX;2,3,4;85,0;376;999,0;651,063829787234;244800,0;0,0;999,0;1,0;3;3;1,0;189;125040,0;668,3989974937343;566,4;999,0;999,0;0,0;0,0;28320,0;61200,0;0,8844088176352706;1,0;97,68817635270541;3;3;1,0;189;125040,0;668,3989974937343;566,4;999,0;999,0;0,0;0,0;28320,0;61200,0;0,8581818181818182;1,0;97,16363636363637;9;9;1,0;114180,0;303,67021276595744;15,362264150943396;1650,0;0,8464052287581699;1,0;95,17013071895425;True;97,75729042219912;EXCEPCIONAL;True;69
1d65214d2b00e1a4;a5333abf18c3991d;4;COMPRA;adv_ratio_volatilidade_close_pontos_15s_60s > 1.2948704724 E pre_15s_agressor_venda > 6;adv_ratio_volatilidade_close_pontos_15s_60s;>;1,2948704724041395;pre_15s_agressor_venda;>;6,0;800;1200;1,5;0,4;0,2;DIA_INTEIRO;;;SEG_QUA_SEX;0,2,4;85,0;151;999,0;678,6754966887418;102480,0;0,0;999,0;1,0;4;4;1,0;79;57360,0;700,1249730661496;729,7737556561086;999,0;999,0;0,0;0,0;7200,0;26400,0;1,1889467855535467;1,0;96,85000000000001;5;5;1,0;85;60720,0;672,0999784529197;683,0769230769231;999,0;999,0;0,0;0,0;3360,0;26400,0;1,0302029259084473;1,0;97,75000000000001;9;9;1,0;51030,0;337,94701986754967;22,2625;300,0;0,8526541764246682;1,0;96,1363544106167;True;97,75545316159251;EXCEPCIONAL;True;70
f808842b4ffb5b90;0faca0f0392c07b3;4;COMPRA;adv_ratio_volatilidade_close_pontos_15s_60s > 1.2948704724 E adv_z_pre_15s_agressor_venda > -0.670322565879;adv_ratio_volatilidade_close_pontos_15s_60s;>;1,2948704724041395;adv_z_pre_15s_agressor_venda;>;-0,6703225658788635;800;1200;1,5;0,4;0,2;DIA_INTEIRO;;;SEG_QUA_SEX;0,2,4;85,0;151;999,0;678,6754966887418;102480,0;0,0;999,0;1,0;4;4;1,0;79;57360,0;700,1249730661496;729,7737556561086;999,0;999,0;0,0;0,0;7200,0;26400,0;1,1889467855535467;1,0;96,85000000000001;5;5;1,0;85;60720,0;672,0999784529197;683,0769230769231;999,0;999,0;0,0;0,0;3360,0;26400,0;1,0302029259084473;1,0;97,75000000000001;9;9;1,0;51030,0;337,94701986754967;22,2625;300,0;0,8526541764246682;1,0;96,1363544106167;True;97,75545316159251;EXCEPCIONAL;True;71
6f4abfe44474efe3;a0ec06005d33db53;3;COMPRA;pre_120s_bid_size_medio_soma <= 144.336515321 E adv_z_pre_30s_bid_size_medio_soma <= -1.14834185665;pre_120s_bid_size_medio_soma;<=;144,33651532120126;adv_z_pre_30s_bid_size_medio_soma;<=;-1,14834185664801;1500;1200;0,8;0,4;0,2;POS_FECHAMENTO;16:30;23:59;QUA_QUI_SEX;2,3,4;85,0;380;999,0;646,7368421052631;245760,0;0,0;999,0;1,0;3;3;1,0;191;125520,0;665,2813852813853;560,0;999,0;999,0;0,0;0,0;28560,0;61200,0;0,8802395209580839;1,0;97,60479041916167;3;3;1,0;191;125520,0;665,2813852813853;560,0;999,0;999,0;0,0;0,0;28560,0;61200,0;0,8552036199095023;1,0;97,10407239819006;9;9;1,0;114300,0;300,7894736842105;15,11111111111111;1650,0;0,8453776041666666;1,0;95,14444010416666;True;97,70936076187911;EXCEPCIONAL;True;72
7c4595ad113bba8e;0338fb8f3a0b89ff;3;COMPRA;adv_z_pre_120s_bid_size_medio_soma <= -0.341858377574 E adv_z_pre_30s_bid_size_medio_soma <= -1.14834185665;adv_z_pre_120s_bid_size_medio_soma;<=;-0,34185837757354814;adv_z_pre_30s_bid_size_medio_soma;<=;-1,14834185664801;1500;1200;0,8;0,4;0,2;POS_FECHAMENTO;16:30;23:59;QUA_QUI_SEX;2,3,4;85,0;380;999,0;646,7368421052631;245760,0;0,0;999,0;1,0;3;3;1,0;191;125520,0;665,2813852813853;560,0;999,0;999,0;0,0;0,0;28560,0;61200,0;0,8802395209580839;1,0;97,60479041916167;3;3;1,0;191;125520,0;665,2813852813853;560,0;999,0;999,0;0,0;0,0;28560,0;61200,0;0,8552036199095023;1,0;97,10407239819006;9;9;1,0;114300,0;300,7894736842105;15,11111111111111;1650,0;0,8453776041666666;1,0;95,14444010416666;True;97,70936076187911;EXCEPCIONAL;True;73
dabab9cb69f76444;2b630c1930803b45;3;COMPRA;pre_120s_bid_size_medio_soma <= 144.336515321 E pre_30s_bid_size_medio_soma <= 23.2598528139;pre_120s_bid_size_medio_soma;<=;144,33651532120126;pre_30s_bid_size_medio_soma;<=;23,259852813852817;1500;1200;0,8;0,4;0,2;POS_FECHAMENTO;16:30;23:59;QUA_QUI_SEX;2,3,4;85,0;380;999,0;646,7368421052631;245760,0;0,0;999,0;1,0;3;3;1,0;191;125520,0;665,2813852813853;560,0;999,0;999,0;0,0;0,0;28560,0;61200,0;0,8802395209580839;1,0;97,60479041916167;3;3;1,0;191;125520,0;665,2813852813853;560,0;999,0;999,0;0,0;0,0;28560,0;61200,0;0,8552036199095023;1,0;97,10407239819006;9;9;1,0;114300,0;300,7894736842105;15,11111111111111;1650,0;0,8453776041666666;1,0;95,14444010416666;True;97,70936076187911;EXCEPCIONAL;True;74
11f593798e0bf052;c58e58ca25188560;3;COMPRA;adv_z_pre_120s_bid_size_medio_soma <= -0.341858377574 E pre_30s_bid_size_medio_soma <= 23.2598528139;adv_z_pre_120s_bid_size_medio_soma;<=;-0,34185837757354814;pre_30s_bid_size_medio_soma;<=;23,259852813852817;1500;1200;0,8;0,4;0,2;POS_FECHAMENTO;16:30;23:59;QUA_QUI_SEX;2,3,4;85,0;380;999,0;646,7368421052631;245760,0;0,0;999,0;1,0;3;3;1,0;191;125520,0;665,2813852813853;560,0;999,0;999,0;0,0;0,0;28560,0;61200,0;0,8802395209580839;1,0;97,60479041916167;3;3;1,0;191;125520,0;665,2813852813853;560,0;999,0;999,0;0,0;0,0;28560,0;61200,0;0,8552036199095023;1,0;97,10407239819006;9;9;1,0;114300,0;300,7894736842105;15,11111111111111;1650,0;0,8453776041666666;1,0;95,14444010416666;True;97,70936076187911;EXCEPCIONAL;True;75
87a3b6bec001cf4f;b57f1d26ea570c07;4;COMPRA;adv_ratio_range_pontos_15s_60s > 0.820512820512 E pre_15s_agressor_compra > 6;adv_ratio_range_pontos_15s_60s;>;0,8205128205119789;pre_15s_agressor_compra;>;6,0;800;1200;1,5;0,4;0,2;DIA_INTEIRO;;;QUA_QUI_SEX;2,3,4;85,0;168;999,0;674,2857142857143;113280,0;0,0;999,0;1,0;4;4;1,0;85;51120,0;598,4935064935065;624,0;999,0;999,0;0,0;0,0;5280,0;24240,0;0,9493916022296367;1,0;96,73783204459274;4;4;1,0;85;51120,0;598,4935064935065;624,0;999,0;999,0;0,0;0,0;5280,0;24240,0;1,033700390738528;1,0;97,75000000000001;9;9;1,0;45600,0;271,42857142857144;15,476190476190476;420,0;0,8516949152542374;1,0;96,04037288135594;True;97,70179714781084;EXCEPCIONAL;True;76
0db4d8020003f81c;6562ffa1fa78151d;4;COMPRA;adv_ratio_range_pontos_15s_60s > 0.820512820512 E adv_z_pre_15s_agressor_compra > -0.685831316376;adv_ratio_range_pontos_15s_60s;>;0,8205128205119789;adv_z_pre_15s_agressor_compra;>;-0,6858313163764299;800;1200;1,5;0,4;0,2;DIA_INTEIRO;;;QUA_QUI_SEX;2,3,4;85,0;168;999,0;674,2857142857143;113280,0;0,0;999,0;1,0;4;4;1,0;85;51120,0;598,4935064935065;624,0;999,0;999,0;0,0;0,0;5280,0;24240,0;0,9493916022296367;1,0;96,73783204459274;4;4;1,0;85;51120,0;598,4935064935065;624,0;999,0;999,0;0,0;0,0;5280,0;24240,0;1,033700390738528;1,0;97,75000000000001;9;9;1,0;45600,0;271,42857142857144;15,476190476190476;420,0;0,8516949152542374;1,0;96,04037288135594;True;97,70179714781084;EXCEPCIONAL;True;77
7c58c3dcb1735536;74b25adb53ef82d4;4;COMPRA;adv_ratio_volatilidade_close_pontos_15s_60s > 1.2948704724 E pre_30s_trades_incremento_soma > 15;adv_ratio_volatilidade_close_pontos_15s_60s;>;1,2948704724041395;pre_30s_trades_incremento_soma;>;15,0;800;1200;1,5;0,4;0,2;DIA_INTEIRO;;;SEG_QUA_SEX;0,2,4;85,0;150;999,0;688,0;103200,0;0,0;999,0;1,0;4;4;1,0;79;57360,0;692,3809523809524;714,2857142857142;999,0;999,0;0,0;0,0;7200,0;27600,0;1,1305741360089185;1,0;96,85000000000001;5;5;1,0;85;60720,0;665,9047619047619;640,0;999,0;999,0;0,0;0,0;3360,0;27600,0;0,972549019607843;1,0;97,20098039215686;9;9;1,0;50220,0;334,8;23,32;300,0;0,8546511627906976;1,0;96,18627906976744;True;97,62568695850433;EXCEPCIONAL;True;78
43309bf3e18b5816;cbcbb84e57efa9ad;4;COMPRA;adv_ratio_volatilidade_close_pontos_15s_60s > 1.2948704724 E adv_z_pre_30s_trades_incremento_soma > -0.821547507519;adv_ratio_volatilidade_close_pontos_15s_60s;>;1,2948704724041395;adv_z_pre_30s_trades_incremento_soma;>;-0,8215475075185504;800;1200;1,5;0,4;0,2;DIA_INTEIRO;;;SEG_QUA_SEX;0,2,4;85,0;150;999,0;688,0;103200,0;0,0;999,0;1,0;4;4;1,0;79;57360,0;692,3809523809524;714,2857142857142;999,0;999,0;0,0;0,0;7200,0;27600,0;1,1305741360089185;1,0;96,85000000000001;5;5;1,0;85;60720,0;665,9047619047619;640,0;999,0;999,0;0,0;0,0;3360,0;27600,0;0,972549019607843;1,0;97,20098039215686;9;9;1,0;50220,0;334,8;23,32;300,0;0,8546511627906976;1,0;96,18627906976744;True;97,62568695850433;EXCEPCIONAL;True;79
78af679214bbd19e;2ac2d52a9b5472bf;0;VENDA;pre_120s_ask_size_medio_soma <= 90.3166666667 E pre_120s_bid_size_medio_soma <= 129.857733505;pre_120s_ask_size_medio_soma;<=;90,31666666666666;pre_120s_bid_size_medio_soma;<=;129,85773350518676;800;1200;1,5;0,4;0,2;MADRUGADA;00:00;06:00;SEG_TER_QUA;0,1,2;85,0;180;999,0;666,6666666666666;120000,0;0,0;999,0;1,0;3;3;1,0;82;48480,0;558,1974448315912;605,7142857142857;999,0;999,0;0,0;0,0;7680,0;28080,0;0,8977309044423137;1,0;95,25461808884627;4;4;1,0;107;68880,0;622,6480836236933;645,2961672473867;999,0;999,0;0,0;0,0;7680,0;28080,0;0,960890058451034;1,0;99,21780116902069;9;9;1,0;46680,0;259,3333333333333;13,448;510,0;0,85;1,0;95,944;True;97,53516662335137;EXCEPCIONAL;True;80
81748a71373770a9;511b925249ac36c5;0;VENDA;pre_120s_ask_size_medio_soma <= 90.3166666667 E adv_z_pre_120s_bid_size_medio_soma <= -0.606447999718;pre_120s_ask_size_medio_soma;<=;90,31666666666666;adv_z_pre_120s_bid_size_medio_soma;<=;-0,6064479997177702;800;1200;1,5;0,4;0,2;MADRUGADA;00:00;06:00;SEG_TER_QUA;0,1,2;85,0;180;999,0;666,6666666666666;120000,0;0,0;999,0;1,0;3;3;1,0;82;48480,0;558,1974448315912;605,7142857142857;999,0;999,0;0,0;0,0;7680,0;28080,0;0,8977309044423137;1,0;95,25461808884627;4;4;1,0;107;68880,0;622,6480836236933;645,2961672473867;999,0;999,0;0,0;0,0;7680,0;28080,0;0,960890058451034;1,0;99,21780116902069;9;9;1,0;46680,0;259,3333333333333;13,448;510,0;0,85;1,0;95,944;True;97,53516662335137;EXCEPCIONAL;True;81
47e963b1eb52f769;6ce9b40046dca3a1;0;VENDA;adv_z_pre_120s_ask_size_medio_soma <= -1.32643356885 E pre_120s_bid_size_medio_soma <= 129.857733505;adv_z_pre_120s_ask_size_medio_soma;<=;-1,326433568854512;pre_120s_bid_size_medio_soma;<=;129,85773350518676;800;1200;1,5;0,4;0,2;MADRUGADA;00:00;06:00;SEG_TER_QUA;0,1,2;85,0;180;999,0;666,6666666666666;120000,0;0,0;999,0;1,0;3;3;1,0;82;48480,0;558,1974448315912;605,7142857142857;999,0;999,0;0,0;0,0;7680,0;28080,0;0,8977309044423137;1,0;95,25461808884627;4;4;1,0;107;68880,0;622,6480836236933;645,2961672473867;999,0;999,0;0,0;0,0;7680,0;28080,0;0,960890058451034;1,0;99,21780116902069;9;9;1,0;46680,0;259,3333333333333;13,448;510,0;0,85;1,0;95,944;True;97,53516662335137;EXCEPCIONAL;True;82
02b18486938115ba;5d5eb1e31bef840d;0;VENDA;adv_z_pre_120s_ask_size_medio_soma <= -1.32643356885 E adv_z_pre_120s_bid_size_medio_soma <= -0.606447999718;adv_z_pre_120s_ask_size_medio_soma;<=;-1,326433568854512;adv_z_pre_120s_bid_size_medio_soma;<=;-0,6064479997177702;800;1200;1,5;0,4;0,2;MADRUGADA;00:00;06:00;SEG_TER_QUA;0,1,2;85,0;180;999,0;666,6666666666666;120000,0;0,0;999,0;1,0;3;3;1,0;82;48480,0;558,1974448315912;605,7142857142857;999,0;999,0;0,0;0,0;7680,0;28080,0;0,8977309044423137;1,0;95,25461808884627;4;4;1,0;107;68880,0;622,6480836236933;645,2961672473867;999,0;999,0;0,0;0,0;7680,0;28080,0;0,960890058451034;1,0;99,21780116902069;9;9;1,0;46680,0;259,3333333333333;13,448;510,0;0,85;1,0;95,944;True;97,53516662335137;EXCEPCIONAL;True;83
7501b0daa1e5d99e;dda8e2630414ca1b;4;COMPRA;adv_ratio_range_pontos_15s_60s > 0.820512820512 E adv_ratio_volatilidade_close_pontos_15s_60s > 0.917525524778;adv_ratio_range_pontos_15s_60s;>;0,8205128205119789;adv_ratio_volatilidade_close_pontos_15s_60s;>;0,9175255247781825;800;1200;1,5;0,4;0,2;DIA_INTEIRO;;;QUA_QUI_SEX;2,3,4;85,0;153;999,0;691,7647058823529;105840,0;0,0;999,0;1,0;4;4;1,0;79;50640,0;653,6538461538462;700,7142857142858;999,0;999,0;0,0;0,0;4560,0;24000,0;1,046153910372003;1,0;96,85000000000001;4;4;1,0;79;50640,0;653,6538461538462;700,7142857142858;999,0;999,0;0,0;0,0;4560,0;24000,0;1,1526132404181184;1,0;96,85000000000001;9;9;1,0;41130,0;268,8235294117647;16,233333333333334;300,0;0,8323412698412698;1,0;95,62853174603175;True;97,45427976190477;EXCEPCIONAL;True;84
bb98ad8fef80a6d0;689f8cfa659623f1;0;VENDA;pre_120s_ask_size_medio_soma <= 90.3166666667 E pre_60s_ask_size_medio_soma <= 67.0768756109;pre_120s_ask_size_medio_soma;<=;90,31666666666666;pre_60s_ask_size_medio_soma;<=;67,07687561094818;800;1200;1,5;0,4;0,2;MADRUGADA;00:00;06:00;SEG_TER_QUA;0,1,2;85,0;181;999,0;664,3093922651934;120240,0;0,0;999,0;1,0;3;3;1,0;83;48720,0;552,6563192904656;589,0909090909091;999,0;999,0;0,0;0,0;7680,0;28080,0;0,8730933496034168;1,0;94,91186699206834;4;4;1,0;109;69360,0;612,9537779293877;636,9844789356985;999,0;999,0;0,0;0,0;7680,0;28080,0;0,9485387733724764;1,0;98,97077546744953;9;9;1,0;47010,0;259,72375690607737;14,058333333333334;510,0;0,8494677312042581;1,0;95,93069328010645;True;97,35145130610225;EXCEPCIONAL;True;85
bf2b599663ee7cb9;d316b80e119e4db1;0;VENDA;pre_120s_ask_size_medio_soma <= 90.3166666667 E adv_z_pre_60s_ask_size_medio_soma <= -0.522587759325;pre_120s_ask_size_medio_soma;<=;90,31666666666666;adv_z_pre_60s_ask_size_medio_soma;<=;-0,522587759325445;800;1200;1,5;0,4;0,2;MADRUGADA;00:00;06:00;SEG_TER_QUA;0,1,2;85,0;181;999,0;664,3093922651934;120240,0;0,0;999,0;1,0;3;3;1,0;83;48720,0;552,6563192904656;589,0909090909091;999,0;999,0;0,0;0,0;7680,0;28080,0;0,8730933496034168;1,0;94,91186699206834;4;4;1,0;109;69360,0;612,9537779293877;636,9844789356985;999,0;999,0;0,0;0,0;7680,0;28080,0;0,9485387733724764;1,0;98,97077546744953;9;9;1,0;47010,0;259,72375690607737;14,058333333333334;510,0;0,8494677312042581;1,0;95,93069328010645;True;97,35145130610225;EXCEPCIONAL;True;86
69eef64f340bf6a5;4c744d77eaa82693;0;VENDA;adv_z_pre_120s_ask_size_medio_soma <= -1.32643356885 E pre_60s_ask_size_medio_soma <= 67.0768756109;adv_z_pre_120s_ask_size_medio_soma;<=;-1,326433568854512;pre_60s_ask_size_medio_soma;<=;67,07687561094818;800;1200;1,5;0,4;0,2;MADRUGADA;00:00;06:00;SEG_TER_QUA;0,1,2;85,0;181;999,0;664,3093922651934;120240,0;0,0;999,0;1,0;3;3;1,0;83;48720,0;552,6563192904656;589,0909090909091;999,0;999,0;0,0;0,0;7680,0;28080,0;0,8730933496034168;1,0;94,91186699206834;4;4;1,0;109;69360,0;612,9537779293877;636,9844789356985;999,0;999,0;0,0;0,0;7680,0;28080,0;0,9485387733724764;1,0;98,97077546744953;9;9;1,0;47010,0;259,72375690607737;14,058333333333334;510,0;0,8494677312042581;1,0;95,93069328010645;True;97,35145130610225;EXCEPCIONAL;True;87
7ef3880778a128fa;44307a8de322cac9;0;VENDA;adv_z_pre_120s_ask_size_medio_soma <= -1.32643356885 E adv_z_pre_60s_ask_size_medio_soma <= -0.522587759325;adv_z_pre_120s_ask_size_medio_soma;<=;-1,326433568854512;adv_z_pre_60s_ask_size_medio_soma;<=;-0,522587759325445;800;1200;1,5;0,4;0,2;MADRUGADA;00:00;06:00;SEG_TER_QUA;0,1,2;85,0;181;999,0;664,3093922651934;120240,0;0,0;999,0;1,0;3;3;1,0;83;48720,0;552,6563192904656;589,0909090909091;999,0;999,0;0,0;0,0;7680,0;28080,0;0,8730933496034168;1,0;94,91186699206834;4;4;1,0;109;69360,0;612,9537779293877;636,9844789356985;999,0;999,0;0,0;0,0;7680,0;28080,0;0,9485387733724764;1,0;98,97077546744953;9;9;1,0;47010,0;259,72375690607737;14,058333333333334;510,0;0,8494677312042581;1,0;95,93069328010645;True;97,35145130610225;EXCEPCIONAL;True;88
df36a4ab883430dc;1056984d283d89f5;0;VENDA;pre_120s_ask_size_medio_soma <= 90.3166666667 E pre_30s_ask_size_medio_soma <= 43.3595702585;pre_120s_ask_size_medio_soma;<=;90,31666666666666;pre_30s_ask_size_medio_soma;<=;43,359570258504014;800;1200;1,5;0,4;0,2;MADRUGADA;00:00;06:00;SEG_TER_QUA;0,1,2;85,0;181;999,0;664,3093922651934;120240,0;0,0;999,0;1,0;3;3;1,0;83;48720,0;552,6563192904656;589,0909090909091;999,0;999,0;0,0;0,0;7680,0;28080,0;0,8730933496034168;1,0;94,91186699206834;4;4;1,0;109;69360,0;612,9537779293877;636,9844789356985;999,0;999,0;0,0;0,0;7680,0;28080,0;0,9485387733724764;1,0;98,97077546744953;9;9;1,0;47010,0;259,72375690607737;14,058333333333334;510,0;0,8494677312042581;1,0;95,93069328010645;True;97,35145130610225;EXCEPCIONAL;True;89
77b298d787e89f2a;1bb0057c55b9484f;0;VENDA;pre_120s_ask_size_medio_soma <= 90.3166666667 E adv_z_pre_30s_ask_size_medio_soma <= 0.114987999867;pre_120s_ask_size_medio_soma;<=;90,31666666666666;adv_z_pre_30s_ask_size_medio_soma;<=;0,11498799986710816;800;1200;1,5;0,4;0,2;MADRUGADA;00:00;06:00;SEG_TER_QUA;0,1,2;85,0;181;999,0;664,3093922651934;120240,0;0,0;999,0;1,0;3;3;1,0;83;48720,0;552,6563192904656;589,0909090909091;999,0;999,0;0,0;0,0;7680,0;28080,0;0,8730933496034168;1,0;94,91186699206834;4;4;1,0;109;69360,0;612,9537779293877;636,9844789356985;999,0;999,0;0,0;0,0;7680,0;28080,0;0,9485387733724764;1,0;98,97077546744953;9;9;1,0;47010,0;259,72375690607737;14,058333333333334;510,0;0,8494677312042581;1,0;95,93069328010645;True;97,35145130610225;EXCEPCIONAL;True;90
8893c4ff3f17838b;20b010e13d98801f;0;VENDA;adv_z_pre_120s_ask_size_medio_soma <= -1.32643356885 E pre_30s_ask_size_medio_soma <= 43.3595702585;adv_z_pre_120s_ask_size_medio_soma;<=;-1,326433568854512;pre_30s_ask_size_medio_soma;<=;43,359570258504014;800;1200;1,5;0,4;0,2;MADRUGADA;00:00;06:00;SEG_TER_QUA;0,1,2;85,0;181;999,0;664,3093922651934;120240,0;0,0;999,0;1,0;3;3;1,0;83;48720,0;552,6563192904656;589,0909090909091;999,0;999,0;0,0;0,0;7680,0;28080,0;0,8730933496034168;1,0;94,91186699206834;4;4;1,0;109;69360,0;612,9537779293877;636,9844789356985;999,0;999,0;0,0;0,0;7680,0;28080,0;0,9485387733724764;1,0;98,97077546744953;9;9;1,0;47010,0;259,72375690607737;14,058333333333334;510,0;0,8494677312042581;1,0;95,93069328010645;True;97,35145130610225;EXCEPCIONAL;True;91
289e148ca842543b;095023734629b441;0;VENDA;adv_z_pre_120s_ask_size_medio_soma <= -1.32643356885 E adv_z_pre_30s_ask_size_medio_soma <= 0.114987999867;adv_z_pre_120s_ask_size_medio_soma;<=;-1,326433568854512;adv_z_pre_30s_ask_size_medio_soma;<=;0,11498799986710816;800;1200;1,5;0,4;0,2;MADRUGADA;00:00;06:00;SEG_TER_QUA;0,1,2;85,0;181;999,0;664,3093922651934;120240,0;0,0;999,0;1,0;3;3;1,0;83;48720,0;552,6563192904656;589,0909090909091;999,0;999,0;0,0;0,0;7680,0;28080,0;0,8730933496034168;1,0;94,91186699206834;4;4;1,0;109;69360,0;612,9537779293877;636,9844789356985;999,0;999,0;0,0;0,0;7680,0;28080,0;0,9485387733724764;1,0;98,97077546744953;9;9;1,0;47010,0;259,72375690607737;14,058333333333334;510,0;0,8494677312042581;1,0;95,93069328010645;True;97,35145130610225;EXCEPCIONAL;True;92
5283a7c6c04725f0;c84d734f71edb8ed;0;VENDA;pre_120s_ask_size_medio_soma <= 90.3166666667 E pre_15s_bid_size_medio_soma <= 28.1245351192;pre_120s_ask_size_medio_soma;<=;90,31666666666666;pre_15s_bid_size_medio_soma;<=;28,124535119206396;800;1200;1,5;0,4;0,2;MADRUGADA;00:00;06:00;SEG_TER_QUA;0,1,2;85,0;179;999,0;669,0502793296089;119760,0;0,0;999,0;1,0;3;3;1,0;82;48480,0;555,1826350799394;589,0909090909091;999,0;999,0;0,0;0,0;7440,0;28080,0;0,8659856996935649;1,0;94,6197139938713;4;4;1,0;107;68880,0;620,3869763099544;636,9844789356985;999,0;999,0;0,0;0,0;7440,0;28080,0;0,9353768228604127;1,0;98,70753645720825;9;9;1,0;47070,0;262,9608938547486;14,643478260869566;510,0;0,8505344021376086;1,0;95,95736005344021;True;97,18738802017303;EXCEPCIONAL;True;93
0d446bcf70bce752;8ca581db49c93034;0;VENDA;adv_z_pre_120s_ask_size_medio_soma <= -1.32643356885 E pre_15s_bid_size_medio_soma <= 28.1245351192;adv_z_pre_120s_ask_size_medio_soma;<=;-1,326433568854512;pre_15s_bid_size_medio_soma;<=;28,124535119206396;800;1200;1,5;0,4;0,2;MADRUGADA;00:00;06:00;SEG_TER_QUA;0,1,2;85,0;179;999,0;669,0502793296089;119760,0;0,0;999,0;1,0;3;3;1,0;82;48480,0;555,1826350799394;589,0909090909091;999,0;999,0;0,0;0,0;7440,0;28080,0;0,8659856996935649;1,0;94,6197139938713;4;4;1,0;107;68880,0;620,3869763099544;636,9844789356985;999,0;999,0;0,0;0,0;7440,0;28080,0;0,9353768228604127;1,0;98,70753645720825;9;9;1,0;47070,0;262,9608938547486;14,643478260869566;510,0;0,8505344021376086;1,0;95,95736005344021;True;97,18738802017303;EXCEPCIONAL;True;94
3b285aafe58e6002;05c5ab7b4a7f9ebb;0;VENDA;pre_120s_ask_size_medio_soma <= 90.3166666667 E pre_60s_bid_size_medio_soma <= 66.3174456623;pre_120s_ask_size_medio_soma;<=;90,31666666666666;pre_60s_bid_size_medio_soma;<=;66,31744566229645;800;1200;1,5;0,4;0,2;MADRUGADA;00:00;06:00;SEG_TER_QUA;0,1,2;85,0;177;999,0;668,4745762711865;118320,0;0,0;999,0;1,0;3;3;1,0;81;47280,0;552,0559440559441;589,0909090909091;999,0;999,0;0,0;0,0;7680,0;26640,0;0,866639055705115;1,0;94,4827811141023;4;4;1,0;106;67680,0;618,0419580419581;636,0839160839162;999,0;999,0;0,0;0,0;7680,0;26640,0;0,937398968318524;1,0;98,74797936637049;9;9;1,0;46650,0;263,5593220338983;13,958333333333334;510,0;0,8504056795131846;1,0;95,95414198782962;True;97,14908952970288;EXCEPCIONAL;True;95
28e222ef632de8e9;9e2e04159cb04d93;0;VENDA;pre_120s_ask_size_medio_soma <= 90.3166666667 E adv_z_pre_60s_bid_size_medio_soma <= -0.54524389282;pre_120s_ask_size_medio_soma;<=;90,31666666666666;adv_z_pre_60s_bid_size_medio_soma;<=;-0,5452438928198626;800;1200;1,5;0,4;0,2;MADRUGADA;00:00;06:00;SEG_TER_QUA;0,1,2;85,0;177;999,0;668,4745762711865;118320,0;0,0;999,0;1,0;3;3;1,0;81;47280,0;552,0559440559441;589,0909090909091;999,0;999,0;0,0;0,0;7680,0;26640,0;0,866639055705115;1,0;94,4827811141023;4;4;1,0;106;67680,0;618,0419580419581;636,0839160839162;999,0;999,0;0,0;0,0;7680,0;26640,0;0,937398968318524;1,0;98,74797936637049;9;9;1,0;46650,0;263,5593220338983;13,958333333333334;510,0;0,8504056795131846;1,0;95,95414198782962;True;97,14908952970288;EXCEPCIONAL;True;96
4b3b251f63f176cf;5daff8a9fec408f7;0;VENDA;adv_z_pre_120s_ask_size_medio_soma <= -1.32643356885 E pre_60s_bid_size_medio_soma <= 66.3174456623;adv_z_pre_120s_ask_size_medio_soma;<=;-1,326433568854512;pre_60s_bid_size_medio_soma;<=;66,31744566229645;800;1200;1,5;0,4;0,2;MADRUGADA;00:00;06:00;SEG_TER_QUA;0,1,2;85,0;177;999,0;668,4745762711865;118320,0;0,0;999,0;1,0;3;3;1,0;81;47280,0;552,0559440559441;589,0909090909091;999,0;999,0;0,0;0,0;7680,0;26640,0;0,866639055705115;1,0;94,4827811141023;4;4;1,0;106;67680,0;618,0419580419581;636,0839160839162;999,0;999,0;0,0;0,0;7680,0;26640,0;0,937398968318524;1,0;98,74797936637049;9;9;1,0;46650,0;263,5593220338983;13,958333333333334;510,0;0,8504056795131846;1,0;95,95414198782962;True;97,14908952970288;EXCEPCIONAL;True;97
73664f3eb41cf848;9c88d557c91ce29d;0;VENDA;adv_z_pre_120s_ask_size_medio_soma <= -1.32643356885 E adv_z_pre_60s_bid_size_medio_soma <= -0.54524389282;adv_z_pre_120s_ask_size_medio_soma;<=;-1,326433568854512;adv_z_pre_60s_bid_size_medio_soma;<=;-0,5452438928198626;800;1200;1,5;0,4;0,2;MADRUGADA;00:00;06:00;SEG_TER_QUA;0,1,2;85,0;177;999,0;668,4745762711865;118320,0;0,0;999,0;1,0;3;3;1,0;81;47280,0;552,0559440559441;589,0909090909091;999,0;999,0;0,0;0,0;7680,0;26640,0;0,866639055705115;1,0;94,4827811141023;4;4;1,0;106;67680,0;618,0419580419581;636,0839160839162;999,0;999,0;0,0;0,0;7680,0;26640,0;0,937398968318524;1,0;98,74797936637049;9;9;1,0;46650,0;263,5593220338983;13,958333333333334;510,0;0,8504056795131846;1,0;95,95414198782962;True;97,14908952970288;EXCEPCIONAL;True;98
943ed761500dcdd8;d69bc708572c593f;0;VENDA;pre_120s_ask_size_medio_soma <= 90.3166666667 E adv_delta_spread_minimo_30s_120s > 0.116666666667;pre_120s_ask_size_medio_soma;<=;90,31666666666666;adv_delta_spread_minimo_30s_120s;>;0,11666666666666659;800;1200;1,5;0,4;0,2;MADRUGADA;00:00;06:00;SEG_TER_QUA;0,1,2;85,0;171;999,0;677,8947368421053;115920,0;0,0;999,0;1,0;3;3;1,0;76;46080,0;570,9137709137709;605,7142857142857;999,0;999,0;0,0;0,0;7200,0;26160,0;0,8803986710963454;1,0;94,00797342192692;4;4;1,0;101;66480,0;632,1853281853282;656,3706563706563;999,0;999,0;0,0;0,0;7200,0;26160,0;0,9585351541071097;1,0;99,1707030821422;9;9;1,0;46110,0;269,64912280701753;13,808333333333334;510,0;0,8524844720496895;1,0;96,00611180124224;True;97,09638323839631;EXCEPCIONAL;True;99
a45dadc9e1e48346;0955b40e1328be11;0;VENDA;adv_z_pre_120s_ask_size_medio_soma <= -1.32643356885 E adv_delta_spread_minimo_30s_120s > 0.116666666667;adv_z_pre_120s_ask_size_medio_soma;<=;-1,326433568854512;adv_delta_spread_minimo_30s_120s;>;0,11666666666666659;800;1200;1,5;0,4;0,2;MADRUGADA;00:00;06:00;SEG_TER_QUA;0,1,2;85,0;171;999,0;677,8947368421053;115920,0;0,0;999,0;1,0;3;3;1,0;76;46080,0;570,9137709137709;605,7142857142857;999,0;999,0;0,0;0,0;7200,0;26160,0;0,8803986710963454;1,0;94,00797342192692;4;4;1,0;101;66480,0;632,1853281853282;656,3706563706563;999,0;999,0;0,0;0,0;7200,0;26160,0;0,9585351541071097;1,0;99,1707030821422;9;9;1,0;46110,0;269,64912280701753;13,808333333333334;510,0;0,8524844720496895;1,0;96,00611180124224;True;97,09638323839631;EXCEPCIONAL;True;100
