modelo;k;silhouette;davies_bouldin;calinski_harabasz;inercia;bic;aic;menor_cluster;maior_cluster;proporcao_menor_cluster;proporcao_maior_cluster;clusters_abaixo_1pct;entropia_normalizada;solucao_dominada;possui_cluster_pequeno;iteracoes;tempo_segundos;rank_silhouette;rank_davies;rank_calinski;rank_entropia;penalidade_concentracao;penalidade_cluster_pequeno;score_escolha
MINIBATCH_KMEANS;7;0,32742748868445604;1,115243712129141;6393,810444637456;824662797,243012;;;17;37548;0,000243605359317905;0,5380525900981586;2;0,6485513128552186;False;True;3;9,24;15,0;17,0;18,0;5,0;0,0;1,9756394640682093;16,07563946406821
GAUSSIAN_MIXTURE;9;0,044795723359715975;0,6805949893884966;12339526,78366045;;105462,86451194141;104929,87315848946;7;32683;0,00010030808913090206;0,4683384681521817;5;0,5640100376913006;False;True;39;20,76;21,0;13,0;10,0;8,0;0,0;1,98996919108691;16,18996919108691
GAUSSIAN_MIXTURE;10;0,10473655922833273;0,7914816157526096;12008389,711989146;;87626,8538049862;87033,68600840257;7;25467;0,00010030808913090206;0,3649351579852404;5;0,6353502001267423;False;True;59;21,93;20,0;16,0;12,0;6,0;0,0;1,98996919108691;16,58996919108691
MINIBATCH_KMEANS;10;0,2679921350265344;1,1176546352686256;2405,883892813265;695869483,9786245;;;39;18223;0,0005588593537293115;0,26113061546177546;2;0,8285856891802472;False;True;1;8,86;17,0;18,0;21,0;3,0;0,0;1,944114064627069;17,194114064627065
GAUSSIAN_MIXTURE;4;0,9995184390688245;0,0003502224758858744;15920791,820895415;;461293,8400342678;461061,7308964742;8;69734;0,00011463781614960235;0,9992691839220463;3;0,004850350037506004;True;True;2;10,42;1,0;1,0;6,0;23,0;8,978075517661392;1,9885362183850397;17,36661173604643
KMEANS;4;0,9995184390688245;0,0003502224758858744;15920791,820895415;579345,3591652192;;;8;69734;0,00011463781614960235;0,9992691839220463;3;0,004850350037506004;True;True;2;10,13;1,0;1,0;6,0;23,0;8,978075517661392;1,9885362183850397;17,36661173604643
MINIBATCH_KMEANS;8;0,24835506107897323;1,170168290686971;3092,4188324422084;717239517,029234;;;51;14207;0,000730816077953715;0,20358243175467508;1;0,8900303855837213;False;True;3;8,89;18,0;20,0;20,0;1,0;0,0;1,9269183922046285;17,426918392204627
MINIBATCH_KMEANS;6;0,2899056814407271;1,511580044245716;2003,3403179465674;846671079,930342;;;96;27780;0,0013756537937952282;0,39807981657949415;1;0,8295429245983926;False;True;1;8,98;16,0;21,0;22,0;2,0;0,0;1,8624346206204772;17,51243462062048
MINIBATCH_KMEANS;9;0,20833477050649957;1,125936717672123;9457,824055884925;818926448,6543311;;;25;25018;0,00035824317546750734;0,3585011105538439;3;0,7485383071327723;False;True;3;9,15;19,0;19,0;17,0;4,0;0,0;1,9641756824532495;17,56417568245325
GAUSSIAN_MIXTURE;8;0,04097252999019609;0,7560139506688063;10868922,729258485;;108023,38473026373;107550,56981994344;7;32670;0,00010030808913090206;0,4681521817009386;4;0,5906463954984846;False;True;41;22,15;22,0;15,0;14,0;7,0;0,0;1,98996919108691;17,63996919108691
GAUSSIAN_MIXTURE;7;-0,0013943746044878867;0,6283973983022235;12244868,993284449;;133082,09978083786;132669,46131364926;7;51497;0,00010030808913090206;0,737937952282009;4;0,3892271570529771;False;True;53;19,82;23,0;11,0;11,0;10,0;1,1381385684602707;1,98996919108691;18,12810775954718
KMEANS;10;0,8353613402257554;0,2806859656258266;21928096,03914743;128296,10074729868;;;7;67690;0,00010030808913090206;0,9699792218958229;8;0,07464032478702576;True;True;5;10,59;10,0;7,0;1,0;16,0;8,099376656874687;1,98996919108691;18,739345847961598
GAUSSIAN_MIXTURE;5;0,6783085795270416;0,6311904013017084;13827641,355828084;;236703,73004932862;236411,44446840335;8;61580;0,00011463781614960235;0,8824245898115641;3;0,22816893312003478;False;True;5;11,4;13,0;12,0;9,0;12,0;5,472737694346925;1,9885362183850397;19,211273912731965
KMEANS;8;0,8266951288568894;0,2163812931192733;19104275,313969035;214216,29323699058;;;7;68182;0,00010030808913090206;0,9770294475890234;6;0,06184424837406401;True;True;5;10,37;12,0;5,0;2,0;17,0;8,310883427670705;1,98996919108691;19,550852618757613
KMEANS;7;0,8611390626722708;0,2580301585424817;17117315,383971516;273291,77511055453;;;7;68431;0,00010030808913090206;0,9805975496166798;5;0,05754058914402294;True;True;5;10,3;9,0;6,0;4,0;19,0;8,417926488500395;1,98996919108691;19,657895679587305
KMEANS;9;0,8308388974189839;0,3701256378793284;18981239,45347168;165278,60965967766;;;7;67610;0,00010030808913090206;0,9688328437343269;6;0,07631009425167984;True;True;4;10,64;11,0;9,0;3,0;15,0;8,064985312029808;1,98996919108691;19,754954503116718
GAUSSIAN_MIXTURE;6;-0,005459496827588927;0,7266223214775539;11338656,434814217;;138299,77742413947;137947,31540008253;8;52311;0,00011463781614960235;0,749602350075231;3;0,40906003039656114;False;True;52;16,9;24,0;14,0;13,0;9,0;1,4880705022569318;1,9885362183850397;19,77660672064197
GAUSSIAN_MIXTURE;3;0,9992085333088583;0,0006153592451105648;45552,75856872233;;1077603,1858567703;1077431,2531621084;15;69742;0,00021494590528050442;0,9993838217381958;2;0,005069358377626671;True;True;2;10,14;3,0;3,0;15,0;21,0;8,981514652145876;1,9785054094719496;19,960020061617826
KMEANS;3;0,9992085333088583;0,0006153592451105648;45552,75856872233;152720698,36989713;;;15;69742;0,00021494590528050442;0,9993838217381958;2;0,005069358377626671;True;True;2;12,75;3,0;3,0;15,0;21,0;8,981514652145876;1,9785054094719496;19,960020061617826
KMEANS;6;0,863640880273355;0,33167650161178436;16237465,811185203;344882,0999662948;;;7;68436;0,00010030808913090206;0,9806691982517733;4;0,05574047461559591;True;True;4;10,17;8,0;8,0;5,0;20,0;8,420075947553201;1,98996919108691;20,210045138640112
KMEANS;5;0,8693033771393261;0,41344820271992305;15163213,114587614;460795,8740411299;;;8;68448;0,00011463781614960235;0,9808411549759977;3;0,06124310586620343;True;True;4;10,17;7,0;10,0;8,0;18,0;8,42523464927993;1,9885362183850397;20,563770867664967
MINIBATCH_KMEANS;5;0,6112533203595537;1,7266348407496543;3903,572792040703;840412692,1496425;;;56;62106;0,0008024647130472165;0,8899620262234005;3;0,22903364680089036;False;True;3;9,87;14,0;22,0;19,0;11,0;5,698860786702015;1,9197535286952783;24,01861431539729
MINIBATCH_KMEANS;4;0,9260908706546039;2,487681597439163;290,9432085354544;855396179,2703755;;;620;67605;0,008884430751594181;0,9687611950992333;1;0,12488921786494903;True;True;1;9,94;6,0;23,0;24,0;13,0;8,062835852977;1,1115569248405819;24,424392777817584
MINIBATCH_KMEANS;3;0,9540713570443724;2,6528109347952977;456,06520118778707;855110646,9042631;;;586;68386;0,008397220032958373;0,9799527119008383;1;0,10181366396200155;True;True;1;9,97;5,0;24,0;23,0;14,0;8,39858135702515;1,1602779967041628;24,708859353729316
