scenario_id;tp_mt5;sl_mt5;risk_reward;protecao_ativa;protecao_gatilho_pct_tp;protecao_trava_mt5;timeout_minutos;atraso_barras;entrada_preco;mesma_barra_tp_sl;all_trades;all_wins;all_losses;all_zeros;all_win_rate_pct;all_net_mt5_points;all_average_mt5_points;all_median_mt5_points;all_gross_profit;all_gross_loss;all_profit_factor;all_max_drawdown;all_mfe_average;all_mae_average;all_duration_average_seconds;all_tp_count;all_sl_count;all_protected_count;all_timeout_count;train_trades;train_wins;train_losses;train_zeros;train_win_rate_pct;train_net_mt5_points;train_average_mt5_points;train_median_mt5_points;train_gross_profit;train_gross_loss;train_profit_factor;train_max_drawdown;train_mfe_average;train_mae_average;train_duration_average_seconds;train_tp_count;train_sl_count;train_protected_count;train_timeout_count;val_trades;val_wins;val_losses;val_zeros;val_win_rate_pct;val_net_mt5_points;val_average_mt5_points;val_median_mt5_points;val_gross_profit;val_gross_loss;val_profit_factor;val_max_drawdown;val_mfe_average;val_mae_average;val_duration_average_seconds;val_tp_count;val_sl_count;val_protected_count;val_timeout_count;score_triagem;rank_triagem
191;2500,0;800,0;3,125;False;0,0;0,0;120;1;close;pior_caso;307;77;230;0;25,0814332247557;8500,0;27,68729641693811;-800,0;192500,0;184000,0;1,046195652173913;-29300,0;1296,172638436482;-1280,7817589576548;439,93485342019545;77;230;0;0;214;48;166;0;22,429906542056074;-12800,0;-59,81308411214953;-800,0;120000,0;132800,0;0,9036144578313253;-29300,0;1277,1028037383178;-1335,3971962616822;350,74766355140184;48;166;0;0;93;29;64;0;31,182795698924732;21300,0;229,03225806451613;-800,0;72500,0;51200,0;1,416015625;-7100,0;1340,0537634408602;-1155,1075268817203;645,1612903225806;29;64;0;0;65,85619132965769;1
192;2500,0;800,0;3,125;False;0,0;0,0;180;1;close;pior_caso;307;77;230;0;25,0814332247557;8500,0;27,68729641693811;-800,0;192500,0;184000,0;1,046195652173913;-29300,0;1296,172638436482;-1280,7817589576548;439,93485342019545;77;230;0;0;214;48;166;0;22,429906542056074;-12800,0;-59,81308411214953;-800,0;120000,0;132800,0;0,9036144578313253;-29300,0;1277,1028037383178;-1335,3971962616822;350,74766355140184;48;166;0;0;93;29;64;0;31,182795698924732;21300,0;229,03225806451613;-800,0;72500,0;51200,0;1,416015625;-7100,0;1340,0537634408602;-1155,1075268817203;645,1612903225806;29;64;0;0;65,85619132965769;2
184;2500,0;800,0;3,125;True;0,5;0,0;120;1;close;pior_caso;307;64;195;48;20,846905537459286;4000,0;13,029315960912053;-800,0;160000,0;156000,0;1,0256410256410255;-23200,0;1251,7100977198697;-1159,6905537459284;415,70032573289905;64;195;48;0;214;38;138;38;17,75700934579439;-15400,0;-71,96261682242991;-800,0;95000,0;110400,0;0,8605072463768116;-23200,0;1222,7803738317757;-1203,3878504672898;321,02803738317755;38;138;38;0;93;26;57;10;27,956989247311824;19400,0;208,6021505376344;-800,0;65000,0;45600,0;1,4254385964912282;-6300,0;1318,279569892473;-1059,1397849462367;633,5483870967741;26;57;10;0;65,28316986743064;3
187;2500,0;800,0;3,125;True;0,5;0,0;180;1;close;pior_caso;307;64;195;48;20,846905537459286;4000,0;13,029315960912053;-800,0;160000,0;156000,0;1,0256410256410255;-23200,0;1251,7100977198697;-1159,6905537459284;415,70032573289905;64;195;48;0;214;38;138;38;17,75700934579439;-15400,0;-71,96261682242991;-800,0;95000,0;110400,0;0,8605072463768116;-23200,0;1222,7803738317757;-1203,3878504672898;321,02803738317755;38;138;38;0;93;26;57;10;27,956989247311824;19400,0;208,6021505376344;-800,0;65000,0;45600,0;1,4254385964912282;-6300,0;1318,279569892473;-1059,1397849462367;633,5483870967741;26;57;10;0;65,28316986743064;4
185;2500,0;800,0;3,125;True;0,6;0,0;120;1;close;pior_caso;307;67;206;34;21,824104234527688;2700,0;8,794788273615636;-800,0;167500,0;164800,0;1,016383495145631;-24700,0;1266,2052117263843;-1191,042345276873;421,56351791530943;67;206;34;0;214;40;145;29;18,69158878504673;-16000,0;-74,76635514018692;-800,0;100000,0;116000,0;0,8620689655172413;-24700,0;1235,5140186915887;-1226,285046728972;327,4766355140187;40;145;29;0;93;27;61;5;29,03225806451613;18700,0;201,0752688172043;-800,0;67500,0;48800,0;1,3831967213114753;-6300,0;1336,8279569892472;-1109,9462365591398;638,0645161290323;27;61;5;0;65,14398436494795;5
188;2500,0;800,0;3,125;True;0,6;0,0;180;1;close;pior_caso;307;67;206;34;21,824104234527688;2700,0;8,794788273615636;-800,0;167500,0;164800,0;1,016383495145631;-24700,0;1266,2052117263843;-1191,042345276873;421,56351791530943;67;206;34;0;214;40;145;29;18,69158878504673;-16000,0;-74,76635514018692;-800,0;100000,0;116000,0;0,8620689655172413;-24700,0;1235,5140186915887;-1226,285046728972;327,4766355140187;40;145;29;0;93;27;61;5;29,03225806451613;18700,0;201,0752688172043;-800,0;67500,0;48800,0;1,3831967213114753;-6300,0;1336,8279569892472;-1109,9462365591398;638,0645161290323;27;61;5;0;65,14398436494795;6
248;3000,0;800,0;3,75;True;0,6;0,0;180;1;close;pior_caso;307;58;216;33;18,892508143322477;1200,0;3,9087947882736156;-800,0;174000,0;172800,0;1,0069444444444444;-34200,0;1331,9218241042345;-1293,5667752442996;474,7231270358306;58;216;33;0;214;34;153;27;15,887850467289718;-20400,0;-95,32710280373831;-800,0;102000,0;122400,0;0,8333333333333334;-34200,0;1305,3738317757009;-1346,0280373831777;382,14953271028037;34;153;27;0;93;24;63;6;25,806451612903224;21600,0;232,25806451612902;-800,0;72000,0;50400,0;1,4285714285714286;-8000,0;1393,010752688172;-1172,8494623655913;687,741935483871;24;63;6;0;65,13232369104725;7
247;3000,0;800,0;3,75;True;0,5;0,0;180;1;close;pior_caso;307;55;206;46;17,91530944625407;200,0;0,6514657980456026;-800,0;165000,0;164800,0;1,0012135922330097;-33800,0;1303,4201954397395;-1245,114006514658;463,19218241042347;55;206;46;0;214;31;145;38;14,485981308411214;-23000,0;-107,4766355140187;-800,0;93000,0;116000,0;0,8017241379310345;-33800,0;1264,4859813084113;-1290,0700934579438;365,8878504672897;31;145;38;0;93;24;61;8;25,806451612903224;23200,0;249,46236559139786;-800,0;72000,0;48800,0;1,4754098360655739;-8000,0;1393,010752688172;-1141,6666666666667;687,0967741935484;24;61;8;0;65,08458346429714;8
245;3000,0;800,0;3,75;True;0,6;0,0;120;1;close;pior_caso;307;58;216;33;18,892508143322477;475,0;1,5472312703583062;-800,0;173275,0;172800,0;1,0027488425925926;-34200,0;1326,7100977198697;-1293,5667752442996;468,07817589576547;56;216;33;2;214;34;153;27;15,887850467289718;-20400,0;-95,32710280373831;-800,0;102000,0;122400,0;0,8333333333333334;-34200,0;1305,3738317757009;-1346,0280373831777;382,14953271028037;34;153;27;0;93;24;63;6;25,806451612903224;20875,0;224,46236559139786;-800,0;71275,0;50400,0;1,414186507936508;-8000,0;1375,8064516129032;-1172,8494623655913;665,8064516129032;22;63;6;2;65,02169178900675;9
244;3000,0;800,0;3,75;True;0,5;0,0;120;1;close;pior_caso;307;55;206;46;17,91530944625407;-525,0;-1,710097719869707;-800,0;164275,0;164800,0;0,9968143203883495;-33800,0;1298,2084690553745;-1245,114006514658;456,5472312703583;53;206;46;2;214;31;145;38;14,485981308411214;-23000,0;-107,4766355140187;-800,0;93000,0;116000,0;0,8017241379310345;-33800,0;1264,4859813084113;-1290,0700934579438;365,8878504672897;31;145;38;0;93;24;61;8;25,806451612903224;22475,0;241,66666666666666;-800,0;71275,0;48800,0;1,4605532786885247;-8000,0;1375,8064516129032;-1141,6666666666667;665,1612903225806;22;61;8;2;64,97376480042578;10
239;2500,0;2500,0;1,0;False;0,0;0,0;120;1;close;pior_caso;307;152;155;0;49,5114006514658;-7500,0;-24,429967426710096;-2500,0;380000,0;387500,0;0,9806451612903225;-62500,0;2028,9902280130293;-2178,583061889251;919,7394136807818;152;155;0;0;214;101;113;0;47,19626168224299;-30000,0;-140,18691588785046;-2500,0;252500,0;282500,0;0,8938053097345132;-62500,0;2037,266355140187;-2268,341121495327;802,1495327102804;101;113;0;0;93;51;42;0;54,83870967741935;22500,0;241,93548387096774;2500,0;127500,0;105000,0;1,2142857142857142;-15000,0;2009,9462365591398;-1972,0430107526881;1190,3225806451612;51;42;0;0;64,92349564379825;11
240;2500,0;2500,0;1,0;False;0,0;0,0;180;1;close;pior_caso;307;152;155;0;49,5114006514658;-7500,0;-24,429967426710096;-2500,0;380000,0;387500,0;0,9806451612903225;-62500,0;2028,9902280130293;-2178,583061889251;919,7394136807818;152;155;0;0;214;101;113;0;47,19626168224299;-30000,0;-140,18691588785046;-2500,0;252500,0;282500,0;0,8938053097345132;-62500,0;2037,266355140187;-2268,341121495327;802,1495327102804;101;113;0;0;93;51;42;0;54,83870967741935;22500,0;241,93548387096774;2500,0;127500,0;105000,0;1,2142857142857142;-15000,0;2009,9462365591398;-1972,0430107526881;1190,3225806451612;51;42;0;0;64,92349564379825;12
295;3000,0;2500,0;1,2;True;0,5;0,0;180;1;close;pior_caso;307;106;131;70;34,527687296416936;-9500,0;-30,944625407166125;0,0;318000,0;327500,0;0,9709923664122138;-48500,0;2062,3778501628663;-2017,1009771986971;922,671009771987;106;131;70;0;214;67;93;54;31,308411214953267;-31500,0;-147,19626168224298;0,0;201000,0;232500,0;0,864516129032258;-48500,0;2042,1728971962616;-2056,07476635514;795,981308411215;67;93;54;0;93;39;38;16;41,935483870967744;22000,0;236,55913978494624;0,0;117000,0;95000,0;1,231578947368421;-11000,0;2108,8709677419356;-1927,4193548387098;1214,1935483870968;39;38;16;0;64,91327764694182;13
186;2500,0;800,0;3,125;True;0,7;0,0;120;1;close;pior_caso;307;69;215;23;22,475570032573287;500,0;1,6286644951140066;-800,0;172500,0;172000,0;1,002906976744186;-25400,0;1285,097719869707;-1232,4918566775245;431,5309446254072;69;215;23;0;214;42;152;20;19,626168224299064;-16600,0;-77,57009345794393;-800,0;105000,0;121600,0;0,8634868421052632;-25400,0;1262,6168224299065;-1272,196261682243;341,49532710280374;42;152;20;0;93;27;63;3;29,03225806451613;17100,0;183,8709677419355;-800,0;67500,0;50400,0;1,3392857142857142;-6300,0;1336,8279569892472;-1141,1290322580646;638,7096774193549;27;63;3;0;64,89125562400599;14
189;2500,0;800,0;3,125;True;0,7;0,0;180;1;close;pior_caso;307;69;215;23;22,475570032573287;500,0;1,6286644951140066;-800,0;172500,0;172000,0;1,002906976744186;-25400,0;1285,097719869707;-1232,4918566775245;431,5309446254072;69;215;23;0;214;42;152;20;19,626168224299064;-16600,0;-77,57009345794393;-800,0;105000,0;121600,0;0,8634868421052632;-25400,0;1262,6168224299065;-1272,196261682243;341,49532710280374;42;152;20;0;93;27;63;3;29,03225806451613;17100,0;183,8709677419355;-800,0;67500,0;50400,0;1,3392857142857142;-6300,0;1336,8279569892472;-1141,1290322580646;638,7096774193549;27;63;3;0;64,89125562400599;15
227;2500,0;2000,0;1,25;False;0,0;0,0;120;1;close;pior_caso;307;135;172;0;43,97394136807817;-6500,0;-21,172638436482085;-2000,0;337500,0;344000,0;0,9811046511627907;-62500,0;1837,1335504885994;-1973,9413680781759;799,3485342019544;135;172;0;0;214;89;125;0;41,58878504672897;-27500,0;-128,50467289719626;-2000,0;222500,0;250000,0;0,89;-62500,0;1836,214953271028;-2051,6355140186915;699,8130841121496;89;125;0;0;93;46;47;0;49,46236559139785;21000,0;225,80645161290323;-2000,0;115000,0;94000,0;1,2234042553191489;-13500,0;1839,247311827957;-1795,1612903225807;1028,3870967741937;46;47;0;0;64,83666102604141;16
228;2500,0;2000,0;1,25;False;0,0;0,0;180;1;close;pior_caso;307;135;172;0;43,97394136807817;-6500,0;-21,172638436482085;-2000,0;337500,0;344000,0;0,9811046511627907;-62500,0;1837,1335504885994;-1973,9413680781759;799,3485342019544;135;172;0;0;214;89;125;0;41,58878504672897;-27500,0;-128,50467289719626;-2000,0;222500,0;250000,0;0,89;-62500,0;1836,214953271028;-2051,6355140186915;699,8130841121496;89;125;0;0;93;46;47;0;49,46236559139785;21000,0;225,80645161290323;-2000,0;115000,0;94000,0;1,2234042553191489;-13500,0;1839,247311827957;-1795,1612903225807;1028,3870967741937;46;47;0;0;64,83666102604141;17
292;3000,0;2500,0;1,2;True;0,5;0,0;120;1;close;pior_caso;307;106;131;70;34,527687296416936;-10225,0;-33,306188925081436;0,0;317275,0;327500,0;0,9687786259541985;-48500,0;2057,1661237785015;-2017,1009771986971;916,0260586319218;104;131;70;2;214;67;93;54;31,308411214953267;-31500,0;-147,19626168224298;0,0;201000,0;232500,0;0,864516129032258;-48500,0;2042,1728971962616;-2056,07476635514;795,981308411215;67;93;54;0;93;39;38;16;41,935483870967744;21275,0;228,76344086021504;0,0;116275,0;95000,0;1,2239473684210527;-11000,0;2091,6666666666665;-1927,4193548387098;1192,258064516129;37;38;16;2;64,81404757005276;18
190;2500,0;800,0;3,125;False;0,0;0,0;60;1;close;pior_caso;307;76;231;0;24,7557003257329;3050,0;9,93485342019544;-800,0;186725,0;183675,0;1,016605417177079;-29275,0;1276,9543973941368;-1277,7687296416939;385,79804560260584;74;229;0;4;214;49;165;0;22,897196261682243;-12775,0;-59,69626168224299;-800,0;119225,0;132000,0;0,903219696969697;-29275,0;1272,8971962616822;-1331,0747663551401;333,0841121495327;47;165;0;2;93;27;66;0;29,03225806451613;15825,0;170,16129032258064;-800,0;67500,0;51675,0;1,3062409288824384;-9975,0;1286,2903225806451;-1155,1075268817203;507,0967741935484;27;64;0;2;64,76401684372908;19
249;3000,0;800,0;3,75;True;0,7;0,0;180;1;close;pior_caso;307;58;222;27;18,892508143322477;-3600,0;-11,726384364820847;-800,0;174000,0;177600,0;0,9797297297297297;-38200,0;1331,9218241042345;-1319,299674267101;477,6547231270358;58;222;27;0;214;34;158;22;15,887850467289718;-24400,0;-114,01869158878505;-800,0;102000,0;126400,0;0,8069620253164557;-38200,0;1305,3738317757009;-1376,9859813084113;384,67289719626166;34;158;22;0;93;24;64;5;25,806451612903224;20800,0;223,65591397849462;-800,0;72000,0;51200,0;1,40625;-8000,0;1393,010752688172;-1186,5591397849462;691,6129032258065;24;64;5;0;64,73577176011926;20
284;3000,0;2000,0;1,5;True;0,6;0,0;180;1;close;pior_caso;307;102;159;46;33,22475570032573;-12000,0;-39,08794788273616;-2000,0;306000,0;318000,0;0,9622641509433962;-49000,0;1933,1433224755701;-1921,0097719869707;837,6547231270358;102;159;46;0;214;64;113;37;29,906542056074763;-34000,0;-158,8785046728972;-2000,0;192000,0;226000,0;0,8495575221238938;-49000,0;1923,714953271028;-1974,2990654205607;741,3084112149533;64;113;37;0;93;38;46;9;40,86021505376344;22000,0;236,55913978494624;0,0;114000,0;92000,0;1,2391304347826086;-12000,0;1954,8387096774193;-1798,3870967741937;1059,3548387096773;38;46;9;0;64,69583980977758;21
288;3000,0;2000,0;1,5;False;0,0;0,0;180;1;close;pior_caso;307;118;189;0;38,43648208469055;-24000,0;-78,17589576547232;-2000,0;354000,0;378000,0;0,9365079365079365;-73000,0;1983,0618892508144;-2136,074918566775;914,8534201954398;118;189;0;0;214;76;138;0;35,51401869158878;-48000,0;-224,29906542056074;-2000,0;228000,0;276000,0;0,8260869565217391;-73000,0;1978,8551401869158;-2241,2383177570096;824,2990654205607;76;138;0;0;93;42;51;0;45,16129032258064;24000,0;258,06451612903226;-2000,0;126000,0;102000,0;1,2352941176470589;-12000,0;1992,741935483871;-1894,0860215053763;1123,225806451613;42;51;0;0;64,6919613924318;22
287;3000,0;2000,0;1,5;False;0,0;0,0;120;1;close;pior_caso;307;119;188;0;38,762214983713356;-22450,0;-73,1270358306189;-2000,0;353550,0;376000,0;0,9402925531914894;-73000,0;1977,8501628664494;-2131,758957654723;906,0586319218241;116;188;0;3;214;77;137;0;35,981308411214954;-45725,0;-213,66822429906543;-2000,0;228275,0;274000,0;0,8331204379562044;-73000,0;1978,8551401869158;-2235,0467289719627;821,2149532710281;76;137;0;1;93;42;51;0;45,16129032258064;23275,0;250,2688172043011;-2000,0;125275,0;102000,0;1,228186274509804;-12000,0;1975,5376344086021;-1894,0860215053763;1101,2903225806451;40;51;0;2;64,66470581307813;23
246;3000,0;800,0;3,75;True;0,7;0,0;120;1;close;pior_caso;307;58;222;27;18,892508143322477;-4325,0;-14,087947882736156;-800,0;173275,0;177600,0;0,9756475225225225;-38200,0;1326,7100977198697;-1319,299674267101;471,0097719869707;56;222;27;2;214;34;158;22;15,887850467289718;-24400,0;-114,01869158878505;-800,0;102000,0;126400,0;0,8069620253164557;-38200,0;1305,3738317757009;-1376,9859813084113;384,67289719626166;34;158;22;0;93;24;64;5;25,806451612903224;20075,0;215,86021505376345;-800,0;71275,0;51200,0;1,39208984375;-8000,0;1375,8064516129032;-1186,5591397849462;669,6774193548387;22;64;5;2;64,62522919756148;24
281;3000,0;2000,0;1,5;True;0,6;0,0;120;1;close;pior_caso;307;102;159;46;33,22475570032573;-12725,0;-41,44951140065147;-2000,0;305275,0;318000,0;0,9599842767295598;-49000,0;1927,9315960912052;-1921,0097719869707;831,0097719869707;100;159;46;2;214;64;113;37;29,906542056074763;-34000,0;-158,8785046728972;-2000,0;192000,0;226000,0;0,8495575221238938;-49000,0;1923,714953271028;-1974,2990654205607;741,3084112149533;64;113;37;0;93;38;46;9;40,86021505376344;21275,0;228,76344086021504;0,0;113275,0;92000,0;1,23125;-12725,0;1937,6344086021506;-1798,3870967741937;1037,4193548387098;36;46;9;2;64,53877014028919;25
296;3000,0;2500,0;1,2;True;0,6;0,0;180;1;close;pior_caso;307;115;141;51;37,45928338762215;-7500,0;-24,429967426710096;0,0;345000,0;352500,0;0,9787234042553191;-42500,0;2137,214983713355;-2104,560260586319;953,5504885993486;115;141;51;0;214;75;100;39;35,046728971962615;-25000,0;-116,82242990654206;0,0;225000,0;250000,0;0,9;-42500,0;2137,3831775700933;-2155,7242990654204;828,5046728971963;75;100;39;0;93;40;41;12;43,01075268817204;17500,0;188,1720430107527;0,0;120000,0;102500,0;1,170731707317073;-12500,0;2136,8279569892475;-1986,8279569892472;1241,2903225806451;40;41;12;0;64,50554787401727;26
283;3000,0;2000,0;1,5;True;0,5;0,0;180;1;close;pior_caso;307;94;149;64;30,618892508143325;-16000,0;-52,11726384364821;0,0;282000,0;298000,0;0,9463087248322147;-52000,0;1870,8469055374592;-1862,7035830618893;818,5016286644951;94;149;64;0;214;57;105;52;26,635514018691588;-39000,0;-182,2429906542056;0,0;171000,0;210000,0;0,8142857142857143;-51000,0;1841,822429906542;-1909,696261682243;715,7943925233645;57;105;52;0;93;37;44;12;39,784946236559136;23000,0;247,31182795698925;0,0;111000,0;88000,0;1,2613636363636365;-12000,0;1937,6344086021506;-1754,5698924731182;1054,8387096774193;37;44;12;0;64,49905570218469;27
280;3000,0;2000,0;1,5;True;0,5;0,0;120;1;close;pior_caso;307;94;149;64;30,618892508143325;-16725,0;-54,47882736156352;0,0;281275,0;298000,0;0,9438758389261745;-52000,0;1865,6351791530944;-1862,7035830618893;811,85667752443;92;149;64;2;214;57;105;52;26,635514018691588;-39000,0;-182,2429906542056;0,0;171000,0;210000,0;0,8142857142857143;-51000,0;1841,822429906542;-1909,696261682243;715,7943925233645;57;105;52;0;93;37;44;12;39,784946236559136;22275,0;239,51612903225808;0,0;110275,0;88000,0;1,253125;-12000,0;1920,4301075268818;-1754,5698924731182;1032,9032258064517;35;44;12;2;64,39918992524035;28
293;3000,0;2500,0;1,2;True;0,6;0,0;120;1;close;pior_caso;307;115;141;51;37,45928338762215;-8225,0;-26,791530944625407;0,0;344275,0;352500,0;0,9766666666666667;-42500,0;2132,00325732899;-2104,560260586319;946,9055374592834;113;141;51;2;214;75;100;39;35,046728971962615;-25000,0;-116,82242990654206;0,0;225000,0;250000,0;0,9;-42500,0;2137,3831775700933;-2155,7242990654204;828,5046728971963;75;100;39;0;93;40;41;12;43,01075268817204;16775,0;180,3763440860215;0,0;119275,0;102500,0;1,1636585365853658;-13225,0;2119,6236559139784;-1986,8279569892472;1219,3548387096773;38;41;12;2;64,34882779931765;29
233;2500,0;2500,0;1,0;True;0,6;0,0;120;1;close;pior_caso;307;125;131;51;40,71661237785016;-15000,0;-48,85993485342019;0,0;312500,0;327500,0;0,9541984732824428;-50000,0;1932,328990228013;-1953,5830618892508;840,0;125;131;51;0;214;80;93;41;37,38317757009346;-32500,0;-151,86915887850466;0,0;200000,0;232500,0;0,8602150537634409;-50000,0;1916,4719626168223;-1983,7616822429907;715,5140186915888;80;93;41;0;93;45;38;10;48,38709677419355;17500,0;188,1720430107527;0,0;112500,0;95000,0;1,1842105263157894;-10000,0;1968,8172043010752;-1884,1397849462367;1126,4516129032259;45;38;10;0;64,33218331200307;30
236;2500,0;2500,0;1,0;True;0,6;0,0;180;1;close;pior_caso;307;125;131;51;40,71661237785016;-15000,0;-48,85993485342019;0,0;312500,0;327500,0;0,9541984732824428;-50000,0;1932,328990228013;-1953,5830618892508;840,0;125;131;51;0;214;80;93;41;37,38317757009346;-32500,0;-151,86915887850466;0,0;200000,0;232500,0;0,8602150537634409;-50000,0;1916,4719626168223;-1983,7616822429907;715,5140186915888;80;93;41;0;93;45;38;10;48,38709677419355;17500,0;188,1720430107527;0,0;112500,0;95000,0;1,1842105263157894;-10000,0;1968,8172043010752;-1884,1397849462367;1126,4516129032259;45;38;10;0;64,33218331200307;31
234;2500,0;2500,0;1,0;True;0,7;0,0;120;1;close;pior_caso;307;134;139;34;43,648208469055376;-12500,0;-40,71661237785016;0,0;335000,0;347500,0;0,9640287769784173;-42500,0;1995,7654723127037;-2017,3452768729642;860,5211726384365;134;139;34;0;214;87;99;28;40,654205607476634;-30000,0;-140,18691588785046;0,0;217500,0;247500,0;0,8787878787878788;-42500,0;1995,3271028037384;-2053,855140186916;739,3457943925233;87;99;28;0;93;47;40;6;50,53763440860215;17500,0;188,1720430107527;2500,0;117500,0;100000,0;1,175;-12500,0;1996,774193548387;-1933,3333333333333;1139,3548387096773;47;40;6;0;64,30054048303425;32
237;2500,0;2500,0;1,0;True;0,7;0,0;180;1;close;pior_caso;307;134;139;34;43,648208469055376;-12500,0;-40,71661237785016;0,0;335000,0;347500,0;0,9640287769784173;-42500,0;1995,7654723127037;-2017,3452768729642;860,5211726384365;134;139;34;0;214;87;99;28;40,654205607476634;-30000,0;-140,18691588785046;0,0;217500,0;247500,0;0,8787878787878788;-42500,0;1995,3271028037384;-2053,855140186916;739,3457943925233;87;99;28;0;93;47;40;6;50,53763440860215;17500,0;188,1720430107527;2500,0;117500,0;100000,0;1,175;-12500,0;1996,774193548387;-1933,3333333333333;1139,3548387096773;47;40;6;0;64,30054048303425;33
241;3000,0;800,0;3,75;True;0,5;0,0;60;1;close;pior_caso;307;55;207;45;17,91530944625407;-4250,0;-13,843648208469055;-800,0;160225,0;164475,0;0,9741602067183462;-31775,0;1278,6644951140065;-1242,1009771986971;385,79804560260584;52;205;45;5;214;33;144;37;15,42056074766355;-20975,0;-98,01401869158879;-800,0;94225,0;115200,0;0,8179253472222222;-31775,0;1259,8130841121495;-1285,747663551402;324,39252336448595;30;144;37;3;93;22;63;8;23,655913978494624;16725,0;179,83870967741936;-800,0;66000,0;49275,0;1,339421613394216;-8000,0;1322,0430107526881;-1141,6666666666667;527,0967741935484;22;61;8;2;64,24222937772294;34
242;3000,0;800,0;3,75;True;0,6;0,0;60;1;close;pior_caso;307;58;217;32;18,892508143322477;-3250,0;-10,586319218241043;-800,0;169225,0;172475,0;0,9811566893752718;-32175,0;1307,1661237785017;-1290,5537459283387;397,328990228013;55;215;32;5;214;36;152;26;16,822429906542055;-18375,0;-85,8644859813084;-800,0;103225,0;121600,0;0,848889802631579;-32175,0;1300,7009345794393;-1341,7056074766356;340,6542056074766;33;152;26;3;93;22;65;6;23,655913978494624;15125,0;162,63440860215053;-800,0;66000,0;50875,0;1,2972972972972974;-8675,0;1322,0430107526881;-1172,8494623655913;527,741935483871;22;63;6;2;64,22914723455577;35
181;2500,0;800,0;3,125;True;0,5;0,0;60;1;close;pior_caso;307;63;196;48;20,521172638436482;-1450,0;-4,723127035830619;-800,0;154225,0;155675,0;0,9906857234623414;-23175,0;1232,4918566775245;-1156,6775244299674;361,56351791530943;61;194;48;4;214;39;137;38;18,22429906542056;-15375,0;-71,84579439252336;-800,0;94225,0;109600,0;0,8597171532846716;-23175,0;1218,5747663551401;-1199,0654205607477;303,3644859813084;37;137;38;2;93;24;59;10;25,806451612903224;13925,0;149,7311827956989;-800,0;60000,0;46075,0;1,3022246337493217;-8375,0;1264,516129032258;-1059,1397849462367;495,48387096774195;24;57;10;2;64,224227238743;36
289;3000,0;2500,0;1,2;True;0,5;0,0;60;1;close;pior_caso;307;107;134;66;34,85342019543974;-10850,0;-35,34201954397394;0,0;312475,0;323325,0;0,9664424340833526;-50900,0;2015,0651465798046;-1986,8078175895766;773,3550488599349;102;126;66;13;214;69;93;52;32,242990654205606;-28525,0;-133,29439252336448;0,0;199300,0;227825,0;0,8747942499725667;-50900,0;2014,9532710280373;-2028,271028037383;689,1588785046729;65;90;52;7;93;38;41;14;40,86021505376344;17675,0;190,05376344086022;0,0;113175,0;95500,0;1,1850785340314136;-13950,0;2015,3225806451612;-1891,3978494623657;967,0967741935484;37;36;14;6;64,1855037828113;37
252;3000,0;800,0;3,75;False;0,0;0,0;180;1;close;pior_caso;307;61;246;0;19,86970684039088;-13800,0;-44,95114006514658;-800,0;183000,0;196800,0;0,9298780487804879;-49400,0;1343,7296416938111;-1381,514657980456;493,8762214983713;61;246;0;0;214;36;178;0;16,822429906542055;-34400,0;-160,74766355140187;-800,0;108000,0;142400,0;0,7584269662921348;-49400,0;1315,771028037383;-1441,3551401869158;404,29906542056074;36;178;0;0;93;25;68;0;26,881720430107524;20600,0;221,50537634408602;-800,0;75000,0;54400,0;1,3786764705882353;-8800,0;1408,0645161290322;-1243,8172043010752;700,0;25;68;0;0;64,11242385700089;38
182;2500,0;800,0;3,125;True;0,6;0,0;60;1;close;pior_caso;307;66;207;34;21,49837133550489;-2750,0;-8,957654723127035;-800,0;161725,0;164475,0;0,98328013375893;-24675,0;1246,986970684039;-1188,029315960912;367,4267100977199;64;205;34;4;214;41;144;29;19,158878504672895;-15975,0;-74,64953271028037;-800,0;99225,0;115200,0;0,861328125;-24675,0;1231,3084112149534;-1221,96261682243;309,8130841121495;39;144;29;2;93;25;63;5;26,881720430107524;13225,0;142,20430107526883;-800,0;62500,0;49275,0;1,2683916793505834;-8375,0;1283,0645161290322;-1109,9462365591398;500,0;25;61;5;2;64,09804188093769;39
285;3000,0;2000,0;1,5;True;0,7;0,0;180;1;close;pior_caso;307;103;165;39;33,55048859934853;-21000,0;-68,40390879478828;-2000,0;309000,0;330000,0;0,9363636363636364;-57000,0;1936,726384364821;-1969,2182410423452;850,7491856677525;103;165;39;0;214;65;118;31;30,373831775700932;-41000,0;-191,58878504672896;-2000,0;195000,0;236000,0;0,826271186440678;-57000,0;1928,8551401869158;-2031,1915887850466;749,7196261682243;65;118;31;0;93;38;47;8;40,86021505376344;20000,0;215,05376344086022;-2000,0;114000,0;94000,0;1,2127659574468086;-14000,0;1954,8387096774193;-1826,6129032258063;1083,225806451613;38;47;8;0;64,02310978752416;40
251;3000,0;800,0;3,75;False;0,0;0,0;120;1;close;pior_caso;307;61;246;0;19,86970684039088;-14525,0;-47,31270358306189;-800,0;182275,0;196800,0;0,9261941056910569;-49400,0;1338,5179153094462;-1381,514657980456;487,2312703583062;59;246;0;2;214;36;178;0;16,822429906542055;-34400,0;-160,74766355140187;-800,0;108000,0;142400,0;0,7584269662921348;-49400,0;1315,771028037383;-1441,3551401869158;404,29906542056074;36;178;0;0;93;25;68;0;26,881720430107524;19875,0;213,70967741935485;-800,0;74275,0;54400,0;1,3653492647058822;-8800,0;1390,8602150537633;-1243,8172043010752;678,0645161290323;23;68;0;2;64,00319974965781;41
282;3000,0;2000,0;1,5;True;0,7;0,0;120;1;close;pior_caso;307;103;165;39;33,55048859934853;-21725,0;-70,76547231270358;-2000,0;308275,0;330000,0;0,9341666666666667;-57000,0;1931,514657980456;-1969,2182410423452;844,1042345276873;101;165;39;2;214;65;118;31;30,373831775700932;-41000,0;-191,58878504672896;-2000,0;195000,0;236000,0;0,826271186440678;-57000,0;1928,8551401869158;-2031,1915887850466;749,7196261682243;65;118;31;0;93;38;47;8;40,86021505376344;19275,0;207,25806451612902;-2000,0;113275,0;94000,0;1,2050531914893616;-14725,0;1937,6344086021506;-1826,6129032258063;1061,2903225806451;36;47;8;2;63,86760352329977;42
278;3000,0;2000,0;1,5;True;0,6;0,0;60;1;close;pior_caso;307;103;161;43;33,55048859934853;-14825,0;-48,28990228013029;-2000,0;300475,0;315300,0;0,9529812876625436;-51400,0;1891,28664495114;-1904,7231270358307;708,4690553745928;98;156;43;10;214;66;113;35;30,8411214953271;-32525,0;-151,98598130841123;-2000,0;190300,0;222825,0;0,8540334343094357;-51400,0;1896,4953271028037;-1950,9345794392523;635,0467289719626;62;110;35;7;93;37;48;8;39,784946236559136;17700,0;190,32258064516128;-300,0;110175,0;92475,0;1,1914030819140309;-16300,0;1879,3010752688172;-1798,3870967741937;877,4193548387096;36;46;8;3;63,814139206094296;43
183;2500,0;800,0;3,125;True;0,7;0,0;60;1;close;pior_caso;307;68;216;23;22,149837133550488;-4950,0;-16,123778501628664;-800,0;166725,0;171675,0;0,9711664482306684;-25375,0;1265,8794788273615;-1229,4788273615636;377,3941368078176;66;214;23;4;214;43;151;20;20,093457943925234;-16575,0;-77,45327102803738;-800,0;104225,0;120800,0;0,8627897350993378;-25375,0;1258,411214953271;-1267,8738317757009;323,8317757009346;41;151;20;2;93;25;65;3;26,881720430107524;11625,0;125,0;-800,0;62500,0;50875,0;1,2285012285012284;-9175,0;1283,0645161290322;-1141,1290322580646;500,64516129032256;25;63;3;2;63,7816198534499;44
277;3000,0;2000,0;1,5;True;0,5;0,0;60;1;close;pior_caso;307;95;151;61;30,944625407166125;-18825,0;-61,31921824104234;0,0;276475,0;295300,0;0,936251269895022;-53400,0;1828,9902280130293;-1846,4169381107492;689,3159609120521;90;146;61;10;214;59;105;50;27,570093457943923;-37525,0;-175,35046728971963;0,0;169300,0;206825,0;0,8185664208872235;-53400,0;1814,6028037383178;-1886,3317757009345;609,5327102803739;55;102;50;7;93;36;46;11;38,70967741935484;18700,0;201,0752688172043;0,0;107175,0;88475,0;1,2113591410002826;-14300,0;1862,0967741935483;-1754,5698924731182;872,9032258064516;35;44;11;3;63,764131614739846;45
243;3000,0;800,0;3,75;True;0,7;0,0;60;1;close;pior_caso;307;58;223;26;18,892508143322477;-8050,0;-26,221498371335503;-800,0;169225,0;177275,0;0,9545903257650543;-36175,0;1307,1661237785017;-1316,28664495114;400,26058631921825;55;221;26;5;214;36;157;21;16,822429906542055;-22375,0;-104,55607476635514;-800,0;103225,0;125600,0;0,8218550955414012;-36175,0;1300,7009345794393;-1372,6635514018692;343,1775700934579;33;157;21;3;93;22;66;5;23,655913978494624;14325,0;154,03225806451613;-800,0;66000,0;51675,0;1,2772133526850509;-9475,0;1322,0430107526881;-1186,5591397849462;531,6129032258065;22;64;5;2;63,76022196860769;46
290;3000,0;2500,0;1,2;True;0,6;0,0;60;1;close;pior_caso;307;116;144;47;37,785016286644954;-8850,0;-28,827361563517915;0,0;339475,0;348325,0;0,9745926936051101;-43900,0;2089,902280130293;-2074,267100977199;804,2345276872965;111;136;47;13;214;77;100;37;35,981308411214954;-22025,0;-102,92056074766356;0,0;223300,0;245325,0;0,9102211352287781;-43900,0;2110,163551401869;-2127,9205607476633;721,6822429906542;73;97;37;7;93;39;44;10;41,935483870967744;13175,0;141,66666666666666;0,0;116175,0;103000,0;1,1279126213592232;-16450,0;2043,279569892473;-1950,8064516129032;994,1935483870968;38;39;10;6;63,70685412400034;47
297;3000,0;2500,0;1,2;True;0,7;0,0;180;1;close;pior_caso;307;117;148;42;38,11074918566775;-19000,0;-61,88925081433225;0,0;351000,0;370000,0;0,9486486486486486;-51500,0;2144,3811074918567;-2164,657980456026;970,7491856677525;117;148;42;0;214;77;106;31;35,981308411214954;-34000,0;-158,8785046728972;0,0;231000,0;265000,0;0,8716981132075472;-51500,0;2147,663551401869;-2229,6728971962616;842,803738317757;77;106;31;0;93;40;42;11;43,01075268817204;15000,0;161,29032258064515;0,0;120000,0;105000,0;1,1428571428571428;-15000,0;2136,8279569892475;-2015,0537634408602;1265,1612903225807;40;42;11;0;63,6784581310419;48
221;2500,0;2000,0;1,25;True;0,6;0,0;120;1;close;pior_caso;307;111;149;47;36,156351791530945;-20500,0;-66,77524429967427;0,0;277500,0;298000,0;0,9312080536912751;-54000,0;1756,5960912052117;-1802,6872964169381;739,9348534201954;111;149;47;0;214;70;105;39;32,71028037383177;-35000,0;-163,55140186915887;0,0;175000,0;210000,0;0,8333333333333334;-49500,0;1733,8785046728972;-1837,3831775700935;636,1682242990654;70;105;39;0;93;41;44;8;44,086021505376344;14500,0;155,91397849462365;0,0;102500,0;88000,0;1,1647727272727273;-11000,0;1808,8709677419354;-1722,8494623655913;978,7096774193549;41;44;8;0;63,58353354441818;49
224;2500,0;2000,0;1,25;True;0,6;0,0;180;1;close;pior_caso;307;111;149;47;36,156351791530945;-20500,0;-66,77524429967427;0,0;277500,0;298000,0;0,9312080536912751;-54000,0;1756,5960912052117;-1802,6872964169381;739,9348534201954;111;149;47;0;214;70;105;39;32,71028037383177;-35000,0;-163,55140186915887;0,0;175000,0;210000,0;0,8333333333333334;-49500,0;1733,8785046728972;-1837,3831775700935;636,1682242990654;70;105;39;0;93;41;44;8;44,086021505376344;14500,0;155,91397849462365;0,0;102500,0;88000,0;1,1647727272727273;-11000,0;1808,8709677419354;-1722,8494623655913;978,7096774193549;41;44;8;0;63,58353354441818;50
294;3000,0;2500,0;1,2;True;0,7;0,0;120;1;close;pior_caso;307;117;148;42;38,11074918566775;-19725,0;-64,25081433224756;0,0;350275,0;370000,0;0,9466891891891892;-51500,0;2139,169381107492;-2164,657980456026;964,1042345276873;115;148;42;2;214;77;106;31;35,981308411214954;-34000,0;-158,8785046728972;0,0;231000,0;265000,0;0,8716981132075472;-51500,0;2147,663551401869;-2229,6728971962616;842,803738317757;77;106;31;0;93;40;42;11;43,01075268817204;14275,0;153,49462365591398;0,0;119275,0;105000,0;1,135952380952381;-15725,0;2119,6236559139784;-2015,0537634408602;1243,225806451613;38;42;11;2;63,5237628813306;51
131;2000,0;800,0;2,5;False;0,0;0,0;120;1;close;pior_caso;307;86;221;0;28,013029315960914;-4800,0;-15,635179153094462;-800,0;172000,0;176800,0;0,9728506787330317;-25200,0;1172,4755700325734;-1240,5537459283387;399,4788273615635;86;221;0;0;214;57;157;0;26,635514018691588;-11600,0;-54,205607476635514;-800,0;114000,0;125600,0;0,9076433121019108;-25200,0;1126,4018691588785;-1280,2570093457944;305,8878504672897;57;157;0;0;93;29;64;0;31,182795698924732;6800,0;73,11827956989248;-800,0;58000,0;51200,0;1,1328125;-9200,0;1278,494623655914;-1149,1935483870968;614,8387096774194;29;64;0;0;63,47065539722401;52
132;2000,0;800,0;2,5;False;0,0;0,0;180;1;close;pior_caso;307;86;221;0;28,013029315960914;-4800,0;-15,635179153094462;-800,0;172000,0;176800,0;0,9728506787330317;-25200,0;1172,4755700325734;-1240,5537459283387;399,4788273615635;86;221;0;0;214;57;157;0;26,635514018691588;-11600,0;-54,205607476635514;-800,0;114000,0;125600,0;0,9076433121019108;-25200,0;1126,4018691588785;-1280,2570093457944;305,8878504672897;57;157;0;0;93;29;64;0;31,182795698924732;6800,0;73,11827956989248;-800,0;58000,0;51200,0;1,1328125;-9200,0;1278,494623655914;-1149,1935483870968;614,8387096774194;29;64;0;0;63,47065539722401;53
222;2500,0;2000,0;1,25;True;0,7;0,0;120;1;close;pior_caso;307;118;158;31;38,43648208469055;-21000,0;-68,40390879478828;-2000,0;295000,0;316000,0;0,9335443037974683;-48000,0;1807,4918566775245;-1853,9902280130293;756,1563517915309;118;158;31;0;214;76;112;26;35,51401869158878;-34000,0;-158,8785046728972;-2000,0;190000,0;224000,0;0,8482142857142857;-45500,0;1799,4158878504672;-1891,9392523364486;657,4766355140187;76;112;26;0;93;42;46;5;45,16129032258064;13000,0;139,78494623655914;0,0;105000,0;92000,0;1,141304347826087;-11500,0;1826,0752688172042;-1766,6666666666667;983,2258064516129;42;46;5;0;63,46883393073291;54
225;2500,0;2000,0;1,25;True;0,7;0,0;180;1;close;pior_caso;307;118;158;31;38,43648208469055;-21000,0;-68,40390879478828;-2000,0;295000,0;316000,0;0,9335443037974683;-48000,0;1807,4918566775245;-1853,9902280130293;756,1563517915309;118;158;31;0;214;76;112;26;35,51401869158878;-34000,0;-158,8785046728972;-2000,0;190000,0;224000,0;0,8482142857142857;-45500,0;1799,4158878504672;-1891,9392523364486;657,4766355140187;76;112;26;0;93;42;46;5;45,16129032258064;13000,0;139,78494623655914;0,0;105000,0;92000,0;1,141304347826087;-11500,0;1826,0752688172042;-1766,6666666666667;983,2258064516129;42;46;5;0;63,46883393073291;55
300;3000,0;2500,0;1,2;False;0,0;0,0;180;1;close;pior_caso;307;133;174;0;43,32247557003257;-36000,0;-117,26384364820846;-2500,0;399000,0;435000,0;0,9172413793103448;-74500,0;2191,0423452768728;-2375,1628664495115;1049,902280130293;133;174;0;0;214;88;126;0;41,1214953271028;-51000,0;-238,3177570093458;-2500,0;264000,0;315000,0;0,8380952380952381;-74500,0;2197,663551401869;-2470,3271028037384;928,5981308411215;88;126;0;0;93;45;48;0;48,38709677419355;15000,0;161,29032258064515;-2500,0;135000,0;120000,0;1,125;-13000,0;2175,8064516129034;-2156,1827956989246;1329,032258064516;45;48;0;0;63,46657282336775;56
226;2500,0;2000,0;1,25;False;0,0;0,0;60;1;close;pior_caso;307;133;174;0;43,32247557003257;-16350,0;-53,25732899022801;-2000,0;324950,0;341300,0;0,9520949311456197;-66900,0;1797,0684039087948;-1957,6547231270358;698,5016286644951;128;169;0;10;214;89;125;0;41,58878504672897;-31550,0;-147,42990654205607;-2000,0;215275,0;246825,0;0,8721766433708092;-66900,0;1804,088785046729;-2028,271028037383;624,1121495327103;85;122;0;7;93;44;49;0;47,31182795698925;15200,0;163,44086021505376;-2000,0;109675,0;94475,0;1,1608891241069066;-19300,0;1780,9139784946237;-1795,1612903225807;869,6774193548387;43;47;0;3;63,42431275546164;57
238;2500,0;2500,0;1,0;False;0,0;0,0;60;1;close;pior_caso;307;149;158;0;48,534201954397396;-16550,0;-53,90879478827362;-750,0;364950,0;381500,0;0,9566186107470511;-66900,0;1983,469055374593;-2142,42671009772;798,7622149837133;144;149;0;14;214;101;113;0;47,19626168224299;-30725,0;-143,57476635514018;-2500,0;245275,0;276000,0;0,8886775362318841;-66900,0;2005,1401869158879;-2232,126168224299;722,5233644859813;97;109;0;8;93;48;45;0;51,61290322580645;14175,0;152,41935483870967;2500,0;119675,0;105500,0;1,1343601895734596;-20450,0;1933,6021505376343;-1936,021505376344;974,1935483870968;47;40;0;6;63,33967790828075;58
203;2500,0;1200,0;2,0833333333333335;False;0,0;0,0;120;1;close;pior_caso;307;97;210;0;31,596091205211724;-9500,0;-30,944625407166125;-1200,0;242500,0;252000,0;0,9623015873015873;-38300,0;1509,5276872964168;-1521,742671009772;557,3941368078176;97;210;0;0;214;64;150;0;29,906542056074763;-20000,0;-93,45794392523365;-1200,0;160000,0;180000,0;0,8888888888888888;-38300,0;1522,7803738317757;-1571,96261682243;473,8317757009346;64;150;0;0;93;33;60;0;35,483870967741936;10500,0;112,90322580645162;-1200,0;82500,0;72000,0;1,1458333333333333;-14900,0;1479,032258064516;-1406,1827956989248;749,6774193548387;33;60;0;0;63,309529041940095;59
204;2500,0;1200,0;2,0833333333333335;False;0,0;0,0;180;1;close;pior_caso;307;97;210;0;31,596091205211724;-9500,0;-30,944625407166125;-1200,0;242500,0;252000,0;0,9623015873015873;-38300,0;1509,5276872964168;-1521,742671009772;557,3941368078176;97;210;0;0;214;64;150;0;29,906542056074763;-20000,0;-93,45794392523365;-1200,0;160000,0;180000,0;0,8888888888888888;-38300,0;1522,7803738317757;-1571,96261682243;473,8317757009346;64;150;0;0;93;33;60;0;35,483870967741936;10500,0;112,90322580645162;-1200,0;82500,0;72000,0;1,1458333333333333;-14900,0;1479,032258064516;-1406,1827956989248;749,6774193548387;33;60;0;0;63,309529041940095;60
286;3000,0;2000,0;1,5;False;0,0;0,0;60;1;close;pior_caso;307;118;189;0;38,43648208469055;-27850,0;-90,71661237785017;-2000,0;343450,0;371300,0;0,9249932669000808;-73400,0;1934,8534201954396;-2106,840390879479;777,4592833876221;112;184;0;11;214;78;136;0;36,44859813084112;-44550,0;-208,17757009345794;-2000,0;224275,0;268825,0;0,8342788059146284;-73400,0;1945,443925233645;-2199,299065420561;708,5046728971963;73;133;0;8;93;40;53;0;43,01075268817204;16700,0;179,56989247311827;-2000,0;119175,0;102475,0;1,1629665772139546;-18300,0;1910,483870967742;-1894,0860215053763;936,1290322580645;39;51;0;3;63,30245903832863;61
250;3000,0;800,0;3,75;False;0,0;0,0;60;1;close;pior_caso;307;61;246;0;19,86970684039088;-17450,0;-56,840390879478825;-800,0;178225,0;195675,0;0,9108215152676632;-46575,0;1318,9739413680782;-1369,8697068403908;415,8957654723127;58;244;0;5;214;38;176;0;17,75700934579439;-31575,0;-147,5467289719626;-800,0;109225,0;140800,0;0,7757457386363636;-46575,0;1311,0981308411215;-1424,6495327102805;361,9626168224299;35;176;0;3;93;23;70;0;24,731182795698924;14125,0;151,88172043010752;-800,0;69000,0;54875,0;1,2574031890660593;-9475,0;1337,0967741935483;-1243,8172043010752;540,0;23;68;0;2;63,24161059757096;62
279;3000,0;2000,0;1,5;True;0,7;0,0;60;1;close;pior_caso;307;104;167;36;33,876221498371336;-23825,0;-77,60586319218241;-2000,0;303475,0;327300,0;0,927207454934311;-59400,0;1894,8697068403908;-1952,9315960912052;721,5635179153095;99;162;36;10;214;67;118;29;31,308411214953267;-39525,0;-184,69626168224298;-2000,0;193300,0;232825,0;0,8302373026951573;-59400,0;1901,6355140186915;-2007,8271028037384;643,4579439252336;63;115;29;7;93;37;49;7;39,784946236559136;15700,0;168,81720430107526;-2000,0;110175,0;94475,0;1,16618152950516;-18300,0;1879,3010752688172;-1826,6129032258063;901,2903225806451;36;47;7;3;63,14562714264048;63
260;3000,0;1200,0;2,5;True;0,6;0,0;180;1;close;pior_caso;307;74;194;39;24,104234527687296;-10800,0;-35,17915309446254;-1200,0;222000,0;232800,0;0,9536082474226805;-33000,0;1578,501628664495;-1529,3973941368079;612,1172638436482;74;194;39;0;214;47;135;32;21,962616822429908;-21000,0;-98,13084112149532;-1200,0;141000,0;162000,0;0,8703703703703703;-33000,0;1588,0841121495328;-1575,233644859813;528,7850467289719;47;135;32;0;93;27;59;7;29,03225806451613;10200,0;109,6774193548387;-1200,0;81000,0;70800,0;1,1440677966101696;-14400,0;1556,4516129032259;-1423,9247311827958;803,8709677419355;27;59;7;0;63,12233873016074;64
257;3000,0;1200,0;2,5;True;0,6;0,0;120;1;close;pior_caso;307;74;194;39;24,104234527687296;-11525,0;-37,54071661237785;-1200,0;221275,0;232800,0;0,9504939862542955;-33000,0;1573,2899022801303;-1529,3973941368079;605,472312703583;72;194;39;2;214;47;135;32;21,962616822429908;-21000,0;-98,13084112149532;-1200,0;141000,0;162000,0;0,8703703703703703;-33000,0;1588,0841121495328;-1575,233644859813;528,7850467289719;47;135;32;0;93;27;59;7;29,03225806451613;9475,0;101,88172043010752;-1200,0;80275,0;70800,0;1,1338276836158192;-14400,0;1539,247311827957;-1423,9247311827958;781,9354838709677;25;59;7;2;63,01551866559632;65
291;3000,0;2500,0;1,2;True;0,7;0,0;60;1;close;pior_caso;307;118;151;38;38,43648208469055;-18525,0;-60,34201954397394;0,0;345475,0;364000,0;0,9491071428571428;-53900,0;2097,0684039087946;-2128,501628664495;819,0879478827361;113;142;38;14;214;79;106;29;36,915887850467286;-29200,0;-136,44859813084113;0,0;229300,0;258500,0;0,8870406189555126;-53900,0;2120,4439252336447;-2193,457943925234;732,6168224299065;75;102;29;8;93;39;45;9;41,935483870967744;10675,0;114,78494623655914;0,0;116175,0;105500,0;1,1011848341232227;-18950,0;2043,279569892473;-1979,032258064516;1018,0645161290323;38;40;9;6;62,9419372459609;66
232;2500,0;2500,0;1,0;True;0,5;0,0;120;1;close;pior_caso;307;112;124;71;36,48208469055375;-30000,0;-97,71986970684038;0,0;280000,0;310000,0;0,9032258064516129;-50000,0;1856,514657980456;-1887,214983713355;766,9055374592834;112;124;71;0;214;71;88;55;33,177570093457945;-42500,0;-198,5981308411215;0,0;177500,0;220000,0;0,8068181818181818;-50000,0;1837,0327102803737;-1926,285046728972;643,4579439252336;71;88;55;0;93;41;36;16;44,086021505376344;12500,0;134,40860215053763;0,0;102500,0;90000,0;1,1388888888888888;-12500,0;1901,3440860215053;-1797,3118279569892;1050,967741935484;41;36;16;0;62,90963137736381;67
235;2500,0;2500,0;1,0;True;0,5;0,0;180;1;close;pior_caso;307;112;124;71;36,48208469055375;-30000,0;-97,71986970684038;0,0;280000,0;310000,0;0,9032258064516129;-50000,0;1856,514657980456;-1887,214983713355;766,9055374592834;112;124;71;0;214;71;88;55;33,177570093457945;-42500,0;-198,5981308411215;0,0;177500,0;220000,0;0,8068181818181818;-50000,0;1837,0327102803737;-1926,285046728972;643,4579439252336;71;88;55;0;93;41;36;16;44,086021505376344;12500,0;134,40860215053763;0,0;102500,0;90000,0;1,1388888888888888;-12500,0;1901,3440860215053;-1797,3118279569892;1050,967741935484;41;36;16;0;62,90963137736381;68
259;3000,0;1200,0;2,5;True;0,5;0,0;180;1;close;pior_caso;307;68;185;54;22,149837133550488;-18000,0;-58,63192182410423;-1200,0;204000,0;222000,0;0,918918918918919;-39600,0;1529,071661237785;-1479,7231270358307;595,8957654723127;68;185;54;0;214;41;128;45;19,158878504672895;-30600,0;-142,99065420560748;-1200,0;123000,0;153600,0;0,80078125;-39000,0;1517,1728971962616;-1519,2757009345794;506,0747663551402;41;128;45;0;93;27;57;9;29,03225806451613;12600,0;135,48387096774192;-1200,0;81000,0;68400,0;1,1842105263157894;-13200,0;1556,4516129032259;-1388,7096774193549;802,5806451612904;27;57;9;0;62,882136664005714;69
197;2500,0;1200,0;2,0833333333333335;True;0,6;0,0;120;1;close;pior_caso;307;83;185;39;27,035830618892508;-14500,0;-47,23127035830619;-1200,0;207500,0;222000,0;0,9346846846846847;-35600,0;1460,4234527687297;-1419,7068403908795;534,3322475570033;83;185;39;0;214;52;128;34;24,299065420560748;-23600,0;-110,2803738317757;-1200,0;130000,0;153600,0;0,8463541666666666;-32900,0;1453,7383177570093;-1446,96261682243;444,1121495327103;52;128;34;0;93;31;57;5;33,33333333333333;9100,0;97,84946236559139;-1200,0;77500,0;68400,0;1,1330409356725146;-12500,0;1475,8064516129032;-1356,989247311828;741,9354838709677;31;57;5;0;62,87520260163457;70
200;2500,0;1200,0;2,0833333333333335;True;0,6;0,0;180;1;close;pior_caso;307;83;185;39;27,035830618892508;-14500,0;-47,23127035830619;-1200,0;207500,0;222000,0;0,9346846846846847;-35600,0;1460,4234527687297;-1419,7068403908795;534,3322475570033;83;185;39;0;214;52;128;34;24,299065420560748;-23600,0;-110,2803738317757;-1200,0;130000,0;153600,0;0,8463541666666666;-32900,0;1453,7383177570093;-1446,96261682243;444,1121495327103;52;128;34;0;93;31;57;5;33,33333333333333;9100,0;97,84946236559139;-1200,0;77500,0;68400,0;1,1330409356725146;-12500,0;1475,8064516129032;-1356,989247311828;741,9354838709677;31;57;5;0;62,87520260163457;71
198;2500,0;1200,0;2,0833333333333335;True;0,7;0,0;120;1;close;pior_caso;307;88;193;26;28,664495114006517;-11600,0;-37,785016286644954;-1200,0;220000,0;231600,0;0,9499136442141624;-31700,0;1498,4527687296418;-1462,3778501628665;547,6221498371335;88;193;26;0;214;57;134;23;26,635514018691588;-18300,0;-85,51401869158879;-1200,0;142500,0;160800,0;0,8861940298507462;-29000,0;1508,2943925233644;-1492,8738317757009;462,61682242990656;57;134;23;0;93;31;59;3;33,33333333333333;6700,0;72,04301075268818;-1200,0;77500,0;70800,0;1,094632768361582;-13700,0;1475,8064516129032;-1392,2043010752689;743,2258064516129;31;59;3;0;62,8176520708729;72
201;2500,0;1200,0;2,0833333333333335;True;0,7;0,0;180;1;close;pior_caso;307;88;193;26;28,664495114006517;-11600,0;-37,785016286644954;-1200,0;220000,0;231600,0;0,9499136442141624;-31700,0;1498,4527687296418;-1462,3778501628665;547,6221498371335;88;193;26;0;214;57;134;23;26,635514018691588;-18300,0;-85,51401869158879;-1200,0;142500,0;160800,0;0,8861940298507462;-29000,0;1508,2943925233644;-1492,8738317757009;462,61682242990656;57;134;23;0;93;31;59;3;33,33333333333333;6700,0;72,04301075268818;-1200,0;77500,0;70800,0;1,094632768361582;-13700,0;1475,8064516129032;-1392,2043010752689;743,2258064516129;31;59;3;0;62,8176520708729;73
299;3000,0;2500,0;1,2;False;0,0;0,0;120;1;close;pior_caso;307;133;174;0;43,32247557003257;-38400,0;-125,0814332247557;-2500,0;395550,0;433950,0;0,9115105426892499;-74500,0;2185,5048859934855;-2368,485342019544;1037,1986970684038;130;173;0;4;214;89;125;0;41,58878504672897;-48225,0;-225,35046728971963;-2500,0;264275,0;312500,0;0,84568;-74500,0;2197,663551401869;-2460,7476635514017;925,2336448598131;88;125;0;1;93;44;49;0;47,31182795698925;9825,0;105,64516129032258;-2500,0;131275,0;121450,0;1,0808974886784686;-13725,0;2157,52688172043;-2156,1827956989246;1294,8387096774193;42;48;0;3;62,77562564085438;74
256;3000,0;1200,0;2,5;True;0,5;0,0;120;1;close;pior_caso;307;68;185;54;22,149837133550488;-18725,0;-60,99348534201955;-1200,0;203275,0;222000,0;0,9156531531531531;-39600,0;1523,85993485342;-1479,7231270358307;589,2508143322475;66;185;54;2;214;41;128;45;19,158878504672895;-30600,0;-142,99065420560748;-1200,0;123000,0;153600,0;0,80078125;-39000,0;1517,1728971962616;-1519,2757009345794;506,0747663551402;41;128;45;0;93;27;57;9;29,03225806451613;11875,0;127,68817204301075;-1200,0;80275,0;68400,0;1,1736111111111112;-13200,0;1539,247311827957;-1388,7096774193549;780,6451612903226;25;57;9;2;62,77519007756244;75
215;2500,0;1500,0;1,6666666666666667;False;0,0;0,0;120;1;close;pior_caso;307;108;199;0;35,17915309446254;-28500,0;-92,83387622149837;-1500,0;270000,0;298500,0;0,9045226130653267;-49500,0;1605,0488599348535;-1671,3355048859935;619,5439739413681;108;199;0;0;214;70;144;0;32,71028037383177;-41000,0;-191,58878504672896;-1500,0;175000,0;216000,0;0,8101851851851852;-49500,0;1602,5700934579438;-1715,771028037383;518,6915887850467;70;144;0;0;93;38;55;0;40,86021505376344;12500,0;134,40860215053763;-1500,0;95000,0;82500,0;1,1515151515151516;-15000,0;1610,752688172043;-1569,0860215053763;851,6129032258065;38;55;0;0;62,771108467101776;76
216;2500,0;1500,0;1,6666666666666667;False;0,0;0,0;180;1;close;pior_caso;307;108;199;0;35,17915309446254;-28500,0;-92,83387622149837;-1500,0;270000,0;298500,0;0,9045226130653267;-49500,0;1605,0488599348535;-1671,3355048859935;619,5439739413681;108;199;0;0;214;70;144;0;32,71028037383177;-41000,0;-191,58878504672896;-1500,0;175000,0;216000,0;0,8101851851851852;-49500,0;1602,5700934579438;-1715,771028037383;518,6915887850467;70;144;0;0;93;38;55;0;40,86021505376344;12500,0;134,40860215053763;-1500,0;95000,0;82500,0;1,1515151515151516;-15000,0;1610,752688172043;-1569,0860215053763;851,6129032258065;38;55;0;0;62,771108467101776;77
125;2000,0;800,0;2,5;True;0,6;0,0;120;1;close;pior_caso;307;69;190;48;22,475570032573287;-14000,0;-45,60260586319218;-800,0;138000,0;152000,0;0,9078947368421053;-28800,0;1132,2475570032573;-1136,726384364821;370,1628664495114;69;190;48;0;214;43;135;36;20,093457943925234;-22000,0;-102,80373831775701;-800,0;86000,0;108000,0;0,7962962962962963;-28800,0;1077,3364485981308;-1172,8971962616822;272,803738317757;43;135;36;0;93;26;55;12;27,956989247311824;8000,0;86,02150537634408;-800,0;52000,0;44000,0;1,1818181818181819;-8000,0;1258,6021505376343;-1053,494623655914;594,1935483870968;26;55;12;0;62,689791305808335;78
128;2000,0;800,0;2,5;True;0,6;0,0;180;1;close;pior_caso;307;69;190;48;22,475570032573287;-14000,0;-45,60260586319218;-800,0;138000,0;152000,0;0,9078947368421053;-28800,0;1132,2475570032573;-1136,726384364821;370,1628664495114;69;190;48;0;214;43;135;36;20,093457943925234;-22000,0;-102,80373831775701;-800,0;86000,0;108000,0;0,7962962962962963;-28800,0;1077,3364485981308;-1172,8971962616822;272,803738317757;43;135;36;0;93;26;55;12;27,956989247311824;8000,0;86,02150537634408;-800,0;52000,0;44000,0;1,1818181818181819;-8000,0;1258,6021505376343;-1053,494623655914;594,1935483870968;26;55;12;0;62,689791305808335;79
231;2500,0;2500,0;1,0;True;0,7;0,0;60;1;close;pior_caso;307;131;142;34;42,671009771986974;-21850,0;-71,17263843648209;0,0;321475,0;343325,0;0,9363576785844316;-44400,0;1954,5602605863191;-1987,0521172638437;744,0390879478828;127;134;34;12;214;87;99;28;40,654205607476634;-31025,0;-144,97663551401868;0,0;211800,0;242825,0;0,8722330896736332;-44400,0;1969,392523364486;-2026,0514018691588;666,1682242990654;84;96;28;6;93;44;43;6;47,31182795698925;9175,0;98,65591397849462;0,0;109675,0;100500,0;1,0912935323383084;-17950,0;1920,4301075268818;-1897,3118279569892;923,2258064516129;43;38;6;6;62,66298981050321;80
230;2500,0;2500,0;1,0;True;0,6;0,0;60;1;close;pior_caso;307;122;134;51;39,73941368078176;-24350,0;-79,31596091205212;0,0;298975,0;323325,0;0,9246887806386762;-51900,0;1891,1237785016287;-1923,2899022801303;723,5179153094463;118;126;51;12;214;80;93;41;37,38317757009346;-33525,0;-156,65887850467288;0,0;194300,0;227825,0;0,8528475803796773;-51900,0;1890,53738317757;-1955,9579439252336;642,3364485981308;77;90;41;6;93;42;41;10;45,16129032258064;9175,0;98,65591397849462;0,0;104675,0;95500,0;1,0960732984293193;-15450,0;1892,47311827957;-1848,1182795698924;910,3225806451613;41;36;10;6;62,66069061576697;81
130;2000,0;800,0;2,5;False;0,0;0,0;60;1;close;pior_caso;307;85;222;0;27,68729641693811;-7900,0;-25,732899022801302;-800,0;168575,0;176475,0;0,9552344524720215;-24400,0;1157,328990228013;-1237,5407166123778;352,96416938110747;84;220;0;3;214;58;156;0;27,102803738317753;-10225,0;-47,7803738317757;-800,0;114575,0;124800,0;0,9180689102564102;-24400,0;1125,7009345794393;-1275,9345794392523;296,9158878504673;57;156;0;1;93;27;66;0;29,03225806451613;2325,0;25,0;-800,0;54000,0;51675,0;1,0449927431059507;-12075,0;1230,1075268817203;-1149,1935483870968;481,93548387096774;27;64;0;2;62,63551279431013;82
196;2500,0;1200,0;2,0833333333333335;True;0,5;0,0;120;1;close;pior_caso;307;77;176;54;25,0814332247557;-18700,0;-60,91205211726384;-1200,0;192500,0;211200,0;0,9114583333333334;-35100,0;1426,384364820847;-1384,201954397394;516,3517915309446;77;176;54;0;214;47;123;44;21,962616822429908;-30100,0;-140,65420560747663;-1200,0;117500,0;147600,0;0,7960704607046071;-34500,0;1412,9672897196263;-1420,0934579439252;420,5607476635514;47;123;44;0;93;30;53;10;32,25806451612903;11400,0;122,58064516129032;-1200,0;75000,0;63600,0;1,179245283018868;-13800,0;1457,258064516129;-1301,6129032258063;736,7741935483871;30;53;10;0;62,63231845584216;83
199;2500,0;1200,0;2,0833333333333335;True;0,5;0,0;180;1;close;pior_caso;307;77;176;54;25,0814332247557;-18700,0;-60,91205211726384;-1200,0;192500,0;211200,0;0,9114583333333334;-35100,0;1426,384364820847;-1384,201954397394;516,3517915309446;77;176;54;0;214;47;123;44;21,962616822429908;-30100,0;-140,65420560747663;-1200,0;117500,0;147600,0;0,7960704607046071;-34500,0;1412,9672897196263;-1420,0934579439252;420,5607476635514;47;123;44;0;93;30;53;10;32,25806451612903;11400,0;122,58064516129032;-1200,0;75000,0;63600,0;1,179245283018868;-13800,0;1457,258064516129;-1301,6129032258063;736,7741935483871;30;53;10;0;62,63231845584216;84
121;2000,0;800,0;2,5;True;0,5;0,0;60;1;close;pior_caso;307;65;176;66;21,172638436482085;-11100,0;-36,156351791530945;-800,0;128575,0;139675,0;0,9205298013245033;-24000,0;1100,0;-1067,915309446254;314,85342019543975;64;174;66;3;214;42;123;49;19,626168224299064;-15825,0;-73,94859813084112;-800,0;82575,0;98400,0;0,8391768292682927;-24000,0;1062,6168224299065;-1087,5;252,05607476635515;41;123;49;1;93;23;53;17;24,731182795698924;4725,0;50,806451612903224;-800,0;46000,0;41275,0;1,1144760751059963;-7675,0;1186,021505376344;-1022,8494623655914;459,35483870967744;23;51;17;2;62,62662114681251;85
272;3000,0;1500,0;2,0;True;0,6;0,0;180;1;close;pior_caso;307;82;183;42;26,710097719869708;-28500,0;-92,83387622149837;-1500,0;246000,0;274500,0;0,8961748633879781;-48000,0;1682,57328990228;-1664,4951140065148;669,9674267100977;82;183;42;0;214;51;129;34;23,83177570093458;-40500,0;-189,25233644859813;-1500,0;153000,0;193500,0;0,7906976744186046;-48000,0;1675,7009345794393;-1698,247663551402;569,4392523364486;51;129;34;0;93;31;54;8;33,33333333333333;12000,0;129,03225806451613;-1500,0;93000,0;81000,0;1,1481481481481481;-13500,0;1698,3870967741937;-1586,8279569892472;901,2903225806451;31;54;8;0;62,62397091000412;86
124;2000,0;800,0;2,5;True;0,5;0,0;120;1;close;pior_caso;307;64;175;68;20,846905537459286;-12000,0;-39,08794788273616;-800,0;128000,0;140000,0;0,9142857142857143;-25200,0;1107,1661237785017;-1070,928338762215;353,5504885993485;64;175;68;0;214;41;124;49;19,158878504672895;-17200,0;-80,37383177570094;-800,0;82000,0;99200,0;0,8266129032258065;-24000,0;1063,3177570093458;-1091,822429906542;261,02803738317755;41;124;49;0;93;23;51;19;24,731182795698924;5200,0;55,913978494623656;-800,0;46000,0;40800,0;1,1274509803921569;-7200,0;1208,0645161290322;-1022,8494623655914;566,4516129032259;23;51;19;0;62,622986974847485;87
127;2000,0;800,0;2,5;True;0,5;0,0;180;1;close;pior_caso;307;64;175;68;20,846905537459286;-12000,0;-39,08794788273616;-800,0;128000,0;140000,0;0,9142857142857143;-25200,0;1107,1661237785017;-1070,928338762215;353,5504885993485;64;175;68;0;214;41;124;49;19,158878504672895;-17200,0;-80,37383177570094;-800,0;82000,0;99200,0;0,8266129032258065;-24000,0;1063,3177570093458;-1091,822429906542;261,02803738317755;41;124;49;0;93;23;51;19;24,731182795698924;5200,0;55,913978494623656;-800,0;46000,0;40800,0;1,1274509803921569;-7200,0;1208,0645161290322;-1022,8494623655914;566,4516129032259;23;51;19;0;62,622986974847485;88
11;1000,0;800,0;1,25;False;0,0;0,0;120;1;close;pior_caso;307;130;177;0;42,34527687296417;-11600,0;-37,785016286644954;-800,0;130000,0;141600,0;0,9180790960451978;-21600,0;978,5830618892509;-1018,0781758957655;278,3061889250814;130;177;0;0;214;88;126;0;41,1214953271028;-12800,0;-59,81308411214953;-800,0;88000,0;100800,0;0,873015873015873;-21600,0;985,0467289719626;-1042,056074766355;202,99065420560748;88;126;0;0;93;42;51;0;45,16129032258064;1200,0;12,903225806451612;-800,0;42000,0;40800,0;1,0294117647058822;-5400,0;963,7096774193549;-962,9032258064516;451,61290322580646;42;51;0;0;62,58350383923883;89
12;1000,0;800,0;1,25;False;0,0;0,0;180;1;close;pior_caso;307;130;177;0;42,34527687296417;-11600,0;-37,785016286644954;-800,0;130000,0;141600,0;0,9180790960451978;-21600,0;978,5830618892509;-1018,0781758957655;278,3061889250814;130;177;0;0;214;88;126;0;41,1214953271028;-12800,0;-59,81308411214953;-800,0;88000,0;100800,0;0,873015873015873;-21600,0;985,0467289719626;-1042,056074766355;202,99065420560748;88;126;0;0;93;42;51;0;45,16129032258064;1200,0;12,903225806451612;-800,0;42000,0;40800,0;1,0294117647058822;-5400,0;963,7096774193549;-962,9032258064516;451,61290322580646;42;51;0;0;62,58350383923883;90
220;2500,0;2000,0;1,25;True;0,5;0,0;120;1;close;pior_caso;307;101;141;65;32,89902280130293;-29500,0;-96,09120521172639;0,0;252500,0;282000,0;0,8953900709219859;-49000,0;1699,4299674267102;-1749,1042345276874;692,0521172638437;101;141;65;0;214;63;99;52;29,439252336448597;-40500,0;-189,25233644859813;0,0;157500,0;198000,0;0,7954545454545454;-44500,0;1673,3644859813085;-1784,5794392523364;579,2523364485982;63;99;52;0;93;38;42;13;40,86021505376344;11000,0;118,27956989247312;0,0;95000,0;84000,0;1,130952380952381;-13000,0;1759,4086021505377;-1667,47311827957;951,6129032258065;38;42;13;0;62,558504489270355;91
223;2500,0;2000,0;1,25;True;0,5;0,0;180;1;close;pior_caso;307;101;141;65;32,89902280130293;-29500,0;-96,09120521172639;0,0;252500,0;282000,0;0,8953900709219859;-49000,0;1699,4299674267102;-1749,1042345276874;692,0521172638437;101;141;65;0;214;63;99;52;29,439252336448597;-40500,0;-189,25233644859813;0,0;157500,0;198000,0;0,7954545454545454;-44500,0;1673,3644859813085;-1784,5794392523364;579,2523364485982;63;99;52;0;93;38;42;13;40,86021505376344;11000,0;118,27956989247312;0,0;95000,0;84000,0;1,130952380952381;-13000,0;1759,4086021505377;-1667,47311827957;951,6129032258065;38;42;13;0;62,558504489270355;92
261;3000,0;1200,0;2,5;True;0,7;0,0;180;1;close;pior_caso;307;74;200;33;24,104234527687296;-18000,0;-58,63192182410423;-1200,0;222000,0;240000,0;0,925;-38400,0;1578,501628664495;-1557,1661237785017;615,2442996742672;74;200;33;0;214;47;140;27;21,962616822429908;-27000,0;-126,16822429906541;-1200,0;141000,0;168000,0;0,8392857142857143;-38400,0;1588,0841121495328;-1609,1121495327102;531,588785046729;47;140;27;0;93;27;60;6;29,03225806451613;9000,0;96,7741935483871;-1200,0;81000,0;72000,0;1,125;-15600,0;1556,4516129032259;-1437,6344086021506;807,741935483871;27;60;6;0;62,54034848333851;93
269;3000,0;1500,0;2,0;True;0,6;0,0;120;1;close;pior_caso;307;82;183;42;26,710097719869708;-29225,0;-95,19543973941369;-1500,0;245275,0;274500,0;0,8935336976320583;-48000,0;1677,3615635179153;-1664,4951140065148;663,3224755700326;80;183;42;2;214;51;129;34;23,83177570093458;-40500,0;-189,25233644859813;-1500,0;153000,0;193500,0;0,7906976744186046;-48000,0;1675,7009345794393;-1698,247663551402;569,4392523364486;51;129;34;0;93;31;54;8;33,33333333333333;11275,0;121,23655913978494;-1500,0;92275,0;81000,0;1,1391975308641975;-13500,0;1681,1827956989248;-1586,8279569892472;879,3548387096774;29;54;8;2;62,519644940532224;94
254;3000,0;1200,0;2,5;True;0,6;0,0;60;1;close;pior_caso;307;76;195;36;24,7557003257329;-12150,0;-39,57654723127036;-1200,0;219475,0;231625,0;0,9475445223961144;-30500,0;1544,7068403908795;-1523,2084690553745;507,1661237785016;71;192;36;8;214;50;134;30;23,364485981308412;-18050,0;-84,34579439252336;-1200,0;142300,0;160350,0;0,8874337386966011;-30500,0;1572,4299065420562;-1566,3551401869158;457,2897196261682;46;133;30;5;93;26;61;6;27,956989247311824;5900,0;63,44086021505376;-1200,0;77175,0;71275,0;1,0827779726411786;-16300,0;1480,9139784946237;-1423,9247311827958;621,9354838709677;25;59;6;3;62,514065063988504;95
258;3000,0;1200,0;2,5;True;0,7;0,0;120;1;close;pior_caso;307;74;200;33;24,104234527687296;-18725,0;-60,99348534201955;-1200,0;221275,0;240000,0;0,9219791666666667;-38400,0;1573,2899022801303;-1557,1661237785017;608,5993485342019;72;200;33;2;214;47;140;27;21,962616822429908;-27000,0;-126,16822429906541;-1200,0;141000,0;168000,0;0,8392857142857143;-38400,0;1588,0841121495328;-1609,1121495327102;531,588785046729;47;140;27;0;93;27;60;6;29,03225806451613;8275,0;88,97849462365592;-1200,0;80275,0;72000,0;1,1149305555555555;-15600,0;1539,247311827957;-1437,6344086021506;785,8064516129032;25;60;6;2;62,43361423302072;96
271;3000,0;1500,0;2,0;True;0,5;0,0;180;1;close;pior_caso;307;75;175;57;24,429967426710096;-37500,0;-122,14983713355049;-1500,0;225000,0;262500,0;0,8571428571428571;-58500,0;1625,4885993485343;-1611,156351791531;652,5732899022802;75;175;57;0;214;44;123;47;20,5607476635514;-52500,0;-245,3271028037383;-1500,0;132000,0;184500,0;0,7154471544715447;-57000,0;1593,8084112149534;-1640,303738317757;545,3271028037383;44;123;47;0;93;31;52;10;33,33333333333333;15000,0;161,29032258064515;-1500,0;93000,0;78000,0;1,1923076923076923;-12000,0;1698,3870967741937;-1544,0860215053763;899,3548387096774;31;52;10;0;62,43128538075784;97
253;3000,0;1200,0;2,5;True;0,5;0,0;60;1;close;pior_caso;307;70;186;51;22,80130293159609;-19350,0;-63,02931596091205;-1200,0;201475,0;220825,0;0,9123740518510133;-36650,0;1495,2768729641693;-1473,5342019543973;490,94462540716614;65;183;51;8;214;44;127;43;20,5607476635514;-27650,0;-129,20560747663552;-1200,0;124300,0;151950,0;0,8180322474498191;-36050,0;1501,518691588785;-1510,3971962616822;434,57943925233644;40;126;43;5;93;26;59;8;27,956989247311824;8300,0;89,24731182795699;-1200,0;77175,0;68875,0;1,120508166969147;-13900,0;1480,9139784946237;-1388,7096774193549;620,6451612903226;25;57;8;3;62,362591442580005;98
268;3000,0;1500,0;2,0;True;0,5;0,0;120;1;close;pior_caso;307;75;175;57;24,429967426710096;-38225,0;-124,51140065146579;-1500,0;224275,0;262500,0;0,8543809523809524;-58500,0;1620,2768729641693;-1611,156351791531;645,9283387622149;73;175;57;2;214;44;123;47;20,5607476635514;-52500,0;-245,3271028037383;-1500,0;132000,0;184500,0;0,7154471544715447;-57000,0;1593,8084112149534;-1640,303738317757;545,3271028037383;44;123;47;0;93;31;52;10;33,33333333333333;14275,0;153,49462365591398;-1500,0;92275,0;78000,0;1,1830128205128205;-12000,0;1681,1827956989248;-1544,0860215053763;877,4193548387096;29;52;10;2;62,327083588648904;99
122;2000,0;800,0;2,5;True;0,6;0,0;60;1;close;pior_caso;307;69;191;47;22,475570032573287;-15100,0;-49,185667752442995;-800,0;136575,0;151675,0;0,9004450304928301;-27600,0;1121,0912052117264;-1133,71335504886;327,557003257329;68;189;47;3;214;44;134;36;20,5607476635514;-20625,0;-96,3785046728972;-800,0;86575,0;107200,0;0,8076026119402985;-27600,0;1076,6355140186915;-1168,5747663551401;263,8317757009346;43;134;36;1;93;25;57;11;26,881720430107524;5525,0;59,40860215053763;-800,0;50000,0;44475,0;1,1242270938729624;-9275,0;1223,3870967741937;-1053,494623655914;474,19354838709677;25;55;11;2;62,29088505039221;100
