scenario_id;feature;feature_type;pattern;trades;wins;losses;win_rate_pct;net_mt5_points;average_mt5_points;profit_factor;baseline_win_rate_pct;baseline_average_mt5_points;lift_win_rate_pp;lift_average_mt5_points;pattern_score;pattern_rank
245;gate_vel15;categorica;False;66;21;40;31,818181818181817;31000,0;469,6969696969697;1,96875;18,892508143322477;1,5472312703583062;12,92567367485934;468,1497384266114;69,91286217831994;1
248;gate_vel15;categorica;False;66;21;40;31,818181818181817;31000,0;469,6969696969697;1,96875;18,892508143322477;3,9087947882736156;12,92567367485934;465,7881749086961;69,89851347738531;2
191;delta30;numerica;(-3.0, 9.0];59;23;36;38,983050847457626;28700,0;486,4406779661017;1,9965277777777777;25,0814332247557;27,68729641693811;13,901617622701927;458,7533815491636;69,76338323639978;3
192;delta30;numerica;(-3.0, 9.0];59;23;36;38,983050847457626;28700,0;486,4406779661017;1,9965277777777777;25,0814332247557;27,68729641693811;13,901617622701927;458,7533815491636;69,76338323639978;4
244;gate_vel15;categorica;False;66;20;38;30,303030303030305;29600,0;448,4848484848485;1,9736842105263157;17,91530944625407;-1,710097719869707;12,387720856776234;450,1949462047182;69,49954744329425;5
247;gate_vel15;categorica;False;66;20;38;30,303030303030305;29600,0;448,4848484848485;1,9736842105263157;17,91530944625407;0,6514657980456026;12,387720856776234;447,8333826868029;69,48497628130923;6
184;score_oposto;numerica;(18.0, 25.0];63;21;32;33,33333333333333;26900,0;426,984126984127;2,05078125;20,846905537459286;13,029315960912053;12,486427795874043;413,9548110232149;69,47071948005646;7
187;score_oposto;numerica;(18.0, 25.0];63;21;32;33,33333333333333;26900,0;426,984126984127;2,05078125;20,846905537459286;13,029315960912053;12,486427795874043;413,9548110232149;69,47071948005646;8
185;delta30;numerica;(-3.0, 9.0];59;21;35;35,59322033898305;24500,0;415,2542372881356;1,875;21,824104234527688;8,794788273615636;13,769116104455364;406,45944901452;68,1841478992231;9
188;delta30;numerica;(-3.0, 9.0];59;21;35;35,59322033898305;24500,0;415,2542372881356;1,875;21,824104234527688;8,794788273615636;13,769116104455364;406,45944901452;68,1841478992231;10
185;score_oposto;numerica;(18.0, 25.0];63;21;34;33,33333333333333;25300,0;401,58730158730157;1,9301470588235294;21,824104234527688;8,794788273615636;11,50922909880564;392,79251331368596;68,07888037381646;11
188;score_oposto;numerica;(18.0, 25.0];63;21;34;33,33333333333333;25300,0;401,58730158730157;1,9301470588235294;21,824104234527688;8,794788273615636;11,50922909880564;392,79251331368596;68,07888037381646;12
191;estado_delta_segundos;numerica;(0.041, 0.518];62;23;39;37,096774193548384;26300,0;424,19354838709677;1,8429487179487178;25,0814332247557;27,68729641693811;12,015340968792685;396,50625197015864;67,8781925212027;13
192;estado_delta_segundos;numerica;(0.041, 0.518];62;23;39;37,096774193548384;26300,0;424,19354838709677;1,8429487179487178;25,0814332247557;27,68729641693811;12,015340968792685;396,50625197015864;67,8781925212027;14
184;gate_vel15;categorica;False;66;22;37;33,33333333333333;25400,0;384,8484848484849;1,8581081081081081;20,846905537459286;13,029315960912053;12,486427795874043;371,8191688875728;67,86970023126115;15
187;gate_vel15;categorica;False;66;22;37;33,33333333333333;25400,0;384,8484848484849;1,8581081081081081;20,846905537459286;13,029315960912053;12,486427795874043;371,8191688875728;67,86970023126115;16
191;score_oposto;numerica;(18.0, 25.0];63;23;40;36,507936507936506;25500,0;404,76190476190476;1,796875;25,0814332247557;27,68729641693811;11,426503283180807;377,07460834496663;67,17038899055004;17
192;score_oposto;numerica;(18.0, 25.0];63;23;40;36,507936507936506;25500,0;404,76190476190476;1,796875;25,0814332247557;27,68729641693811;11,426503283180807;377,07460834496663;67,17038899055004;18
185;gate_vel15;categorica;False;66;22;38;33,33333333333333;24600,0;372,72727272727275;1,8092105263157894;21,824104234527688;8,794788273615636;11,50922909880564;363,93248445365714;67,08241858932332;19
188;gate_vel15;categorica;False;66;22;38;33,33333333333333;24600,0;372,72727272727275;1,8092105263157894;21,824104234527688;8,794788273615636;11,50922909880564;363,93248445365714;67,08241858932332;20
245;venda10;numerica;(-0.001, 6.0];63;19;41;30,158730158730158;24200,0;384,12698412698415;1,7378048780487805;18,892508143322477;1,5472312703583062;11,266222015407681;382,5797528566259;66,63903243317108;21
248;venda10;numerica;(-0.001, 6.0];63;19;41;30,158730158730158;24200,0;384,12698412698415;1,7378048780487805;18,892508143322477;3,9087947882736156;11,266222015407681;380,21818933871054;66,62366643548891;22
245;swing_mais_recente_preco;numerica;(29089.35, 29169.6];61;17;35;27,86885245901639;23000,0;377,04918032786884;1,8214285714285714;18,892508143322477;1,5472312703583062;8,976344315693915;375,50194905751056;66,05442677909093;23
248;swing_mais_recente_preco;numerica;(29089.35, 29169.6];61;17;35;27,86885245901639;23000,0;377,04918032786884;1,8214285714285714;18,892508143322477;3,9087947882736156;8,976344315693915;373,14038553959523;66,03898209120374;24
185;estado_delta_segundos;numerica;(0.041, 0.518];62;19;32;30,64516129032258;21900,0;353,2258064516129;1,85546875;21,824104234527688;8,794788273615636;8,821057055794892;344,4310181779973;65,85357576172277;25
188;estado_delta_segundos;numerica;(0.041, 0.518];62;19;32;30,64516129032258;21900,0;353,2258064516129;1,85546875;21,824104234527688;8,794788273615636;8,821057055794892;344,4310181779973;65,85357576172277;26
245;fundo_30s;numerica;(29081.65, 29165.2];61;17;36;27,86885245901639;22200,0;363,9344262295082;1,7708333333333333;18,892508143322477;1,5472312703583062;8,976344315693915;362,3871949591499;65,56628429706063;27
184;delta30;numerica;(-3.0, 9.0];59;19;34;32,20338983050847;20300,0;344,06779661016947;1,7463235294117647;20,846905537459286;13,029315960912053;11,356484293049185;331,0384806492574;65,56613848204697;28
187;delta30;numerica;(-3.0, 9.0];59;19;34;32,20338983050847;20300,0;344,06779661016947;1,7463235294117647;20,846905537459286;13,029315960912053;11,356484293049185;331,0384806492574;65,56613848204697;29
248;fundo_30s;numerica;(29081.65, 29165.2];61;17;36;27,86885245901639;22200,0;363,9344262295082;1,7708333333333333;18,892508143322477;3,9087947882736156;8,976344315693915;360,02563144123457;65,55069633935454;30
191;gate_vel15;categorica;False;66;23;43;34,84848484848485;23100,0;350,0;1,6715116279069768;25,0814332247557;27,68729641693811;9,767051623729152;322,3127035830619;65,13296979154975;31
192;gate_vel15;categorica;False;66;23;43;34,84848484848485;23100,0;350,0;1,6715116279069768;25,0814332247557;27,68729641693811;9,767051623729152;322,3127035830619;65,13296979154975;32
191;score_compra;numerica;(37.0, 51.0];60;21;39;35,0;21300,0;355,0;1,6826923076923077;25,0814332247557;27,68729641693811;9,918566775244301;327,3127035830619;65,07082198030504;33
192;score_compra;numerica;(37.0, 51.0];60;21;39;35,0;21300,0;355,0;1,6826923076923077;25,0814332247557;27,68729641693811;9,918566775244301;327,3127035830619;65,07082198030504;34
244;swing_mais_recente_preco;numerica;(29089.35, 29169.6];61;16;34;26,229508196721312;20800,0;340,9836065573771;1,7647058823529411;17,91530944625407;-1,710097719869707;8,314198750467241;342,69370427724675;64,94710224348717;35
247;swing_mais_recente_preco;numerica;(29089.35, 29169.6];61;16;34;26,229508196721312;20800,0;340,9836065573771;1,7647058823529411;17,91530944625407;0,6514657980456026;8,314198750467241;340,3321407593315;64,93130564602461;36
184;estado_delta_segundos;numerica;(0.041, 0.518];62;18;31;29,03225806451613;20200,0;325,80645161290323;1,814516129032258;20,846905537459286;13,029315960912053;8,185352527056846;312,77713565199116;64,91306146296508;37
187;estado_delta_segundos;numerica;(0.041, 0.518];62;18;31;29,03225806451613;20200,0;325,80645161290323;1,814516129032258;20,846905537459286;13,029315960912053;8,185352527056846;312,77713565199116;64,91306146296508;38
245;score_oposto;numerica;(18.0, 25.0];63;17;37;26,984126984126984;21400,0;339,6825396825397;1,722972972972973;18,892508143322477;1,5472312703583062;8,091618840804507;338,1353084121814;64,64740679404825;39
248;score_oposto;numerica;(18.0, 25.0];63;17;37;26,984126984126984;21400,0;339,6825396825397;1,722972972972973;18,892508143322477;3,9087947882736156;8,091618840804507;335,7737448942661;64,631563063661;40
244;score_oposto;numerica;(18.0, 25.0];63;16;34;25,396825396825395;20800,0;330,1587301587302;1,7647058823529411;17,91530944625407;-1,710097719869707;7,481515950571325;331,86882787859986;64,51690875247174;41
247;score_oposto;numerica;(18.0, 25.0];63;16;34;25,396825396825395;20800,0;330,1587301587302;1,7647058823529411;17,91530944625407;0,6514657980456026;7,481515950571325;329,5072643606846;64,50100096392299;42
184;score_venda_base;numerica;(37.0, 63.0];61;19;36;31,147540983606557;18700,0;306,55737704918033;1,6493055555555556;20,846905537459286;13,029315960912053;10,300635446147272;293,52806108826826;64,45587991258415;43
187;score_venda_base;numerica;(37.0, 63.0];61;19;36;31,147540983606557;18700,0;306,55737704918033;1,6493055555555556;20,846905537459286;13,029315960912053;10,300635446147272;293,52806108826826;64,45587991258415;44
244;fundo_30s;numerica;(29081.65, 29165.2];61;16;35;26,229508196721312;20000,0;327,8688524590164;1,7142857142857142;17,91530944625407;-1,710097719869707;8,314198750467241;329,5789501788861;64,45450088304588;45
247;fundo_30s;numerica;(29081.65, 29165.2];61;16;35;26,229508196721312;20000,0;327,8688524590164;1,7142857142857142;17,91530944625407;0,6514657980456026;8,314198750467241;327,2173866609708;64,43856990211617;46
191;saldo30;numerica;(-4.0, 8.0];61;21;40;34,42622950819672;20500,0;336,0655737704918;1,640625;25,0814332247557;27,68729641693811;9,34479628344102;308,3782773535537;64,3591672923773;47
191;score_venda_base;numerica;(37.0, 63.0];61;21;40;34,42622950819672;20500,0;336,0655737704918;1,640625;25,0814332247557;27,68729641693811;9,34479628344102;308,3782773535537;64,3591672923773;48
192;saldo30;numerica;(-4.0, 8.0];61;21;40;34,42622950819672;20500,0;336,0655737704918;1,640625;25,0814332247557;27,68729641693811;9,34479628344102;308,3782773535537;64,3591672923773;49
192;score_venda_base;numerica;(37.0, 63.0];61;21;40;34,42622950819672;20500,0;336,0655737704918;1,640625;25,0814332247557;27,68729641693811;9,34479628344102;308,3782773535537;64,3591672923773;50
244;venda10;numerica;(-0.001, 6.0];63;17;39;26,984126984126984;19800,0;314,2857142857143;1,6346153846153846;17,91530944625407;-1,710097719869707;9,068817537872913;315,99581200558396;64,17294821262732;51
248;score_venda_base;numerica;(37.0, 63.0];61;17;39;27,86885245901639;19800,0;324,59016393442624;1,6346153846153846;18,892508143322477;3,9087947882736156;8,976344315693915;320,68136914615263;64,16678579614317;52
247;venda10;numerica;(-0.001, 6.0];63;17;39;26,984126984126984;19800,0;314,2857142857143;1,6346153846153846;17,91530944625407;0,6514657980456026;9,068817537872913;313,6342484876687;64,15688208523846;53
247;rompimento_venda;numerica;(-3.5, -1.25];63;17;39;26,984126984126984;19800,0;314,2857142857143;1,6346153846153846;17,91530944625407;0,6514657980456026;9,068817537872913;313,6342484876687;64,15688208523846;54
245;delta30;numerica;(-3.0, 9.0];59;16;35;27,11864406779661;20000,0;338,9830508474576;1,7142857142857142;18,892508143322477;1,5472312703583062;8,226135924474132;337,4358195770993;64,1367123124147;55
248;delta30;numerica;(-3.0, 9.0];59;16;35;27,11864406779661;20000,0;338,9830508474576;1,7142857142857142;18,892508143322477;3,9087947882736156;8,226135924474132;335,074256059184;64,12086138911891;56
244;compra30;numerica;(28.0, 43.4];59;16;36;27,11864406779661;19200,0;325,4237288135593;1,6666666666666667;17,91530944625407;-1,710097719869707;9,203334621542538;327,133826533429;64,08476185700898;57
247;compra30;numerica;(28.0, 43.4];59;16;36;27,11864406779661;19200,0;325,4237288135593;1,6666666666666667;17,91530944625407;0,6514657980456026;9,203334621542538;324,7722630155137;64,06880624016534;58
245;score_venda_base;numerica;(37.0, 63.0];61;17;39;27,86885245901639;19500,0;319,672131147541;1,625;18,892508143322477;1,5472312703583062;8,976344315693915;318,1248998771827;64,05304288274968;59
244;rompimento_venda;numerica;(-3.5, -1.25];63;17;39;26,984126984126984;19500,0;309,5238095238095;1,625;17,91530944625407;-1,710097719869707;9,068817537872913;311,2339072436792;64,04412879276384;60
185;score_venda;numerica;(14.0, 27.0];60;18;33;30,0;18600,0;310,0;1,7045454545454546;21,824104234527688;8,794788273615636;8,175895765472312;301,2052117263844;63,962924002421545;61
188;score_venda;numerica;(14.0, 27.0];60;18;33;30,0;18600,0;310,0;1,7045454545454546;21,824104234527688;8,794788273615636;8,175895765472312;301,2052117263844;63,962924002421545;62
191;score_base_dna;numerica;(11.999, 41.2];62;21;41;33,87096774193548;19700,0;317,741935483871;1,600609756097561;25,0814332247557;27,68729641693811;8,789534517179781;290,05463906693285;63,663178830536644;63
192;score_base_dna;numerica;(11.999, 41.2];62;21;41;33,87096774193548;19700,0;317,741935483871;1,600609756097561;25,0814332247557;27,68729641693811;8,789534517179781;290,05463906693285;63,663178830536644;64
245;compra30;numerica;(28.0, 43.4];59;16;36;27,11864406779661;19200,0;325,4237288135593;1,6666666666666667;18,892508143322477;1,5472312703583062;8,226135924474132;323,876497543201;63,65636401948244;65
248;compra30;numerica;(28.0, 43.4];59;16;36;27,11864406779661;19200,0;325,4237288135593;1,6666666666666667;18,892508143322477;3,9087947882736156;8,226135924474132;321,5149340252857;63,64037579171453;66
191;score_compra_base;numerica;(20.0, 33.0];58;20;38;34,48275862068966;19600,0;337,9310344827586;1,644736842105263;25,0814332247557;27,68729641693811;9,40132539593396;310,2437380658205;63,63734757399074;67
192;score_compra_base;numerica;(20.0, 33.0];58;20;38;34,48275862068966;19600,0;337,9310344827586;1,644736842105263;25,0814332247557;27,68729641693811;9,40132539593396;310,2437380658205;63,63734757399074;68
185;score_venda_base;numerica;(37.0, 63.0];61;19;37;31,147540983606557;17900,0;293,44262295081967;1,6047297297297298;21,824104234527688;8,794788273615636;9,32343674907887;284,64783467720406;63,63428218069049;69
188;score_venda_base;numerica;(37.0, 63.0];61;19;37;31,147540983606557;17900,0;293,44262295081967;1,6047297297297298;21,824104234527688;8,794788273615636;9,32343674907887;284,64783467720406;63,63428218069049;70
245;ultimo_fundo;numerica;(29085.7, 29168.85];61;16;36;26,229508196721312;19200,0;314,75409836065575;1,6666666666666667;18,892508143322477;1,5472312703583062;7,337000053398835;313,20686709029746;63,53379282253522;71
245;ultimo_topo;numerica;(29092.05, 29172.95];61;16;36;26,229508196721312;19200,0;314,75409836065575;1,6666666666666667;18,892508143322477;1,5472312703583062;7,337000053398835;313,20686709029746;63,53379282253522;72
248;ultimo_fundo;numerica;(29085.7, 29168.85];61;16;36;26,229508196721312;19200,0;314,75409836065575;1,6666666666666667;18,892508143322477;3,9087947882736156;7,337000053398835;310,84530357238214;63,51769946988037;73
248;ultimo_topo;numerica;(29092.05, 29172.95];61;16;36;26,229508196721312;19200,0;314,75409836065575;1,6666666666666667;18,892508143322477;3,9087947882736156;7,337000053398835;310,84530357238214;63,51769946988037;74
247;score_venda_base;numerica;(37.0, 63.0];61;16;37;26,229508196721312;18400,0;301,6393442622951;1,6216216216216217;17,91530944625407;0,6514657980456026;8,314198750467241;300,9878784642495;63,49626234258568;75
184;score_venda;numerica;(14.0, 27.0];60;17;31;28,333333333333332;17700,0;295,0;1,7137096774193548;20,846905537459286;13,029315960912053;7,486427795874047;281,9706840390879;63,469762297080166;76
187;score_venda;numerica;(14.0, 27.0];60;17;31;28,333333333333332;17700,0;295,0;1,7137096774193548;20,846905537459286;13,029315960912053;7,486427795874047;281,9706840390879;63,469762297080166;77
244;score_venda_base;numerica;(37.0, 63.0];61;16;37;26,229508196721312;18100,0;296,72131147540983;1,6114864864864864;17,91530944625407;-1,710097719869707;8,314198750467241;298,4314091952795;63,37840248935055;78
248;rompimento_venda;numerica;(-3.5, -1.25];63;17;40;26,984126984126984;19000,0;301,58730158730157;1,59375;18,892508143322477;3,9087947882736156;8,091618840804507;297,67850679902796;63,29032377682171;79
245;rompimento_venda;numerica;(-3.5, -1.25];63;17;40;26,984126984126984;18700,0;296,8253968253968;1,584375;18,892508143322477;1,5472312703583062;8,091618840804507;295,2781655550385;63,17840061473286;80
191;venda10;numerica;(-0.001, 6.0];63;21;42;33,33333333333333;18900,0;300,0;1,5625;25,0814332247557;27,68729641693811;8,25190010857763;272,3127035830619;62,98232460329391;81
192;venda10;numerica;(-0.001, 6.0];63;21;42;33,33333333333333;18900,0;300,0;1,5625;25,0814332247557;27,68729641693811;8,25190010857763;272,3127035830619;62,98232460329391;82
191;score_venda;numerica;(14.0, 27.0];60;20;40;33,33333333333333;18000,0;300,0;1,5625;25,0814332247557;27,68729641693811;8,25190010857763;272,3127035830619;62,864159941061295;83
192;score_venda;numerica;(14.0, 27.0];60;20;40;33,33333333333333;18000,0;300,0;1,5625;25,0814332247557;27,68729641693811;8,25190010857763;272,3127035830619;62,864159941061295;84
245;fundo_anterior;numerica;(29083.05, 29167.75];62;16;37;25,806451612903224;18400,0;296,7741935483871;1,6216216216216217;18,892508143322477;1,5472312703583062;6,913943469580747;295,2269622780288;62,84911798876817;85
245;topo_anterior;numerica;(29088.75, 29171.25];62;16;37;25,806451612903224;18400,0;296,7741935483871;1,6216216216216217;18,892508143322477;1,5472312703583062;6,913943469580747;295,2269622780288;62,84911798876817;86
248;fundo_anterior;numerica;(29083.05, 29167.75];62;16;37;25,806451612903224;18400,0;296,7741935483871;1,6216216216216217;18,892508143322477;3,9087947882736156;6,913943469580747;292,86539876011346;62,83285354428138;87
248;topo_anterior;numerica;(29088.75, 29171.25];62;16;37;25,806451612903224;18400,0;296,7741935483871;1,6216216216216217;18,892508143322477;3,9087947882736156;6,913943469580747;292,86539876011346;62,83285354428138;88
245;diferenca_score;numerica;(16.2, 31.4];61;16;38;26,229508196721312;17600,0;288,5245901639344;1,5789473684210527;18,892508143322477;1,5472312703583062;7,337000053398835;286,97735889357614;62,6172564147131;89
248;diferenca_score;numerica;(16.2, 31.4];61;16;38;26,229508196721312;17600,0;288,5245901639344;1,5789473684210527;18,892508143322477;3,9087947882736156;7,337000053398835;284,6157953756608;62,60091610274035;90
185;score_compra;numerica;(37.0, 51.0];60;17;32;28,333333333333332;16900,0;281,6666666666667;1,66015625;21,824104234527688;8,794788273615636;6,509229098805644;272,8718783930511;62,545199199145245;91
188;score_compra;numerica;(37.0, 51.0];60;17;32;28,333333333333332;16900,0;281,6666666666667;1,66015625;21,824104234527688;8,794788273615636;6,509229098805644;272,8718783930511;62,545199199145245;92
244;delta30;numerica;(-3.0, 9.0];59;15;35;25,423728813559322;17000,0;288,135593220339;1,6071428571428572;17,91530944625407;-1,710097719869707;7,508419367305251;289,84569094020867;62,467792629705855;93
247;delta30;numerica;(-3.0, 9.0];59;15;35;25,423728813559322;17000,0;288,135593220339;1,6071428571428572;17,91530944625407;0,6514657980456026;7,508419367305251;287,4841274222934;62,45147850456854;94
245;compra10;numerica;(7.0, 15.0];60;16;39;26,666666666666668;16800,0;280,0;1,5384615384615385;18,892508143322477;1,5472312703583062;7,774158523344191;278,4527687296417;62,3985336194627;95
248;compra10;numerica;(7.0, 15.0];60;16;39;26,666666666666668;16800,0;280,0;1,5384615384615385;18,892508143322477;3,9087947882736156;7,774158523344191;276,0912052117264;62,38211670525553;96
244;ultimo_fundo;numerica;(29085.7, 29168.85];61;15;35;24,59016393442623;17000,0;278,6885245901639;1,6071428571428572;17,91530944625407;-1,710097719869707;6,6748544881721585;280,3986223100336;62,36729002575886;97
244;ultimo_topo;numerica;(29092.05, 29172.95];61;15;35;24,59016393442623;17000,0;278,6885245901639;1,6071428571428572;17,91530944625407;-1,710097719869707;6,6748544881721585;280,3986223100336;62,36729002575886;98
184;compra30;numerica;(28.0, 43.4];59;17;33;28,8135593220339;16100,0;272,8813559322034;1,6098484848484849;20,846905537459286;13,029315960912053;7,966653784574614;259,85203997129133;62,352007108691744;99
187;compra30;numerica;(28.0, 43.4];59;17;33;28,8135593220339;16100,0;272,8813559322034;1,6098484848484849;20,846905537459286;13,029315960912053;7,966653784574614;259,85203997129133;62,352007108691744;100
247;ultimo_fundo;numerica;(29085.7, 29168.85];61;15;35;24,59016393442623;17000,0;278,6885245901639;1,6071428571428572;17,91530944625407;0,6514657980456026;6,6748544881721585;278,03705879211833;62,35089043440511;101
247;ultimo_topo;numerica;(29092.05, 29172.95];61;15;35;24,59016393442623;17000,0;278,6885245901639;1,6071428571428572;17,91530944625407;0,6514657980456026;6,6748544881721585;278,03705879211833;62,35089043440511;102
191;fundo_30s;numerica;(29081.65, 29165.2];61;20;41;32,78688524590164;17200,0;281,9672131147541;1,524390243902439;25,0814332247557;27,68729641693811;7,705452021145938;254,27991669781596;62,168977981029336;103
191;swing_mais_recente_preco;numerica;(29089.35, 29169.6];61;20;41;32,78688524590164;17200,0;281,9672131147541;1,524390243902439;25,0814332247557;27,68729641693811;7,705452021145938;254,27991669781596;62,168977981029336;104
191;diferenca_score;numerica;(16.2, 31.4];61;20;41;32,78688524590164;17200,0;281,9672131147541;1,524390243902439;25,0814332247557;27,68729641693811;7,705452021145938;254,27991669781596;62,168977981029336;105
192;fundo_30s;numerica;(29081.65, 29165.2];61;20;41;32,78688524590164;17200,0;281,9672131147541;1,524390243902439;25,0814332247557;27,68729641693811;7,705452021145938;254,27991669781596;62,168977981029336;106
192;swing_mais_recente_preco;numerica;(29089.35, 29169.6];61;20;41;32,78688524590164;17200,0;281,9672131147541;1,524390243902439;25,0814332247557;27,68729641693811;7,705452021145938;254,27991669781596;62,168977981029336;107
192;diferenca_score;numerica;(16.2, 31.4];61;20;41;32,78688524590164;17200,0;281,9672131147541;1,524390243902439;25,0814332247557;27,68729641693811;7,705452021145938;254,27991669781596;62,168977981029336;108
244;compra10;numerica;(7.0, 15.0];60;15;36;25,0;16200,0;270,0;1,5625;17,91530944625407;-1,710097719869707;7,084690553745929;271,7100977198697;62,11376540938569;109
247;compra10;numerica;(7.0, 15.0];60;15;36;25,0;16200,0;270,0;1,5625;17,91530944625407;0,6514657980456026;7,084690553745929;269,3485342019544;62,09728922271188;110
185;nivel_invalidation;numerica;(28860.3, 28958.05];61;18;37;29,508196721311474;15400,0;252,45901639344262;1,5202702702702702;21,824104234527688;8,794788273615636;7,684092486783786;243,664228119827;61,816932487136064;111
188;nivel_invalidation;numerica;(28860.3, 28958.05];61;18;37;29,508196721311474;15400,0;252,45901639344262;1,5202702702702702;21,824104234527688;8,794788273615636;7,684092486783786;243,664228119827;61,816932487136064;112
184;score_compra_base;numerica;(20.0, 33.0];58;17;34;29,310344827586203;15300,0;263,7931034482759;1,5625;20,846905537459286;13,029315960912053;8,463439290126917;250,76378748736383;61,77255321430037;113
187;score_compra_base;numerica;(20.0, 33.0];58;17;34;29,310344827586203;15300,0;263,7931034482759;1,5625;20,846905537459286;13,029315960912053;8,463439290126917;250,76378748736383;61,77255321430037;114
184;venda10;numerica;(-0.001, 6.0];63;18;37;28,57142857142857;15400,0;244,44444444444446;1,5202702702702702;20,846905537459286;13,029315960912053;7,724523033969284;231,4151284835324;61,74754899616707;115
187;venda10;numerica;(-0.001, 6.0];63;18;37;28,57142857142857;15400,0;244,44444444444446;1,5202702702702702;20,846905537459286;13,029315960912053;7,724523033969284;231,4151284835324;61,74754899616707;116
184;nivel_invalidation;numerica;(28860.3, 28958.05];61;17;34;27,86885245901639;15300,0;250,81967213114754;1,5625;20,846905537459286;13,029315960912053;7,021946921557106;237,7903561702355;61,72499382994735;117
187;nivel_invalidation;numerica;(28860.3, 28958.05];61;17;34;27,86885245901639;15300,0;250,81967213114754;1,5625;20,846905537459286;13,029315960912053;7,021946921557106;237,7903561702355;61,72499382994735;118
244;fundo_anterior;numerica;(29083.05, 29167.75];62;15;36;24,193548387096776;16200,0;261,2903225806452;1,5625;17,91530944625407;-1,710097719869707;6,278238940842705;263,00042030051486;61,69156019403813;119
244;topo_anterior;numerica;(29088.75, 29171.25];62;15;36;24,193548387096776;16200,0;261,2903225806452;1,5625;17,91530944625407;-1,710097719869707;6,278238940842705;263,00042030051486;61,69156019403813;120
245;estado_delta_segundos;numerica;(0.041, 0.518];62;15;35;24,193548387096776;17000,0;274,19354838709677;1,6071428571428572;18,892508143322477;1,5472312703583062;5,301040243774299;272,6463171167385;61,68472644966302;121
247;fundo_anterior;numerica;(29083.05, 29167.75];62;15;36;24,193548387096776;16200,0;261,2903225806452;1,5625;17,91530944625407;0,6514657980456026;6,278238940842705;260,6388567825996;61,67500919972592;122
247;topo_anterior;numerica;(29088.75, 29171.25];62;15;36;24,193548387096776;16200,0;261,2903225806452;1,5625;17,91530944625407;0,6514657980456026;6,278238940842705;260,6388567825996;61,67500919972592;123
248;estado_delta_segundos;numerica;(0.041, 0.518];62;15;35;24,193548387096776;17000,0;274,19354838709677;1,6071428571428572;18,892508143322477;3,9087947882736156;5,301040243774299;270,28475359882316;61,66825842257993;124
244;estado_delta_segundos;numerica;(0.041, 0.518];62;14;32;22,58064516129032;16400,0;264,51612903225805;1,640625;17,91530944625407;-1,710097719869707;4,6653357150362496;266,22622675212773;61,46125241035098;125
244;diferenca_score;numerica;(16.2, 31.4];61;15;37;24,59016393442623;15400,0;252,45901639344262;1,5202702702702702;17,91530944625407;-1,710097719869707;6,6748544881721585;254,16911411331233;61,44629574886848;126
247;estado_delta_segundos;numerica;(0.041, 0.518];62;14;32;22,58064516129032;16400,0;264,51612903225805;1,640625;17,91530944625407;0,6514657980456026;4,6653357150362496;263,86466323421246;61,44472888951168;127
247;diferenca_score;numerica;(16.2, 31.4];61;15;37;24,59016393442623;15400,0;252,45901639344262;1,5202702702702702;17,91530944625407;0,6514657980456026;6,6748544881721585;251,80755059539703;61,429670962203;128
244;score_venda;numerica;(14.0, 27.0];60;14;33;23,333333333333332;15600,0;260,0;1,5909090909090908;17,91530944625407;-1,710097719869707;5,418023887079261;261,7100977198697;61,37621022588955;129
185;saldo30;numerica;(-4.0, 8.0];61;18;38;29,508196721311474;14600,0;239,34426229508196;1,480263157894737;21,824104234527688;8,794788273615636;7,684092486783786;230,54947402146632;61,374044546026575;130
188;saldo30;numerica;(-4.0, 8.0];61;18;38;29,508196721311474;14600,0;239,34426229508196;1,480263157894737;21,824104234527688;8,794788273615636;7,684092486783786;230,54947402146632;61,374044546026575;131
184;desloc15;numerica;(-3.7, -0.25];69;19;39;27,536231884057973;16300,0;236,231884057971;1,5224358974358974;20,846905537459286;13,029315960912053;6,689326346598687;223,20256809705896;61,36857572853967;132
187;desloc15;numerica;(-3.7, -0.25];69;19;39;27,536231884057973;16300,0;236,231884057971;1,5224358974358974;20,846905537459286;13,029315960912053;6,689326346598687;223,20256809705896;61,36857572853967;133
247;score_venda;numerica;(14.0, 27.0];60;14;33;23,333333333333332;15600,0;260,0;1,5909090909090908;17,91530944625407;0,6514657980456026;5,418023887079261;259,3485342019544;61,35964831955816;134
184;fundo_30s;numerica;(28857.2, 28951.2];61;17;35;27,86885245901639;14500,0;237,70491803278688;1,5178571428571428;20,846905537459286;13,029315960912053;7,021946921557106;224,67560207187483;61,25391211860453;135
187;fundo_30s;numerica;(28857.2, 28951.2];61;17;35;27,86885245901639;14500,0;237,70491803278688;1,5178571428571428;20,846905537459286;13,029315960912053;7,021946921557106;224,67560207187483;61,25391211860453;136
245;score_venda;numerica;(14.0, 27.0];60;15;37;25,0;15400,0;256,6666666666667;1,5202702702702702;18,892508143322477;1,5472312703583062;6,107491856677523;255,11943539630838;61,196416296264566;137
248;score_venda;numerica;(14.0, 27.0];60;15;37;25,0;15400,0;256,6666666666667;1,5202702702702702;18,892508143322477;3,9087947882736156;6,107491856677523;252,75787187839308;61,17979934941088;138
245;nivel_invalidation;numerica;(29087.3, 29172.85];61;15;37;24,59016393442623;15400,0;252,45901639344262;1,5202702702702702;18,892508143322477;1,5472312703583062;5,697655791103752;250,91178512308431;60,97874395826921;139
191;compra30;numerica;(28.0, 43.4];59;19;40;32,20338983050847;15500,0;262,7118644067797;1,484375;25,0814332247557;27,68729641693811;7,1219566057527715;235,02456798984156;60,9748484652967;140
192;compra30;numerica;(28.0, 43.4];59;19;40;32,20338983050847;15500,0;262,7118644067797;1,484375;25,0814332247557;27,68729641693811;7,1219566057527715;235,02456798984156;60,9748484652967;141
248;nivel_invalidation;numerica;(29087.3, 29172.85];61;15;37;24,59016393442623;15400,0;252,45901639344262;1,5202702702702702;18,892508143322477;3,9087947882736156;5,697655791103752;248,550221605169;60,96209248602067;142
185;score_compra_base;numerica;(20.0, 33.0];58;17;35;29,310344827586203;14500,0;250,0;1,5178571428571428;21,824104234527688;8,794788273615636;7,486240593058515;241,20521172638436;60,908817070352015;143
188;score_compra_base;numerica;(20.0, 33.0];58;17;35;29,310344827586203;14500,0;250,0;1,5178571428571428;21,824104234527688;8,794788273615636;7,486240593058515;241,20521172638436;60,908817070352015;144
184;rompimento_venda;numerica;(-3.5, -1.25];63;17;35;26,984126984126984;14500,0;230,15873015873015;1,5178571428571428;20,846905537459286;13,029315960912053;6,137221446667699;217,1294141978181;60,80229472051427;145
187;rompimento_venda;numerica;(-3.5, -1.25];63;17;35;26,984126984126984;14500,0;230,15873015873015;1,5178571428571428;20,846905537459286;13,029315960912053;6,137221446667699;217,1294141978181;60,80229472051427;146
245;score_venda;numerica;(42.2, 65.0];62;16;42;25,806451612903224;14400,0;232,25806451612902;1,4285714285714286;18,892508143322477;1,5472312703583062;6,913943469580747;230,71083324577071;60,699437288884745;147
248;score_venda;numerica;(42.2, 65.0];62;16;42;25,806451612903224;14400,0;232,25806451612902;1,4285714285714286;18,892508143322477;3,9087947882736156;6,913943469580747;228,34926972785541;60,68262687289001;148
185;compra30;numerica;(28.0, 43.4];59;17;36;28,8135593220339;13700,0;232,20338983050848;1,4756944444444444;21,824104234527688;8,794788273615636;6,989455087506212;223,40860155689285;60,533217275531044;149
188;compra30;numerica;(28.0, 43.4];59;17;36;28,8135593220339;13700,0;232,20338983050848;1,4756944444444444;21,824104234527688;8,794788273615636;6,989455087506212;223,40860155689285;60,533217275531044;150
185;venda10;numerica;(-0.001, 6.0];63;18;39;28,57142857142857;13800,0;219,04761904761904;1,4423076923076923;21,824104234527688;8,794788273615636;6,747324336900881;210,2528307740034;60,478142417965245;151
185;rompimento_venda;numerica;(-3.5, -1.25];63;18;39;28,57142857142857;13800,0;219,04761904761904;1,4423076923076923;21,824104234527688;8,794788273615636;6,747324336900881;210,2528307740034;60,478142417965245;152
188;venda10;numerica;(-0.001, 6.0];63;18;39;28,57142857142857;13800,0;219,04761904761904;1,4423076923076923;21,824104234527688;8,794788273615636;6,747324336900881;210,2528307740034;60,478142417965245;153
188;rompimento_venda;numerica;(-3.5, -1.25];63;18;39;28,57142857142857;13800,0;219,04761904761904;1,4423076923076923;21,824104234527688;8,794788273615636;6,747324336900881;210,2528307740034;60,478142417965245;154
245;score_compra;numerica;(37.0, 51.0];60;14;34;23,333333333333332;14800,0;246,66666666666666;1,5441176470588236;18,892508143322477;1,5472312703583062;4,440825190010855;245,11943539630835;60,409132668185016;155
248;score_compra;numerica;(37.0, 51.0];60;14;34;23,333333333333332;14800,0;246,66666666666666;1,5441176470588236;18,892508143322477;3,9087947882736156;4,440825190010855;242,75787187839305;60,3924344596684;156
244;score_venda;numerica;(42.2, 65.0];62;15;39;24,193548387096776;13800,0;222,58064516129033;1,4423076923076923;17,91530944625407;-1,710097719869707;6,278238940842705;224,29074288116004;60,367284591977196;157
247;score_venda;numerica;(42.2, 65.0];62;15;39;24,193548387096776;13800,0;222,58064516129033;1,4423076923076923;17,91530944625407;0,6514657980456026;6,278238940842705;221,92917936324474;60,35042607393456;158
185;diferenca_score;numerica;(31.4, 48.0];62;18;40;29,03225806451613;13000,0;209,67741935483872;1,40625;21,824104234527688;8,794788273615636;7,208153829988444;200,88263108122308;60,28712302841096;159
188;diferenca_score;numerica;(31.4, 48.0];62;18;40;29,03225806451613;13000,0;209,67741935483872;1,40625;21,824104234527688;8,794788273615636;7,208153829988444;200,88263108122308;60,28712302841096;160
248;topo_30s;numerica;(29178.4, 29353.25];62;16;43;25,806451612903224;13600,0;219,3548387096774;1,3953488372093024;18,892508143322477;3,9087947882736156;6,913943469580747;215,4460439214038;60,28007019149585;161
191;ajuste_estrutura;numerica;(-10.001, -6.0];74;23;51;31,08108108108108;16700,0;225,67567567567568;1,4093137254901962;25,0814332247557;27,68729641693811;5,999647856325382;197,98837925873755;60,25048482176982;162
192;ajuste_estrutura;numerica;(-10.001, -6.0];74;23;51;31,08108108108108;16700,0;225,67567567567568;1,4093137254901962;25,0814332247557;27,68729641693811;5,999647856325382;197,98837925873755;60,25048482176982;163
247;score_compra_base;numerica;(20.0, 33.0];58;14;35;24,137931034482758;14000,0;241,3793103448276;1,5;17,91530944625407;0,6514657980456026;6,222621588228687;240,727844546782;60,16615209701793;164
184;score_base_dna;numerica;(11.999, 41.2];62;17;37;27,419354838709676;12900,0;208,06451612903226;1,4358108108108107;20,846905537459286;13,029315960912053;6,572449301250391;195,0352001681202;60,12536351066097;165
187;score_base_dna;numerica;(11.999, 41.2];62;17;37;27,419354838709676;12900,0;208,06451612903226;1,4358108108108107;20,846905537459286;13,029315960912053;6,572449301250391;195,0352001681202;60,12536351066097;166
191;gate_aceleracao;categorica;False;130;39;91;30,0;24700,0;190,0;1,3392857142857142;25,0814332247557;27,68729641693811;4,918566775244301;162,31270358306188;60,0837455126448;167
192;gate_aceleracao;categorica;False;130;39;91;30,0;24700,0;190,0;1,3392857142857142;25,0814332247557;27,68729641693811;4,918566775244301;162,31270358306188;60,0837455126448;168
245;topo_30s;numerica;(29178.4, 29353.25];62;16;43;25,806451612903224;12875,0;207,66129032258064;1,3742732558139534;18,892508143322477;1,5472312703583062;6,913943469580747;206,11405905222233;59,985178377264745;169
244;score_compra_base;numerica;(20.0, 33.0];58;14;35;24,137931034482758;13575,0;234,05172413793105;1,4848214285714285;17,91530944625407;-1,710097719869707;6,222621588228687;235,76182185780075;59,98073428222712;170
185;diferenca_score;numerica;(16.2, 31.4];61;17;37;27,86885245901639;12900,0;211,47540983606558;1,4358108108108107;21,824104234527688;8,794788273615636;6,044748224488703;202,68062156244994;59,94125844519021;171
188;diferenca_score;numerica;(16.2, 31.4];61;17;37;27,86885245901639;12900,0;211,47540983606558;1,4358108108108107;21,824104234527688;8,794788273615636;6,044748224488703;202,68062156244994;59,94125844519021;172
191;ultimo_fundo;numerica;(29085.7, 29168.85];61;19;42;31,147540983606557;13900,0;227,86885245901638;1,4136904761904763;25,0814332247557;27,68729641693811;6,066107758850858;200,18155604207828;59,94000977733708;173
191;nivel_invalidation;numerica;(28860.3, 28958.05];61;19;42;31,147540983606557;13900,0;227,86885245901638;1,4136904761904763;25,0814332247557;27,68729641693811;6,066107758850858;200,18155604207828;59,94000977733708;174
191;ultimo_topo;numerica;(29092.05, 29172.95];61;19;42;31,147540983606557;13900,0;227,86885245901638;1,4136904761904763;25,0814332247557;27,68729641693811;6,066107758850858;200,18155604207828;59,94000977733708;175
191;topo_anterior;numerica;(28867.3, 28963.85];61;19;42;31,147540983606557;13900,0;227,86885245901638;1,4136904761904763;25,0814332247557;27,68729641693811;6,066107758850858;200,18155604207828;59,94000977733708;176
192;ultimo_fundo;numerica;(29085.7, 29168.85];61;19;42;31,147540983606557;13900,0;227,86885245901638;1,4136904761904763;25,0814332247557;27,68729641693811;6,066107758850858;200,18155604207828;59,94000977733708;177
192;nivel_invalidation;numerica;(28860.3, 28958.05];61;19;42;31,147540983606557;13900,0;227,86885245901638;1,4136904761904763;25,0814332247557;27,68729641693811;6,066107758850858;200,18155604207828;59,94000977733708;178
192;ultimo_topo;numerica;(29092.05, 29172.95];61;19;42;31,147540983606557;13900,0;227,86885245901638;1,4136904761904763;25,0814332247557;27,68729641693811;6,066107758850858;200,18155604207828;59,94000977733708;179
192;topo_anterior;numerica;(28867.3, 28963.85];61;19;42;31,147540983606557;13900,0;227,86885245901638;1,4136904761904763;25,0814332247557;27,68729641693811;6,066107758850858;200,18155604207828;59,94000977733708;180
247;diferenca_score;numerica;(31.4, 48.0];62;15;40;24,193548387096776;13000,0;209,67741935483872;1,40625;17,91530944625407;0,6514657980456026;6,278238940842705;209,02595355679313;59,92988887597002;181
247;score_compra;numerica;(22.0, 37.0];59;15;41;25,423728813559322;12200,0;206,77966101694915;1,3719512195121952;17,91530944625407;0,6514657980456026;7,508419367305251;206,12819521890356;59,804575975758986;182
244;nivel_invalidation;numerica;(29087.3, 29172.85];61;14;36;22,950819672131146;13200,0;216,39344262295083;1,4583333333333333;17,91530944625407;-1,710097719869707;5,035510225877076;218,10354034282054;59,76144052474045;183
244;topo_30s;numerica;(29093.4, 29178.4];61;14;36;22,950819672131146;13200,0;216,39344262295083;1,4583333333333333;17,91530944625407;-1,710097719869707;5,035510225877076;218,10354034282054;59,76144052474045;184
185;saldo10;numerica;(4.6, 15.0];67;19;43;28,35820895522388;13100,0;195,52238805970148;1,380813953488372;21,824104234527688;8,794788273615636;6,534104720696192;186,72759978608585;59,74609910393293;185
188;saldo10;numerica;(4.6, 15.0];67;19;43;28,35820895522388;13100,0;195,52238805970148;1,380813953488372;21,824104234527688;8,794788273615636;6,534104720696192;186,72759978608585;59,74609910393293;186
247;nivel_invalidation;numerica;(29087.3, 29172.85];61;14;36;22,950819672131146;13200,0;216,39344262295083;1,4583333333333333;17,91530944625407;0,6514657980456026;5,035510225877076;215,74197682490524;59,74453677434285;187
247;topo_30s;numerica;(29093.4, 29178.4];61;14;36;22,950819672131146;13200,0;216,39344262295083;1,4583333333333333;17,91530944625407;0,6514657980456026;5,035510225877076;215,74197682490524;59,74453677434285;188
184;amplitude_swings;numerica;(10.25, 12.4];57;16;34;28,07017543859649;12800,0;224,56140350877192;1,4705882352941178;20,846905537459286;13,029315960912053;7,223269901137204;211,53208754785987;59,72828578136389;189
187;amplitude_swings;numerica;(10.25, 12.4];57;16;34;28,07017543859649;12800,0;224,56140350877192;1,4705882352941178;20,846905537459286;13,029315960912053;7,223269901137204;211,53208754785987;59,72828578136389;190
248;score_compra_base;numerica;(20.0, 33.0];58;14;35;24,137931034482758;14000,0;241,3793103448276;1,5;18,892508143322477;3,9087947882736156;5,245422891160281;237,47051555655398;59,6925956999883;191
184;nivel_invalidation;numerica;(29172.85, 29351.0];62;17;38;27,419354838709676;12100,0;195,16129032258064;1,3980263157894737;20,846905537459286;13,029315960912053;6,572449301250391;182,1319743616686;59,69244537023092;192
187;nivel_invalidation;numerica;(29172.85, 29351.0];62;17;38;27,419354838709676;12100,0;195,16129032258064;1,3980263157894737;20,846905537459286;13,029315960912053;6,572449301250391;182,1319743616686;59,69244537023092;193
244;diferenca_score;numerica;(31.4, 48.0];62;15;40;24,193548387096776;12275,0;197,98387096774192;1,38359375;17,91530944625407;-1,710097719869707;6,278238940842705;199,69396868761163;59,624718590110575;194
244;score_compra;numerica;(37.0, 51.0];60;13;32;21,666666666666668;13400,0;223,33333333333334;1,5234375;17,91530944625407;-1,710097719869707;3,751357220412597;225,04343105320305;59,617731974290415;195
184;score_compra;numerica;(22.0, 37.0];59;17;39;28,8135593220339;11300,0;191,52542372881356;1,3621794871794872;20,846905537459286;13,029315960912053;7,966653784574614;178,49610776790152;59,616359818690384;196
187;score_compra;numerica;(22.0, 37.0];59;17;39;28,8135593220339;11300,0;191,52542372881356;1,3621794871794872;20,846905537459286;13,029315960912053;7,966653784574614;178,49610776790152;59,616359818690384;197
244;amplitude_swings;numerica;(10.25, 12.4];57;14;36;24,561403508771928;13200,0;231,57894736842104;1,4583333333333333;17,91530944625407;-1,710097719869707;6,646094062517857;233,28904508829075;59,60975192716789;198
247;score_compra;numerica;(37.0, 51.0];60;13;32;21,666666666666668;13400,0;223,33333333333334;1,5234375;17,91530944625407;0,6514657980456026;3,751357220412597;222,68186753528775;59,600879034467255;199
247;amplitude_swings;numerica;(10.25, 12.4];57;14;36;24,561403508771928;13200,0;231,57894736842104;1,4583333333333333;17,91530944625407;0,6514657980456026;6,646094062517857;230,92748157037545;59,59296115951636;200
