entrada_hora;entrada_preco;lado;tp;sl;protecao_pct;protegido_ativado;mfe;mae;score_entrada;score_oposto;diferenca_score;ajuste_estrutura;estrutura;estrutura_bruta;saida_hora;saida_preco;tempo_s;status;resultado_mt5;mfe_mt5;mae_mt5
2026-07-17 17:45:02;28764,0;COMPRA;2000;1200;0,6;True;1525,0;0,0;100;12;88;8;ALTA;BAIXA;2026-07-19 19:00:25;28779,25;177323,0;TIMEOUT;1525,0;1525,0;0,0
2026-07-19 19:02:21;28803,0;VENDA;2000;1200;0,6;True;2325,0;0,0;100;0;100;12;BAIXA;BAIXA;2026-07-19 19:03:06;28779,75;45,0;GAIN;2000,0;2325,0;0,0
2026-07-19 19:07:21;28724,5;VENDA;2000;1200;0,6;False;25,0;-2125,0;100;0;100;12;BAIXA;BAIXA;2026-07-19 19:15:41;28745,75;500,0;LOSS;-1200,0;25,0;-2125,0
2026-07-19 19:16:28;28753,5;COMPRA;2000;1200;0,6;True;4550,0;0,0;100;2;98;8;ALTA;BAIXA;2026-07-19 19:20:44;28799,0;256,0;GAIN;2000,0;4550,0;0,0
2026-07-19 19:24:49;28786,5;VENDA;2000;1200;0,6;True;2100,0;0,0;100;0;100;12;BAIXA;BAIXA;2026-07-19 19:26:35;28765,5;106,0;GAIN;2000,0;2100,0;0,0
2026-07-19 19:26:46;28773,75;COMPRA;2000;1200;0,6;True;3350,0;-875,0;97;12;85;-2;BAIXA;ALTA;2026-07-19 19:33:29;28807,25;403,0;GAIN;2000,0;3350,0;-875,0
2026-07-19 19:36:15;28815,75;VENDA;2000;1200;0,6;False;0,0;-3325,0;100;0;100;12;BAIXA;BAIXA;2026-07-19 19:44:27;28849,0;492,0;LOSS;-1200,0;0,0;-3325,0
2026-07-19 19:46:14;28840,75;COMPRA;2000;1200;0,6;False;0,0;-2850,0;97;12;85;-2;BAIXA;ALTA;2026-07-19 19:59:17;28812,25;783,0;LOSS;-1200,0;0,0;-2850,0
2026-07-19 20:06:17;28815,5;COMPRA;2000;1200;0,6;True;1700,0;-250,0;93;12;81;-6;BAIXA;TRANSICAO;2026-07-19 20:14:20;28813,0;483,0;PROTEGIDO;0,0;1700,0;-250,0
2026-07-19 20:26:54;28802,0;VENDA;2000;1200;0,6;False;0,0;-2825,0;85;12;73;-6;ALTA;TRANSICAO;2026-07-19 20:35:58;28830,25;544,0;LOSS;-1200,0;0,0;-2825,0
2026-07-19 20:37:44;28812,75;VENDA;2000;1200;0,6;False;0,0;-3600,0;100;0;100;12;BAIXA;BAIXA;2026-07-19 20:43:04;28848,75;320,0;LOSS;-1200,0;0,0;-3600,0
2026-07-19 20:43:15;28855,5;COMPRA;2000;1200;0,6;False;0,0;-2950,0;100;0;100;12;ALTA;ALTA;2026-07-19 20:46:02;28826,0;167,0;LOSS;-1200,0;0,0;-2950,0
2026-07-19 20:51:46;28853,5;COMPRA;2000;1200;0,6;True;1800,0;-2225,0;99;0;99;8;ALTA;TRANSICAO;2026-07-19 21:00:53;28831,25;547,0;PROTEGIDO;0,0;1800,0;-2225,0
2026-07-19 21:02:41;28825,0;COMPRA;2000;1200;0,6;True;2000,0;0,0;93;16;77;-6;BAIXA;BAIXA;2026-07-19 21:03:29;28845,0;48,0;GAIN;2000,0;2000,0;0,0
2026-07-19 21:04:53;28869,75;COMPRA;2000;1200;0,6;True;2450,0;0,0;100;0;100;8;ALTA;TRANSICAO;2026-07-19 21:05:52;28894,25;59,0;GAIN;2000,0;2450,0;0,0
2026-07-19 21:08:51;28922,5;COMPRA;2000;1200;0,6;True;2225,0;0,0;100;0;100;8;ALTA;TRANSICAO;2026-07-19 21:12:02;28944,75;191,0;GAIN;2000,0;2225,0;0,0
2026-07-19 21:13:14;28939,5;COMPRA;2000;1200;0,6;True;1700,0;-550,0;100;0;100;12;ALTA;ALTA;2026-07-19 21:29:47;28934,0;993,0;PROTEGIDO;0,0;1700,0;-550,0
2026-07-19 21:32:22;28897,75;VENDA;2000;1200;0,6;True;1550,0;-475,0;100;0;100;8;BAIXA;TRANSICAO;2026-07-19 21:36:47;28902,5;265,0;PROTEGIDO;0,0;1550,0;-475,0
2026-07-19 21:40:12;28895,75;VENDA;2000;1200;0,6;False;0,0;-3025,0;100;0;100;12;BAIXA;BAIXA;2026-07-19 21:42:24;28926,0;132,0;LOSS;-1200,0;0,0;-3025,0
2026-07-19 21:43:11;28914,75;VENDA;2000;1200;0,6;True;2050,0;0,0;93;12;81;-6;ALTA;TRANSICAO;2026-07-19 21:44:36;28894,25;85,0;GAIN;2000,0;2050,0;0,0
2026-07-19 21:45:24;28868,5;VENDA;2000;1200;0,6;False;25,0;-1250,0;100;0;100;8;BAIXA;TRANSICAO;2026-07-19 22:01:27;28881,0;963,0;LOSS;-1200,0;25,0;-1250,0
2026-07-19 22:05:41;28872,25;COMPRA;2000;1200;0,6;True;2025,0;0,0;85;16;69;-6;BAIXA;BAIXA;2026-07-19 22:06:29;28892,5;48,0;GAIN;2000,0;2025,0;0,0
2026-07-19 22:20:01;28832,0;VENDA;2000;1200;0,6;False;0,0;-2900,0;100;0;100;12;BAIXA;BAIXA;2026-07-19 22:22:50;28861,0;169,0;LOSS;-1200,0;0,0;-2900,0
2026-07-19 22:25:16;28859,25;VENDA;2000;1200;0,6;True;2750,0;0,0;97;12;85;-2;ALTA;BAIXA;2026-07-19 22:29:06;28831,75;230,0;GAIN;2000,0;2750,0;0,0
2026-07-19 22:48:58;28808,5;COMPRA;2000;1200;0,6;False;0,0;-3425,0;100;0;100;8;ALTA;TRANSICAO;2026-07-19 22:54:15;28774,25;317,0;LOSS;-1200,0;0,0;-3425,0
2026-07-19 22:57:06;28782,5;COMPRA;2000;1200;0,6;True;2050,0;0,0;100;1;99;8;ALTA;TRANSICAO;2026-07-19 22:59:44;28803,0;158,0;GAIN;2000,0;2050,0;0,0
2026-07-19 23:00:58;28830,75;COMPRA;2000;1200;0,6;True;2400,0;0,0;100;0;100;12;ALTA;ALTA;2026-07-19 23:01:47;28854,75;49,0;GAIN;2000,0;2400,0;0,0
2026-07-19 23:03:37;28859,75;VENDA;2000;1200;0,6;True;2525,0;0,0;93;12;81;-6;ALTA;TRANSICAO;2026-07-19 23:14:26;28834,5;649,0;GAIN;2000,0;2525,0;0,0
2026-07-19 23:15:52;28824,75;VENDA;2000;1200;0,6;True;2225,0;0,0;100;1;99;12;BAIXA;BAIXA;2026-07-19 23:21:11;28802,5;319,0;GAIN;2000,0;2225,0;0,0
2026-07-19 23:31:18;28851,75;COMPRA;2000;1200;0,6;True;2050,0;0,0;98;3;95;12;ALTA;ALTA;2026-07-19 23:33:46;28872,25;148,0;GAIN;2000,0;2050,0;0,0
2026-07-19 23:36:28;28880,75;COMPRA;2000;1200;0,6;True;2325,0;0,0;97;12;85;-2;BAIXA;ALTA;2026-07-19 23:43:08;28904,0;400,0;GAIN;2000,0;2325,0;0,0
2026-07-19 23:46:55;28916,25;COMPRA;2000;1200;0,6;True;1275,0;-425,0;100;0;100;8;ALTA;TRANSICAO;2026-07-19 23:51:59;28912,0;304,0;PROTEGIDO;0,0;1275,0;-425,0
2026-07-19 23:57:55;28884,0;VENDA;2000;1200;0,6;True;2025,0;0,0;97;12;85;-2;ALTA;BAIXA;2026-07-20 00:07:01;28863,75;546,0;GAIN;2000,0;2025,0;0,0
2026-07-20 00:23:33;28865,0;VENDA;2000;1200;0,6;False;0,0;-3125,0;100;0;100;12;BAIXA;BAIXA;2026-07-20 00:25:02;28896,25;89,0;LOSS;-1200,0;0,0;-3125,0
2026-07-20 00:27:20;28873,0;VENDA;2000;1200;0,6;True;1300,0;-1375,0;97;12;85;-2;ALTA;BAIXA;2026-07-20 00:38:03;28886,75;643,0;PROTEGIDO;0,0;1300,0;-1375,0
2026-07-20 00:51:07;28919,5;COMPRA;2000;1200;0,6;True;1625,0;-575,0;100;0;100;12;ALTA;ALTA;2026-07-20 00:56:35;28913,75;328,0;PROTEGIDO;0,0;1625,0;-575,0
2026-07-20 01:06:40;28883,25;VENDA;2000;1200;0,6;True;2250,0;0,0;100;2;98;8;BAIXA;ALTA;2026-07-20 01:15:29;28860,75;529,0;GAIN;2000,0;2250,0;0,0
2026-07-20 01:17:35;28854,75;VENDA;2000;1200;0,6;False;0,0;-3425,0;100;0;100;12;BAIXA;BAIXA;2026-07-20 01:27:17;28889,0;582,0;LOSS;-1200,0;0,0;-3425,0
2026-07-20 01:34:03;28911,5;VENDA;2000;1200;0,6;False;0,0;-2650,0;100;8;92;12;BAIXA;BAIXA;2026-07-20 01:48:51;28938,0;888,0;LOSS;-1200,0;0,0;-2650,0
2026-07-20 02:00:54;28886,5;VENDA;2000;1200;0,6;True;2150,0;0,0;100;1;99;12;BAIXA;BAIXA;2026-07-20 02:06:11;28865,0;317,0;GAIN;2000,0;2150,0;0,0
2026-07-20 02:06:36;28868,5;COMPRA;2000;1200;0,6;False;0,0;-3500,0;98;15;83;-2;BAIXA;ALTA;2026-07-20 02:11:28;28833,5;292,0;LOSS;-1200,0;0,0;-3500,0
2026-07-20 02:11:41;28826,0;VENDA;2000;1200;0,6;False;0,0;-3450,0;100;7;93;8;BAIXA;TRANSICAO;2026-07-20 02:14:25;28860,5;164,0;LOSS;-1200,0;0,0;-3450,0
2026-07-20 02:30:16;28824,0;VENDA;2000;1200;0,6;True;1750,0;-350,0;100;3;97;12;BAIXA;BAIXA;2026-07-20 02:47:56;28827,5;1060,0;PROTEGIDO;0,0;1750,0;-350,0
2026-07-20 02:55:16;28789,0;VENDA;2000;1200;0,6;False;0,0;-3075,0;100;2;98;12;BAIXA;BAIXA;2026-07-20 02:58:25;28819,75;189,0;LOSS;-1200,0;0,0;-3075,0
2026-07-20 03:15:28;28779,75;VENDA;2000;1200;0,6;False;0,0;-3550,0;100;0;100;12;BAIXA;BAIXA;2026-07-20 03:20:57;28815,25;329,0;LOSS;-1200,0;0,0;-3550,0
2026-07-20 03:21:35;28799,5;VENDA;2000;1200;0,6;True;2325,0;0,0;97;12;85;-2;ALTA;BAIXA;2026-07-20 03:24:57;28776,25;202,0;GAIN;2000,0;2325,0;0,0
2026-07-20 03:39:29;28771,0;VENDA;2000;1200;0,6;False;0,0;-3525,0;87;18;69;-6;ALTA;ALTA;2026-07-20 03:41:48;28806,25;139,0;LOSS;-1200,0;0,0;-3525,0
2026-07-20 03:44:20;28801,5;COMPRA;2000;1200;0,6;True;2075,0;0,0;93;16;77;-6;BAIXA;BAIXA;2026-07-20 04:00:50;28822,25;990,0;GAIN;2000,0;2075,0;0,0
2026-07-20 04:04:26;28833,5;COMPRA;2000;1200;0,6;False;0,0;-3150,0;93;12;81;-6;BAIXA;TRANSICAO;2026-07-20 04:18:15;28802,0;829,0;LOSS;-1200,0;0,0;-3150,0
2026-07-20 04:26:32;28855,25;COMPRA;2000;1200;0,6;True;2125,0;0,0;100;0;100;12;ALTA;ALTA;2026-07-20 04:29:31;28876,5;179,0;GAIN;2000,0;2125,0;0,0
2026-07-20 04:31:13;28886,75;VENDA;2000;1200;0,6;False;0,0;-2875,0;92;15;77;-2;ALTA;BAIXA;2026-07-20 04:35:04;28915,5;231,0;LOSS;-1200,0;0,0;-2875,0
2026-07-20 04:36:08;28902,75;VENDA;2000;1200;0,6;True;2025,0;-1075,0;94;18;76;-6;ALTA;TRANSICAO;2026-07-20 04:50:39;28882,5;871,0;GAIN;2000,0;2025,0;-1075,0
2026-07-20 04:56:11;28900,25;COMPRA;2000;1200;0,6;True;2600,0;0,0;100;1;99;12;ALTA;ALTA;2026-07-20 05:00:28;28926,25;257,0;GAIN;2000,0;2600,0;0,0
2026-07-20 05:01:32;28917,25;VENDA;2000;1200;0,6;True;2250,0;0,0;100;0;100;12;BAIXA;BAIXA;2026-07-20 05:08:22;28894,75;410,0;GAIN;2000,0;2250,0;0,0
2026-07-20 05:18:11;28916,75;VENDA;2000;1200;0,6;True;2000,0;0,0;100;6;94;12;BAIXA;BAIXA;2026-07-20 05:27:59;28896,75;588,0;GAIN;2000,0;2000,0;0,0
2026-07-20 06:24:42;28905,25;VENDA;2000;1200;0,6;False;0,0;-3000,0;94;22;72;-6;ALTA;TRANSICAO;2026-07-20 06:43:11;28935,25;1109,0;LOSS;-1200,0;0,0;-3000,0
2026-07-20 06:46:10;28945,75;VENDA;2000;1200;0,6;False;0,0;-4725,0;94;26;68;-6;ALTA;ALTA;2026-07-20 06:52:59;28993,0;409,0;LOSS;-1200,0;0,0;-4725,0
2026-07-20 06:53:12;28998,0;COMPRA;2000;1200;0,6;False;0,0;-2750,0;100;13;87;12;ALTA;ALTA;2026-07-20 06:55:07;28970,5;115,0;LOSS;-1200,0;0,0;-2750,0
2026-07-20 07:00:54;28947,5;VENDA;2000;1200;0,6;True;2275,0;0,0;100;8;92;12;BAIXA;BAIXA;2026-07-20 07:15:18;28924,75;864,0;GAIN;2000,0;2275,0;0,0
2026-07-20 07:41:40;28969,5;COMPRA;2000;1200;0,6;True;3175,0;0,0;100;6;94;8;ALTA;TRANSICAO;2026-07-20 08:09:13;29001,25;1653,0;GAIN;2000,0;3175,0;0,0
2026-07-20 08:15:47;29007,0;VENDA;2000;1200;0,6;True;1650,0;-2575,0;94;22;72;-6;ALTA;TRANSICAO;2026-07-20 08:30:37;29032,75;890,0;PROTEGIDO;0,0;1650,0;-2575,0
2026-07-20 08:32:34;29082,0;COMPRA;2000;1200;0,6;True;2025,0;-50,0;100;0;100;12;ALTA;ALTA;2026-07-20 08:35:39;29102,25;185,0;GAIN;2000,0;2025,0;-50,0
2026-07-20 08:37:50;29086,5;VENDA;2000;1200;0,6;True;2200,0;0,0;98;21;77;-2;ALTA;BAIXA;2026-07-20 08:48:32;29064,5;642,0;GAIN;2000,0;2200,0;0,0
2026-07-20 08:54:54;29084,25;COMPRA;2000;1200;0,6;False;0,0;-4075,0;100;8;92;12;ALTA;ALTA;2026-07-20 10:08:57;29043,5;4443,0;LOSS;-1200,0;0,0;-4075,0
2026-07-20 10:11:38;29057,0;COMPRA;2000;1200;0,6;False;0,0;-2900,0;100;8;92;8;ALTA;TRANSICAO;2026-07-20 10:14:31;29028,0;173,0;LOSS;-1200,0;0,0;-2900,0
2026-07-20 10:26:27;29051,75;COMPRA;2000;1200;0,6;True;2750,0;0,0;98;22;76;-2;BAIXA;ALTA;2026-07-20 10:31:46;29079,25;319,0;GAIN;2000,0;2750,0;0,0
2026-07-20 10:34:00;29118,25;COMPRA;2000;1200;0,6;True;2650,0;0,0;100;8;92;12;ALTA;ALTA;2026-07-20 10:35:51;29144,75;111,0;GAIN;2000,0;2650,0;0,0
2026-07-20 10:37:04;29146,25;COMPRA;2000;1200;0,6;True;1375,0;-1225,0;100;8;92;12;ALTA;ALTA;2026-07-20 10:39:31;29134,0;147,0;PROTEGIDO;0,0;1375,0;-1225,0
2026-07-20 10:43:35;29165,75;COMPRA;2000;1200;0,6;True;2175,0;0,0;100;8;92;12;ALTA;ALTA;2026-07-20 10:45:37;29187,5;122,0;GAIN;2000,0;2175,0;0,0
2026-07-20 10:46:13;29167,75;VENDA;2000;1200;0,6;True;2200,0;0,0;98;22;76;-2;ALTA;BAIXA;2026-07-20 10:47:38;29145,75;85,0;GAIN;2000,0;2200,0;0,0
2026-07-20 10:51:51;29078,75;VENDA;2000;1200;0,6;True;2900,0;0,0;100;8;92;12;BAIXA;BAIXA;2026-07-20 10:52:52;29049,75;61,0;GAIN;2000,0;2900,0;0,0
2026-07-20 11:02:17;28998,75;COMPRA;2000;1200;0,6;True;2125,0;0,0;100;8;92;12;ALTA;ALTA;2026-07-20 11:03:17;29020,0;60,0;GAIN;2000,0;2125,0;0,0
2026-07-20 11:04:52;29025,0;VENDA;2000;1200;0,6;True;2200,0;0,0;98;22;76;-2;ALTA;BAIXA;2026-07-20 11:06:40;29003,0;108,0;GAIN;2000,0;2200,0;0,0
2026-07-20 11:08:53;29000,25;VENDA;2000;1200;0,6;True;2125,0;0,0;100;8;92;8;BAIXA;TRANSICAO;2026-07-20 11:10:40;28979,0;107,0;GAIN;2000,0;2125,0;0,0
2026-07-20 11:10:52;28968,75;VENDA;2000;1200;0,6;True;2400,0;0,0;100;13;87;8;BAIXA;TRANSICAO;2026-07-20 11:12:16;28944,75;84,0;GAIN;2000,0;2400,0;0,0
2026-07-20 11:15:57;28997,25;COMPRA;2000;1200;0,6;False;0,0;-3100,0;94;22;72;-6;BAIXA;TRANSICAO;2026-07-20 11:17:11;28966,25;74,0;LOSS;-1200,0;0,0;-3100,0
2026-07-20 11:18:13;28946,5;VENDA;2000;1200;0,6;True;2475,0;0,0;100;8;92;12;BAIXA;BAIXA;2026-07-20 11:21:19;28921,75;186,0;GAIN;2000,0;2475,0;0,0
2026-07-20 11:23:11;28945,0;COMPRA;2000;1200;0,6;True;2775,0;0,0;94;22;72;-6;BAIXA;TRANSICAO;2026-07-20 11:24:00;28972,75;49,0;GAIN;2000,0;2775,0;0,0
2026-07-20 11:26:05;28999,0;COMPRA;2000;1200;0,6;True;2350,0;0,0;100;8;92;12;ALTA;ALTA;2026-07-20 11:29:50;29022,5;225,0;GAIN;2000,0;2350,0;0,0
2026-07-20 11:32:45;28999,25;VENDA;2000;1200;0,6;True;2525,0;-25,0;94;22;72;-6;ALTA;TRANSICAO;2026-07-20 11:38:47;28974,0;362,0;GAIN;2000,0;2525,0;-25,0
2026-07-20 11:40:28;29006,75;COMPRA;2000;1200;0,6;False;0,0;-1800,0;100;8;92;12;ALTA;ALTA;2026-07-20 11:42:21;28988,75;113,0;LOSS;-1200,0;0,0;-1800,0
2026-07-20 11:45:18;28933,25;VENDA;2000;1200;0,6;False;0,0;-4550,0;100;8;92;8;BAIXA;TRANSICAO;2026-07-20 11:46:20;28978,75;62,0;LOSS;-1200,0;0,0;-4550,0
2026-07-20 11:52:33;28940,25;COMPRA;2000;1200;0,6;False;0,0;-3925,0;100;8;92;12;ALTA;ALTA;2026-07-20 11:54:01;28901,0;88,0;LOSS;-1200,0;0,0;-3925,0
2026-07-20 11:59:49;28898,25;COMPRA;2000;1200;0,6;True;3250,0;0,0;100;8;92;12;ALTA;ALTA;2026-07-20 12:02:18;28930,75;149,0;GAIN;2000,0;3250,0;0,0
2026-07-20 12:04:35;28917,5;VENDA;2000;1200;0,6;True;1825,0;-1575,0;100;8;92;12;BAIXA;BAIXA;2026-07-20 12:07:54;28933,25;199,0;PROTEGIDO;0,0;1825,0;-1575,0
2026-07-20 12:09:58;28981,5;COMPRA;2000;1200;0,6;False;0,0;-3150,0;100;8;92;8;ALTA;TRANSICAO;2026-07-20 12:11:37;28950,0;99,0;LOSS;-1200,0;0,0;-3150,0
2026-07-20 12:12:39;28962,75;COMPRA;2000;1200;0,6;False;0,0;-2025,0;98;22;76;-2;BAIXA;ALTA;2026-07-20 12:15:46;28942,5;187,0;LOSS;-1200,0;0,0;-2025,0
2026-07-20 12:15:59;28959,25;COMPRA;2000;1200;0,6;True;2075,0;0,0;100;8;92;12;ALTA;ALTA;2026-07-20 12:17:37;28980,0;98,0;GAIN;2000,0;2075,0;0,0
2026-07-20 12:22:34;29005,75;COMPRA;2000;1200;0,6;False;900,0;-2175,0;100;8;92;12;ALTA;ALTA;2026-07-20 12:28:45;28984,0;371,0;LOSS;-1200,0;900,0;-2175,0
2026-07-20 12:39:33;29000,0;VENDA;2000;1200;0,6;False;0,0;-1325,0;100;8;92;12;BAIXA;BAIXA;2026-07-20 12:42:22;29013,25;169,0;LOSS;-1200,0;0,0;-1325,0
2026-07-20 12:46:49;29021,75;COMPRA;2000;1200;0,6;False;0,0;-2850,0;100;8;92;8;ALTA;TRANSICAO;2026-07-20 12:48:26;28993,25;97,0;LOSS;-1200,0;0,0;-2850,0
2026-07-20 12:49:26;28978,0;VENDA;2000;1200;0,6;False;0,0;-3375,0;100;13;87;8;BAIXA;TRANSICAO;2026-07-20 12:51:38;29011,75;132,0;LOSS;-1200,0;0,0;-3375,0
2026-07-20 12:54:26;29051,75;COMPRA;2000;1200;0,6;False;0,0;-1500,0;100;8;92;12;ALTA;ALTA;2026-07-20 13:02:28;29036,75;482,0;LOSS;-1200,0;0,0;-1500,0
2026-07-20 13:05:27;29070,75;COMPRA;2000;1200;0,6;True;2200,0;0,0;100;8;92;12;ALTA;ALTA;2026-07-20 13:06:03;29092,75;36,0;GAIN;2000,0;2200,0;0,0
2026-07-20 13:07:27;29102,5;COMPRA;2000;1200;0,6;False;375,0;-2725,0;100;12;88;8;ALTA;BAIXA;2026-07-20 13:26:14;29075,25;1127,0;LOSS;-1200,0;375,0;-2725,0
2026-07-20 13:46:49;29014,75;COMPRA;2000;1200;0,6;True;2575,0;0,0;100;8;92;12;ALTA;ALTA;2026-07-20 13:47:36;29040,5;47,0;GAIN;2000,0;2575,0;0,0
2026-07-20 13:48:48;29042,0;COMPRA;2000;1200;0,6;False;0,0;-3475,0;100;8;92;12;ALTA;ALTA;2026-07-20 13:52:22;29007,25;214,0;LOSS;-1200,0;0,0;-3475,0
2026-07-20 13:53:58;29006,5;COMPRA;2000;1200;0,6;False;0,0;-3900,0;98;22;76;-2;BAIXA;ALTA;2026-07-20 14:02:03;28967,5;485,0;LOSS;-1200,0;0,0;-3900,0
2026-07-20 14:09:38;28961,0;COMPRA;2000;1200;0,6;False;0,0;-3450,0;100;8;92;12;ALTA;ALTA;2026-07-20 14:14:35;28926,5;297,0;LOSS;-1200,0;0,0;-3450,0
2026-07-20 14:17:46;28938,0;COMPRA;2000;1200;0,6;True;3650,0;0,0;94;22;72;-6;BAIXA;TRANSICAO;2026-07-20 14:22:33;28974,5;287,0;GAIN;2000,0;3650,0;0,0
2026-07-20 14:24:08;28971,25;COMPRA;2000;1200;0,6;False;0,0;-4150,0;100;8;92;12;ALTA;ALTA;2026-07-20 14:40:56;28929,75;1008,0;LOSS;-1200,0;0,0;-4150,0
2026-07-20 14:44:19;28912,75;COMPRA;2000;1200;0,6;True;2550,0;0,0;94;22;72;-6;BAIXA;TRANSICAO;2026-07-20 14:46:06;28938,25;107,0;GAIN;2000,0;2550,0;0,0
2026-07-20 14:46:54;28932,75;VENDA;2000;1200;0,6;False;0,0;-3550,0;98;22;76;-2;ALTA;BAIXA;2026-07-20 14:52:19;28968,25;325,0;LOSS;-1200,0;0,0;-3550,0
2026-07-20 14:52:31;28973,75;COMPRA;2000;1200;0,6;True;2300,0;0,0;100;8;92;12;ALTA;ALTA;2026-07-20 15:13:40;28996,75;1269,0;GAIN;2000,0;2300,0;0,0
2026-07-20 15:37:12;28958,25;COMPRA;2000;1200;0,6;False;0,0;-4375,0;94;19;75;-6;BAIXA;TRANSICAO;2026-07-20 15:48:04;28914,5;652,0;LOSS;-1200,0;0,0;-4375,0
2026-07-20 15:52:43;28940,5;COMPRA;2000;1200;0,6;False;0,0;-5375,0;94;19;75;-6;BAIXA;TRANSICAO;2026-07-20 16:13:13;28886,75;1230,0;LOSS;-1200,0;0,0;-5375,0
2026-07-20 16:39:31;28868,25;COMPRA;2000;1200;0,6;True;1750,0;0,0;94;19;75;-6;BAIXA;TRANSICAO;2026-07-20 17:10:35;28885,75;1864,0;TIMEOUT;1750,0;1750,0;0,0
2026-07-20 17:14:06;28783,75;COMPRA;2000;1200;0,6;False;0,0;-2875,0;100;5;95;12;ALTA;ALTA;2026-07-20 17:23:54;28755,0;588,0;LOSS;-1200,0;0,0;-2875,0
2026-07-20 17:31:16;28762,75;COMPRA;2000;1200;0,6;True;1750,0;0,0;100;8;92;8;ALTA;TRANSICAO;2026-07-20 19:00:27;28780,25;5351,0;TIMEOUT;1750,0;1750,0;0,0
2026-07-20 19:02:41;28750,75;VENDA;2000;1200;0,6;True;2650,0;0,0;100;0;100;12;BAIXA;BAIXA;2026-07-20 19:05:30;28724,25;169,0;GAIN;2000,0;2650,0;0,0
2026-07-20 19:07:34;28716,5;COMPRA;2000;1200;0,6;True;1775,0;-100,0;93;16;77;-6;BAIXA;BAIXA;2026-07-20 19:17:45;28715,5;611,0;PROTEGIDO;0,0;1775,0;-100,0
2026-07-20 19:28:06;28713,25;VENDA;2000;1200;0,6;False;350,0;-1575,0;94;15;79;-6;ALTA;TRANSICAO;2026-07-20 19:45:24;28729,0;1038,0;LOSS;-1200,0;350,0;-1575,0
2026-07-20 19:54:39;28720,75;COMPRA;2000;1200;0,6;True;3050,0;0,0;97;12;85;-2;BAIXA;ALTA;2026-07-20 20:07:16;28751,25;757,0;GAIN;2000,0;3050,0;0,0
2026-07-20 20:14:41;28766,5;COMPRA;2000;1200;0,6;True;3150,0;0,0;98;18;80;-2;BAIXA;ALTA;2026-07-20 20:19:25;28798,0;284,0;GAIN;2000,0;3150,0;0,0
2026-07-20 20:20:56;28796,75;VENDA;2000;1200;0,6;True;1300,0;0,0;94;17;77;-2;ALTA;BAIXA;2026-07-20 20:51:11;28783,75;1815,0;TIMEOUT;1300,0;1300,0;0,0
2026-07-20 20:52:31;28760,0;VENDA;2000;1200;0,6;False;0,0;-3550,0;100;0;100;12;BAIXA;BAIXA;2026-07-20 20:56:32;28795,5;241,0;LOSS;-1200,0;0,0;-3550,0
2026-07-20 21:00:11;28770,75;VENDA;2000;1200;0,6;True;2525,0;0,0;97;12;85;-2;ALTA;BAIXA;2026-07-20 21:00:58;28745,5;47,0;GAIN;2000,0;2525,0;0,0
2026-07-20 21:01:55;28734,0;VENDA;2000;1200;0,6;True;2125,0;0,0;100;0;100;12;BAIXA;BAIXA;2026-07-20 21:08:41;28712,75;406,0;GAIN;2000,0;2125,0;0,0
2026-07-20 21:09:15;28728,75;COMPRA;2000;1200;0,6;True;3000,0;0,0;97;12;85;-2;BAIXA;ALTA;2026-07-20 21:13:41;28758,75;266,0;GAIN;2000,0;3000,0;0,0
2026-07-20 21:15:36;28719,0;VENDA;2000;1200;0,6;False;0,0;-2400,0;100;0;100;8;BAIXA;TRANSICAO;2026-07-20 21:17:54;28743,0;138,0;LOSS;-1200,0;0,0;-2400,0
2026-07-20 21:19:15;28773,5;COMPRA;2000;1200;0,6;True;2175,0;0,0;100;0;100;12;ALTA;ALTA;2026-07-20 21:19:50;28795,25;35,0;GAIN;2000,0;2175,0;0,0
2026-07-20 21:21:11;28794,0;VENDA;2000;1200;0,6;True;2175,0;0,0;94;19;75;-6;ALTA;TRANSICAO;2026-07-20 21:23:29;28772,25;138,0;GAIN;2000,0;2175,0;0,0
2026-07-20 21:28:18;28831,0;COMPRA;2000;1200;0,6;True;3275,0;0,0;100;2;98;12;ALTA;ALTA;2026-07-20 21:33:30;28863,75;312,0;GAIN;2000,0;3275,0;0,0
2026-07-20 21:34:05;28852,25;VENDA;2000;1200;0,6;False;0,0;-2025,0;100;7;93;12;BAIXA;BAIXA;2026-07-20 21:45:38;28872,5;693,0;LOSS;-1200,0;0,0;-2025,0
2026-07-20 21:46:01;28864,5;VENDA;2000;1200;0,6;False;0,0;-2775,0;94;13;81;-6;ALTA;TRANSICAO;2026-07-20 21:51:14;28892,25;313,0;LOSS;-1200,0;0,0;-2775,0
2026-07-20 21:53:43;28884,25;VENDA;2000;1200;0,6;True;2275,0;0,0;100;0;100;8;BAIXA;TRANSICAO;2026-07-20 21:59:31;28861,5;348,0;GAIN;2000,0;2275,0;0,0
2026-07-20 22:02:14;28841,5;VENDA;2000;1200;0,6;False;0,0;-4300,0;100;1;99;12;BAIXA;BAIXA;2026-07-20 22:07:59;28884,5;345,0;LOSS;-1200,0;0,0;-4300,0
2026-07-20 22:09:57;28897,0;VENDA;2000;1200;0,6;True;2350,0;0,0;98;15;83;-2;ALTA;BAIXA;2026-07-20 22:19:23;28873,5;566,0;GAIN;2000,0;2350,0;0,0
2026-07-20 22:22:19;28886,75;VENDA;2000;1200;0,6;False;0,0;-3375,0;100;0;100;8;BAIXA;TRANSICAO;2026-07-20 22:37:12;28920,5;893,0;LOSS;-1200,0;0,0;-3375,0
2026-07-20 22:39:22;28899,75;VENDA;2000;1200;0,6;True;2200,0;0,0;100;8;92;12;BAIXA;BAIXA;2026-07-20 22:42:05;28877,75;163,0;GAIN;2000,0;2200,0;0,0
2026-07-20 22:45:49;28879,75;COMPRA;2000;1200;0,6;True;2025,0;0,0;100;3;97;12;ALTA;ALTA;2026-07-20 22:47:47;28900,0;118,0;GAIN;2000,0;2025,0;0,0
2026-07-20 22:57:01;28875,5;VENDA;2000;1200;0,6;False;0,0;-2750,0;100;7;93;8;BAIXA;TRANSICAO;2026-07-20 23:03:55;28903,0;414,0;LOSS;-1200,0;0,0;-2750,0
2026-07-20 23:05:52;28924,0;COMPRA;2000;1200;0,6;False;125,0;-1225,0;100;8;92;12;ALTA;ALTA;2026-07-20 23:09:13;28911,75;201,0;LOSS;-1200,0;125,0;-1225,0
2026-07-20 23:09:48;28896,5;VENDA;2000;1200;0,6;True;2375,0;0,0;100;8;92;8;BAIXA;TRANSICAO;2026-07-20 23:16:34;28872,75;406,0;GAIN;2000,0;2375,0;0,0
2026-07-20 23:17:45;28882,5;COMPRA;2000;1200;0,6;True;2450,0;0,0;94;21;73;-6;BAIXA;TRANSICAO;2026-07-20 23:24:14;28907,0;389,0;GAIN;2000,0;2450,0;0,0
2026-07-20 23:36:26;28934,75;COMPRA;2000;1200;0,6;True;1725,0;0,0;100;7;93;12;ALTA;ALTA;2026-07-20 23:50:13;28934,75;827,0;PROTEGIDO;0,0;1725,0;0,0
2026-07-21 00:04:56;28964,75;VENDA;2000;1200;0,6;False;0,0;-2875,0;100;8;92;8;BAIXA;TRANSICAO;2026-07-21 00:25:33;28993,5;1237,0;LOSS;-1200,0;0,0;-2875,0
2026-07-21 00:32:09;29005,75;COMPRA;2000;1200;0,6;True;2275,0;0,0;100;8;92;12;ALTA;ALTA;2026-07-21 00:36:12;29028,5;243,0;GAIN;2000,0;2275,0;0,0
2026-07-21 00:50:03;29067,75;VENDA;2000;1200;0,6;False;0,0;-1225,0;100;8;92;8;BAIXA;TRANSICAO;2026-07-21 01:00:17;29080,0;614,0;LOSS;-1200,0;0,0;-1225,0
2026-07-21 01:37:46;29068,5;COMPRA;2000;1200;0,6;False;0,0;-1350,0;94;22;72;-6;BAIXA;TRANSICAO;2026-07-21 02:08:09;29055,0;1823,0;LOSS;-1200,0;0,0;-1350,0
2026-07-21 02:12:14;29036,5;VENDA;2000;1200;0,6;True;1950,0;-75,0;100;8;92;12;BAIXA;BAIXA;2026-07-21 02:24:14;29037,25;720,0;PROTEGIDO;0,0;1950,0;-75,0
2026-07-21 02:28:30;29070,0;COMPRA;2000;1200;0,6;True;2025,0;0,0;100;8;92;12;ALTA;ALTA;2026-07-21 02:48:51;29090,25;1221,0;GAIN;2000,0;2025,0;0,0
2026-07-21 03:03:56;29117,75;COMPRA;2000;1200;0,6;True;2200,0;0,0;100;8;92;12;ALTA;ALTA;2026-07-21 03:16:41;29139,75;765,0;GAIN;2000,0;2200,0;0,0
2026-07-21 03:29:41;29112,75;VENDA;2000;1200;0,6;False;0,0;-3200,0;94;26;68;-6;ALTA;ALTA;2026-07-21 03:36:12;29144,75;391,0;LOSS;-1200,0;0,0;-3200,0
2026-07-21 03:41:40;29151,5;COMPRA;2000;1200;0,6;False;0,0;-1225,0;100;12;88;8;ALTA;BAIXA;2026-07-21 04:12:06;29139,25;1826,0;LOSS;-1200,0;0,0;-1225,0
2026-07-21 04:19:55;29125,75;COMPRA;2000;1200;0,6;False;0,0;-2800,0;98;22;76;-2;BAIXA;ALTA;2026-07-21 04:26:51;29097,75;416,0;LOSS;-1200,0;0,0;-2800,0
2026-07-21 04:31:57;29097,5;COMPRA;2000;1200;0,6;True;2300,0;0,0;100;13;87;12;ALTA;ALTA;2026-07-21 04:35:12;29120,5;195,0;GAIN;2000,0;2300,0;0,0
2026-07-21 04:41:42;29119,25;COMPRA;2000;1200;0,6;True;4225,0;0,0;94;25;69;-6;BAIXA;BAIXA;2026-07-21 05:25:14;29161,5;2612,0;GAIN;2000,0;4225,0;0,0
2026-07-21 05:25:27;29167,5;COMPRA;2000;1200;0,6;False;0,0;-750,0;100;8;92;12;ALTA;ALTA;2026-07-21 05:55:39;29160,0;1812,0;TIMEOUT;-750,0;0,0;-750,0
2026-07-21 05:58:54;29168,5;VENDA;2000;1200;0,6;False;50,0;0,0;94;26;68;-6;ALTA;ALTA;2026-07-21 06:29:19;29168,0;1825,0;TIMEOUT;50,0;50,0;0,0
2026-07-21 06:30:45;29159,0;VENDA;2000;1200;0,6;False;200,0;0,0;100;8;92;8;BAIXA;TRANSICAO;2026-07-21 07:01:06;29157,0;1821,0;TIMEOUT;200,0;200,0;0,0
2026-07-21 07:10:42;29169,0;COMPRA;2000;1200;0,6;True;2425,0;0,0;100;3;97;12;ALTA;ALTA;2026-07-21 07:11:55;29193,25;73,0;GAIN;2000,0;2425,0;0,0
2026-07-21 07:36:49;29194,5;COMPRA;2000;1200;0,6;False;0,0;-3075,0;100;9;91;8;ALTA;BAIXA;2026-07-21 07:46:49;29163,75;600,0;LOSS;-1200,0;0,0;-3075,0
2026-07-21 07:47:50;29168,5;COMPRA;2000;1200;0,6;False;1075,0;-2550,0;100;7;93;12;ALTA;ALTA;2026-07-21 08:06:44;29143,0;1134,0;LOSS;-1200,0;1075,0;-2550,0
2026-07-21 08:12:27;29142,75;COMPRA;2000;1200;0,6;True;1875,0;-150,0;100;8;92;12;ALTA;ALTA;2026-07-21 08:19:29;29141,25;422,0;PROTEGIDO;0,0;1875,0;-150,0
2026-07-21 08:19:54;29133,5;VENDA;2000;1200;0,6;False;1125,0;-1500,0;100;5;95;12;BAIXA;BAIXA;2026-07-21 08:36:08;29148,5;974,0;LOSS;-1200,0;1125,0;-1500,0
2026-07-21 08:40:10;29158,0;VENDA;2000;1200;0,6;False;0,0;-1425,0;100;8;92;12;BAIXA;BAIXA;2026-07-21 09:00:33;29172,25;1223,0;LOSS;-1200,0;0,0;-1425,0
2026-07-21 09:00:57;29167,75;VENDA;2000;1200;0,6;True;1975,0;-1000,0;94;22;72;-6;ALTA;TRANSICAO;2026-07-21 09:08:07;29177,75;430,0;PROTEGIDO;0,0;1975,0;-1000,0
2026-07-21 09:08:20;29180,25;COMPRA;2000;1200;0,6;False;0,0;-2250,0;100;7;93;12;ALTA;ALTA;2026-07-21 09:16:31;29157,75;491,0;LOSS;-1200,0;0,0;-2250,0
2026-07-21 09:25:19;29149,0;VENDA;2000;1200;0,6;True;2050,0;0,0;94;22;72;-6;ALTA;TRANSICAO;2026-07-21 09:33:07;29128,5;468,0;GAIN;2000,0;2050,0;0,0
2026-07-21 09:43:22;29128,25;COMPRA;2000;1200;0,6;True;2250,0;0,0;100;8;92;12;ALTA;ALTA;2026-07-21 09:47:53;29150,75;271,0;GAIN;2000,0;2250,0;0,0
2026-07-21 10:03:08;29165,5;VENDA;2000;1200;0,6;False;0,0;-3050,0;100;8;92;12;BAIXA;BAIXA;2026-07-21 10:26:39;29196,0;1411,0;LOSS;-1200,0;0,0;-3050,0
2026-07-21 10:30:11;29222,5;COMPRA;2000;1200;0,6;False;0,0;-1500,0;100;7;93;12;ALTA;ALTA;2026-07-21 10:30:49;29207,5;38,0;LOSS;-1200,0;0,0;-1500,0
2026-07-21 10:33:19;29178,5;COMPRA;2000;1200;0,6;False;0,0;-4300,0;100;8;92;12;ALTA;ALTA;2026-07-21 10:34:22;29135,5;63,0;LOSS;-1200,0;0,0;-4300,0
2026-07-21 10:36:01;29175,5;COMPRA;2000;1200;0,6;True;4300,0;0,0;98;22;76;-2;BAIXA;ALTA;2026-07-21 10:36:26;29218,5;25,0;GAIN;2000,0;4300,0;0,0
2026-07-21 10:37:15;29189,5;VENDA;2000;1200;0,6;True;3000,0;0,0;100;8;92;8;BAIXA;TRANSICAO;2026-07-21 10:37:52;29159,5;37,0;GAIN;2000,0;3000,0;0,0
2026-07-21 10:38:55;29203,5;COMPRA;2000;1200;0,6;False;0,0;-4825,0;100;8;92;12;ALTA;ALTA;2026-07-21 10:40:35;29155,25;100,0;LOSS;-1200,0;0,0;-4825,0
2026-07-21 10:44:08;29157,0;VENDA;2000;1200;0,6;True;2550,0;0,0;88;26;62;-2;ALTA;BAIXA;2026-07-21 10:45:24;29131,5;76,0;GAIN;2000,0;2550,0;0,0
2026-07-21 10:50:15;29156,0;COMPRA;2000;1200;0,6;False;0,0;-2425,0;100;8;92;8;ALTA;TRANSICAO;2026-07-21 10:52:22;29131,75;127,0;LOSS;-1200,0;0,0;-2425,0
2026-07-21 10:53:26;29151,25;VENDA;2000;1200;0,6;True;3650,0;0,0;100;21;79;12;BAIXA;BAIXA;2026-07-21 10:57:02;29114,75;216,0;GAIN;2000,0;3650,0;0,0
2026-07-21 10:57:15;29103,0;VENDA;2000;1200;0,6;False;0,0;-4100,0;100;8;92;12;BAIXA;BAIXA;2026-07-21 10:59:48;29144,0;153,0;LOSS;-1200,0;0,0;-4100,0
2026-07-21 11:02:08;29151,25;VENDA;2000;1200;0,6;True;3625,0;0,0;94;22;72;-6;ALTA;TRANSICAO;2026-07-21 11:03:24;29115,0;76,0;GAIN;2000,0;3625,0;0,0
2026-07-21 11:05:31;29100,0;VENDA;2000;1200;0,6;False;0,0;-2650,0;100;8;92;12;BAIXA;BAIXA;2026-07-21 11:06:47;29126,5;76,0;LOSS;-1200,0;0,0;-2650,0
2026-07-21 11:07:37;29102,5;VENDA;2000;1200;0,6;True;2175,0;0,0;100;8;92;12;BAIXA;BAIXA;2026-07-21 11:10:22;29080,75;165,0;GAIN;2000,0;2175,0;0,0
2026-07-21 11:10:47;29072,25;VENDA;2000;1200;0,6;False;0,0;-4675,0;100;8;92;12;BAIXA;BAIXA;2026-07-21 11:14:09;29119,0;202,0;LOSS;-1200,0;0,0;-4675,0
2026-07-21 11:16:28;29071,0;VENDA;2000;1200;0,6;False;0,0;-4650,0;100;7;93;8;BAIXA;TRANSICAO;2026-07-21 11:18:22;29117,5;114,0;LOSS;-1200,0;0,0;-4650,0
2026-07-21 11:21:05;29150,5;VENDA;2000;1200;0,6;True;3125,0;0,0;94;22;72;-6;ALTA;TRANSICAO;2026-07-21 11:22:07;29119,25;62,0;GAIN;2000,0;3125,0;0,0
2026-07-21 11:23:48;29147,5;COMPRA;2000;1200;0,6;True;2675,0;0,0;100;5;95;12;ALTA;ALTA;2026-07-21 11:26:06;29174,25;138,0;GAIN;2000,0;2675,0;0,0
2026-07-21 11:32:33;29215,0;VENDA;2000;1200;0,6;True;2525,0;0,0;100;8;92;12;BAIXA;BAIXA;2026-07-21 11:38:44;29189,75;371,0;GAIN;2000,0;2525,0;0,0
2026-07-21 11:39:09;29199,5;COMPRA;2000;1200;0,6;True;2125,0;0,0;94;22;72;-6;BAIXA;TRANSICAO;2026-07-21 11:44:30;29220,75;321,0;GAIN;2000,0;2125,0;0,0
2026-07-21 11:45:32;29251,75;COMPRA;2000;1200;0,6;False;0,0;-3775,0;100;8;92;8;ALTA;TRANSICAO;2026-07-21 11:47:59;29214,0;147,0;LOSS;-1200,0;0,0;-3775,0
2026-07-21 11:49:13;29232,0;VENDA;2000;1200;0,6;True;3450,0;-300,0;100;8;92;12;BAIXA;BAIXA;2026-07-21 12:03:29;29197,5;856,0;GAIN;2000,0;3450,0;-300,0
2026-07-21 12:06:55;29234,5;COMPRA;2000;1200;0,6;True;2100,0;0,0;100;8;92;8;ALTA;TRANSICAO;2026-07-21 12:08:08;29255,5;73,0;GAIN;2000,0;2100,0;0,0
2026-07-21 12:09:45;29274,75;COMPRA;2000;1200;0,6;True;2525,0;0,0;100;21;79;12;ALTA;ALTA;2026-07-21 12:21:52;29300,0;727,0;GAIN;2000,0;2525,0;0,0
2026-07-21 12:28:30;29312,25;VENDA;2000;1200;0,6;True;2000,0;0,0;100;8;92;12;BAIXA;BAIXA;2026-07-21 12:31:55;29292,25;205,0;GAIN;2000,0;2000,0;0,0
2026-07-21 12:32:07;29290,25;VENDA;2000;1200;0,6;True;1300,0;-100,0;100;8;92;12;BAIXA;BAIXA;2026-07-21 12:34:43;29291,25;156,0;PROTEGIDO;0,0;1300,0;-100,0
2026-07-21 12:35:19;29302,75;COMPRA;2000;1200;0,6;False;0,0;-3550,0;100;8;92;8;ALTA;TRANSICAO;2026-07-21 12:40:45;29267,25;326,0;LOSS;-1200,0;0,0;-3550,0
2026-07-21 12:43:21;29273,0;VENDA;2000;1200;0,6;False;0,0;-1425,0;94;26;68;-6;ALTA;ALTA;2026-07-21 12:48:34;29287,25;313,0;LOSS;-1200,0;0,0;-1425,0
2026-07-21 12:54:46;29278,5;VENDA;2000;1200;0,6;True;1975,0;-500,0;100;8;92;12;BAIXA;BAIXA;2026-07-21 13:02:32;29283,5;466,0;PROTEGIDO;0,0;1975,0;-500,0
2026-07-21 13:03:44;29288,5;COMPRA;2000;1200;0,6;True;2025,0;0,0;100;8;92;12;ALTA;ALTA;2026-07-21 13:06:19;29308,75;155,0;GAIN;2000,0;2025,0;0,0
2026-07-21 13:13:39;29298,75;VENDA;2000;1200;0,6;False;0,0;-3325,0;94;22;72;-6;ALTA;TRANSICAO;2026-07-21 13:23:30;29332,0;591,0;LOSS;-1200,0;0,0;-3325,0
2026-07-21 13:23:42;29336,75;COMPRA;2000;1200;0,6;False;0,0;-2450,0;100;8;92;12;ALTA;ALTA;2026-07-21 13:28:14;29312,25;272,0;LOSS;-1200,0;0,0;-2450,0
2026-07-21 13:29:48;29311,0;VENDA;2000;1200;0,6;False;0,0;-3125,0;100;4;96;4;BAIXA;RANGE;2026-07-21 13:51:59;29342,25;1331,0;LOSS;-1200,0;0,0;-3125,0
2026-07-21 13:54:55;29346,5;COMPRA;2000;1200;0,6;False;0,0;-1650,0;100;8;92;12;ALTA;ALTA;2026-07-21 14:25:07;29330,0;1812,0;LOSS;-1200,0;0,0;-1650,0
2026-07-21 14:26:04;29328,25;VENDA;2000;1200;0,6;False;0,0;-3225,0;98;22;76;-2;ALTA;BAIXA;2026-07-21 14:50:23;29360,5;1459,0;LOSS;-1200,0;0,0;-3225,0
2026-07-21 14:55:41;29347,75;COMPRA;2000;1200;0,6;False;300,0;-1550,0;94;26;68;-6;BAIXA;BAIXA;2026-07-21 15:21:36;29332,25;1555,0;LOSS;-1200,0;300,0;-1550,0
2026-07-21 15:32:23;29311,5;VENDA;2000;1200;0,6;False;0,0;-3425,0;100;8;92;12;BAIXA;BAIXA;2026-07-21 15:44:18;29345,75;715,0;LOSS;-1200,0;0,0;-3425,0
2026-07-21 15:46:57;29355,5;COMPRA;2000;1200;0,6;False;0,0;-3125,0;100;12;88;8;ALTA;BAIXA;2026-07-21 15:55:26;29324,25;509,0;LOSS;-1200,0;0,0;-3125,0
2026-07-21 16:05:41;29323,25;COMPRA;2000;1200;0,6;False;0,0;-3250,0;94;22;72;-6;BAIXA;TRANSICAO;2026-07-21 16:30:20;29290,75;1479,0;LOSS;-1200,0;0,0;-3250,0
2026-07-21 16:31:17;29304,5;COMPRA;2000;1200;0,6;True;2075,0;0,0;100;12;88;8;ALTA;BAIXA;2026-07-21 16:36:20;29325,25;303,0;GAIN;2000,0;2075,0;0,0
2026-07-21 16:37:27;29328,0;COMPRA;2000;1200;0,6;True;1700,0;-400,0;100;8;92;12;ALTA;ALTA;2026-07-21 16:59:49;29324,0;1342,0;PROTEGIDO;0,0;1700,0;-400,0
2026-07-21 17:00:47;29295,0;VENDA;2000;1200;0,6;False;0,0;-350,0;100;8;92;12;BAIXA;BAIXA;2026-07-21 17:31:04;29298,5;1817,0;TIMEOUT;-350,0;0,0;-350,0
2026-07-21 17:41:45;29300,5;COMPRA;2000;1200;0,6;False;0,0;-500,0;94;22;72;-6;BAIXA;TRANSICAO;2026-07-21 19:00:24;29295,5;4719,0;TIMEOUT;-500,0;0,0;-500,0
2026-07-21 19:07:51;29289,0;COMPRA;2000;1200;0,6;False;0,0;-1475,0;93;12;81;-6;BAIXA;TRANSICAO;2026-07-21 19:24:58;29274,25;1027,0;LOSS;-1200,0;0,0;-1475,0
2026-07-21 19:28:38;29271,75;VENDA;2000;1200;0,6;False;800,0;-975,0;100;0;100;12;BAIXA;BAIXA;2026-07-21 20:15:39;29280,5;2821,0;TIMEOUT;-875,0;800,0;-975,0
2026-07-21 20:19:28;29296,5;COMPRA;2000;1200;0,6;False;0,0;-325,0;100;8;92;12;ALTA;ALTA;2026-07-21 20:49:43;29293,25;1815,0;TIMEOUT;-325,0;0,0;-325,0
2026-07-21 20:54:11;29279,75;COMPRA;2000;1200;0,6;True;2000,0;0,0;93;20;73;-6;BAIXA;TRANSICAO;2026-07-21 20:59:35;29299,75;324,0;GAIN;2000,0;2000,0;0,0
2026-07-21 21:07:47;29333,0;COMPRA;2000;1200;0,6;False;0,0;-3300,0;100;5;95;8;ALTA;TRANSICAO;2026-07-21 21:27:00;29300,0;1153,0;LOSS;-1200,0;0,0;-3300,0
2026-07-21 21:30:11;29300,25;COMPRA;2000;1200;0,6;False;0,0;-3325,0;100;6;94;8;ALTA;TRANSICAO;2026-07-21 21:47:04;29267,0;1013,0;LOSS;-1200,0;0,0;-3325,0
2026-07-21 21:57:02;29282,0;COMPRA;2000;1200;0,6;False;0,0;-2475,0;100;7;93;12;ALTA;ALTA;2026-07-21 22:01:21;29257,25;259,0;LOSS;-1200,0;0,0;-2475,0
2026-07-21 22:02:07;29245,0;VENDA;2000;1200;0,6;False;1175,0;0,0;100;11;89;8;BAIXA;ALTA;2026-07-21 22:32:19;29233,25;1812,0;TIMEOUT;1175,0;1175,0;0,0
2026-07-21 22:37:15;29255,0;COMPRA;2000;1200;0,6;True;2150,0;0,0;100;8;92;8;ALTA;TRANSICAO;2026-07-21 22:46:56;29276,5;581,0;GAIN;2000,0;2150,0;0,0
2026-07-21 23:00:49;29263,0;VENDA;2000;1200;0,6;True;1525,0;-1725,0;100;8;92;12;BAIXA;BAIXA;2026-07-21 23:29:21;29280,25;1712,0;PROTEGIDO;0,0;1525,0;-1725,0
2026-07-21 23:46:50;29255,25;COMPRA;2000;1200;0,6;False;0,0;-3975,0;94;22;72;-6;BAIXA;TRANSICAO;2026-07-22 00:10:05;29215,5;1395,0;LOSS;-1200,0;0,0;-3975,0
2026-07-22 00:30:18;29262,25;COMPRA;2000;1200;0,6;False;0,0;-3800,0;100;8;92;12;ALTA;ALTA;2026-07-22 00:33:24;29224,25;186,0;LOSS;-1200,0;0,0;-3800,0
2026-07-22 00:45:20;29232,0;COMPRA;2000;1200;0,6;False;0,0;-3175,0;94;22;72;-6;BAIXA;TRANSICAO;2026-07-22 00:53:43;29200,25;503,0;LOSS;-1200,0;0,0;-3175,0
2026-07-22 00:54:29;29196,0;VENDA;2000;1200;0,6;False;0,0;-2975,0;94;22;72;-6;ALTA;TRANSICAO;2026-07-22 01:15:59;29225,75;1290,0;LOSS;-1200,0;0,0;-2975,0
2026-07-22 01:23:49;29236,0;COMPRA;2000;1200;0,6;False;0,0;-3000,0;100;8;92;12;ALTA;ALTA;2026-07-22 01:47:32;29206,0;1423,0;LOSS;-1200,0;0,0;-3000,0
2026-07-22 01:49:18;29211,0;VENDA;2000;1200;0,6;True;1525,0;-25,0;100;8;92;8;BAIXA;TRANSICAO;2026-07-22 01:58:09;29211,25;531,0;PROTEGIDO;0,0;1525,0;-25,0
2026-07-22 02:22:41;29178,0;COMPRA;2000;1200;0,6;False;0,0;-2875,0;94;22;72;-6;BAIXA;TRANSICAO;2026-07-22 02:42:53;29149,25;1212,0;LOSS;-1200,0;0,0;-2875,0
2026-07-22 02:45:07;29146,0;VENDA;2000;1200;0,6;False;0,0;-3100,0;100;8;92;12;BAIXA;BAIXA;2026-07-22 02:52:50;29177,0;463,0;LOSS;-1200,0;0,0;-3100,0
2026-07-22 03:00:09;29172,75;COMPRA;2000;1200;0,6;False;0,0;-3475,0;100;4;96;4;ALTA;RANGE;2026-07-22 03:05:38;29138,0;329,0;LOSS;-1200,0;0,0;-3475,0
2026-07-22 03:15:23;29126,25;VENDA;2000;1200;0,6;True;2850,0;0,0;94;22;72;-6;ALTA;TRANSICAO;2026-07-22 03:18:39;29097,75;196,0;GAIN;2000,0;2850,0;0,0
2026-07-22 03:24:54;29083,0;COMPRA;2000;1200;0,6;True;1950,0;0,0;100;8;92;12;ALTA;ALTA;2026-07-22 03:46:20;29083,0;1286,0;PROTEGIDO;0,0;1950,0;0,0
2026-07-22 03:51:11;29077,5;COMPRA;2000;1200;0,6;True;2050,0;0,0;100;8;92;12;ALTA;ALTA;2026-07-22 03:53:11;29098,0;120,0;GAIN;2000,0;2050,0;0,0
2026-07-22 03:56:25;29092,5;COMPRA;2000;1200;0,6;False;0,0;-3175,0;94;26;68;-6;BAIXA;BAIXA;2026-07-22 04:07:08;29060,75;643,0;LOSS;-1200,0;0,0;-3175,0
2026-07-22 04:11:35;29078,0;COMPRA;2000;1200;0,6;True;2025,0;0,0;100;0;100;8;ALTA;TRANSICAO;2026-07-22 04:14:25;29098,25;170,0;GAIN;2000,0;2025,0;0,0
2026-07-22 04:19:06;29111,0;COMPRA;2000;1200;0,6;False;0,0;-2525,0;100;8;92;12;ALTA;ALTA;2026-07-22 04:31:51;29085,75;765,0;LOSS;-1200,0;0,0;-2525,0
2026-07-22 04:38:33;29073,25;COMPRA;2000;1200;0,6;False;0,0;-4325,0;98;22;76;-2;BAIXA;ALTA;2026-07-22 04:42:00;29030,0;207,0;LOSS;-1200,0;0,0;-4325,0
2026-07-22 04:42:36;29040,5;COMPRA;2000;1200;0,6;True;2075,0;0,0;94;21;73;-6;BAIXA;TRANSICAO;2026-07-22 04:44:38;29061,25;122,0;GAIN;2000,0;2075,0;0,0
2026-07-22 04:48:54;29048,25;VENDA;2000;1200;0,6;False;0,0;-3000,0;98;21;77;-2;ALTA;BAIXA;2026-07-22 05:04:58;29078,25;964,0;LOSS;-1200,0;0,0;-3000,0
2026-07-22 05:10:39;29088,75;VENDA;2000;1200;0,6;True;2200,0;0,0;100;1;99;12;BAIXA;BAIXA;2026-07-22 05:12:41;29066,75;122,0;GAIN;2000,0;2200,0;0,0
2026-07-22 05:13:54;29073,0;COMPRA;2000;1200;0,6;True;2050,0;0,0;88;15;73;-6;BAIXA;TRANSICAO;2026-07-22 05:22:38;29093,5;524,0;GAIN;2000,0;2050,0;0,0
2026-07-22 05:30:48;29110,5;COMPRA;2000;1200;0,6;False;0,0;-2950,0;100;0;100;8;ALTA;TRANSICAO;2026-07-22 05:45:06;29081,0;858,0;LOSS;-1200,0;0,0;-2950,0
2026-07-22 05:45:54;29099,25;COMPRA;2000;1200;0,6;True;2325,0;0,0;93;12;81;-6;BAIXA;TRANSICAO;2026-07-22 06:02:37;29122,5;1003,0;GAIN;2000,0;2325,0;0,0
2026-07-22 06:08:33;29143,75;VENDA;2000;1200;0,6;True;3475,0;-300,0;98;19;79;-2;ALTA;BAIXA;2026-07-22 06:33:31;29109,0;1498,0;GAIN;2000,0;3475,0;-300,0
2026-07-22 06:49:30;29116,5;VENDA;2000;1200;0,6;True;2200,0;0,0;93;20;73;-6;ALTA;TRANSICAO;2026-07-22 06:53:24;29094,5;234,0;GAIN;2000,0;2200,0;0,0
2026-07-22 07:02:26;29145,0;COMPRA;2000;1200;0,6;False;0,0;-2825,0;100;8;92;8;ALTA;TRANSICAO;2026-07-22 07:17:23;29116,75;897,0;LOSS;-1200,0;0,0;-2825,0
2026-07-22 07:19:13;29137,5;COMPRA;2000;1200;0,6;True;2025,0;0,0;100;6;94;12;ALTA;ALTA;2026-07-22 07:20:52;29157,75;99,0;GAIN;2000,0;2025,0;0,0
2026-07-22 07:30:57;29165,75;COMPRA;2000;1200;0,6;False;0,0;-2750,0;100;12;88;8;ALTA;BAIXA;2026-07-22 07:39:58;29138,25;541,0;LOSS;-1200,0;0,0;-2750,0
2026-07-22 07:48:37;29153,0;COMPRA;2000;1200;0,6;True;1825,0;0,0;100;7;93;8;ALTA;TRANSICAO;2026-07-22 08:00:10;29153,0;693,0;PROTEGIDO;0,0;1825,0;0,0
2026-07-22 08:03:52;29148,75;VENDA;2000;1200;0,6;True;4275,0;0,0;100;7;93;12;BAIXA;BAIXA;2026-07-22 08:27:03;29106,0;1391,0;GAIN;2000,0;4275,0;0,0
2026-07-22 08:37:17;29106,5;VENDA;2000;1200;0,6;True;2050,0;0,0;100;8;92;12;BAIXA;BAIXA;2026-07-22 08:40:34;29086,0;197,0;GAIN;2000,0;2050,0;0,0
2026-07-22 08:46:57;29051,75;COMPRA;2000;1200;0,6;True;2150,0;0,0;100;0;100;4;ALTA;RANGE;2026-07-22 08:48:11;29073,25;74,0;GAIN;2000,0;2150,0;0,0
2026-07-22 08:56:11;29057,25;VENDA;2000;1200;0,6;True;2300,0;0,0;100;8;92;8;BAIXA;TRANSICAO;2026-07-22 09:03:33;29034,25;442,0;GAIN;2000,0;2300,0;0,0
2026-07-22 09:05:12;29038,5;COMPRA;2000;1200;0,6;False;0,0;-3150,0;100;3;97;12;ALTA;ALTA;2026-07-22 09:21:51;29007,0;999,0;LOSS;-1200,0;0,0;-3150,0
2026-07-22 09:24:07;29002,25;VENDA;2000;1200;0,6;False;0,0;-3450,0;98;22;76;-2;ALTA;BAIXA;2026-07-22 09:30:29;29036,75;382,0;LOSS;-1200,0;0,0;-3450,0
2026-07-22 09:31:56;29058,75;COMPRA;2000;1200;0,6;False;0,0;-3800,0;100;10;90;12;ALTA;ALTA;2026-07-22 09:48:28;29020,75;992,0;LOSS;-1200,0;0,0;-3800,0
2026-07-22 09:50:09;29021,75;COMPRA;2000;1200;0,6;True;2075,0;0,0;100;12;88;8;ALTA;BAIXA;2026-07-22 09:53:39;29042,5;210,0;GAIN;2000,0;2075,0;0,0
2026-07-22 09:56:21;29042,0;COMPRA;2000;1200;0,6;False;0,0;-4975,0;94;22;72;-6;BAIXA;TRANSICAO;2026-07-22 09:57:23;28992,25;62,0;LOSS;-1200,0;0,0;-4975,0
2026-07-22 10:09:16;29057,5;COMPRA;2000;1200;0,6;True;2000,0;0,0;100;8;92;12;ALTA;ALTA;2026-07-22 10:19:54;29077,5;638,0;GAIN;2000,0;2000,0;0,0
2026-07-22 10:36:25;29133,75;VENDA;2000;1200;0,6;False;0,0;-2375,0;100;8;92;12;BAIXA;BAIXA;2026-07-22 10:39:54;29157,5;209,0;LOSS;-1200,0;0,0;-2375,0
2026-07-22 10:40:31;29140,0;VENDA;2000;1200;0,6;False;0,0;-3700,0;94;22;72;-6;ALTA;TRANSICAO;2026-07-22 10:42:45;29177,0;134,0;LOSS;-1200,0;0,0;-3700,0
2026-07-22 10:45:23;29208,25;COMPRA;2000;1200;0,6;False;0,0;-3500,0;100;12;88;8;ALTA;BAIXA;2026-07-22 10:48:25;29173,25;182,0;LOSS;-1200,0;0,0;-3500,0
2026-07-22 10:57:02;29254,25;COMPRA;2000;1200;0,6;True;2125,0;0,0;100;8;92;12;ALTA;ALTA;2026-07-22 11:01:01;29275,5;239,0;GAIN;2000,0;2125,0;0,0
2026-07-22 11:03:24;29243,75;VENDA;2000;1200;0,6;False;0,0;-2250,0;100;7;93;8;BAIXA;TRANSICAO;2026-07-22 11:06:21;29266,25;177,0;LOSS;-1200,0;0,0;-2250,0
2026-07-22 11:06:57;29259,75;VENDA;2000;1200;0,6;True;2600,0;0,0;100;8;92;12;BAIXA;BAIXA;2026-07-22 11:07:44;29233,75;47,0;GAIN;2000,0;2600,0;0,0
2026-07-22 11:10:07;29222,75;VENDA;2000;1200;0,6;False;0,0;-2800,0;98;22;76;-2;ALTA;BAIXA;2026-07-22 11:11:53;29250,75;106,0;LOSS;-1200,0;0,0;-2800,0
2026-07-22 11:13:04;29250,5;VENDA;2000;1200;0,6;True;2000,0;0,0;94;22;72;-6;ALTA;TRANSICAO;2026-07-22 11:14:14;29230,5;70,0;GAIN;2000,0;2000,0;0,0
2026-07-22 11:16:00;29202,25;VENDA;2000;1200;0,6;False;0,0;-5025,0;90;18;72;-10;ALTA;RANGE;2026-07-22 11:20:10;29252,5;250,0;LOSS;-1200,0;0,0;-5025,0
2026-07-22 11:23:09;29244,75;VENDA;2000;1200;0,6;True;2950,0;0,0;100;8;92;12;BAIXA;BAIXA;2026-07-22 11:23:33;29215,25;24,0;GAIN;2000,0;2950,0;0,0
2026-07-22 11:25:57;29231,0;COMPRA;2000;1200;0,6;True;2500,0;0,0;100;8;92;12;ALTA;ALTA;2026-07-22 11:32:56;29256,0;419,0;GAIN;2000,0;2500,0;0,0
2026-07-22 11:33:20;29250,0;VENDA;2000;1200;0,6;True;2350,0;0,0;98;22;76;-2;ALTA;BAIXA;2026-07-22 11:34:44;29226,5;84,0;GAIN;2000,0;2350,0;0,0
2026-07-22 11:35:08;29217,75;VENDA;2000;1200;0,6;True;2750,0;0,0;98;22;76;-2;ALTA;BAIXA;2026-07-22 11:42:07;29190,25;419,0;GAIN;2000,0;2750,0;0,0
2026-07-22 11:43:19;29186,0;VENDA;2000;1200;0,6;False;0,0;-3875,0;98;22;76;-2;ALTA;BAIXA;2026-07-22 11:46:55;29224,75;216,0;LOSS;-1200,0;0,0;-3875,0
2026-07-22 11:51:31;29188,75;VENDA;2000;1200;0,6;False;0,0;-3500,0;98;22;76;-2;ALTA;BAIXA;2026-07-22 11:57:32;29223,75;361,0;LOSS;-1200,0;0,0;-3500,0
2026-07-22 12:03:09;29261,75;COMPRA;2000;1200;0,6;True;2925,0;0,0;100;8;92;12;ALTA;ALTA;2026-07-22 12:06:09;29291,0;180,0;GAIN;2000,0;2925,0;0,0
2026-07-22 12:10:31;29304,0;COMPRA;2000;1200;0,6;True;2175,0;0,0;100;12;88;8;ALTA;BAIXA;2026-07-22 12:24:26;29325,75;835,0;GAIN;2000,0;2175,0;0,0
2026-07-22 12:28:10;29330,25;VENDA;2000;1200;0,6;True;2275,0;0,0;98;22;76;-2;ALTA;BAIXA;2026-07-22 12:32:52;29307,5;282,0;GAIN;2000,0;2275,0;0,0
2026-07-22 12:38:44;29285,5;VENDA;2000;1200;0,6;False;0,0;-3600,0;98;22;76;-2;ALTA;BAIXA;2026-07-22 12:51:46;29321,5;782,0;LOSS;-1200,0;0,0;-3600,0
2026-07-22 12:53:33;29329,5;VENDA;2000;1200;0,6;True;2200,0;0,0;98;22;76;-2;ALTA;BAIXA;2026-07-22 12:54:32;29307,5;59,0;GAIN;2000,0;2200,0;0,0
2026-07-22 13:26:19;29304,75;VENDA;2000;1200;0,6;True;2100,0;0,0;100;8;92;12;BAIXA;BAIXA;2026-07-22 13:46:06;29283,75;1187,0;GAIN;2000,0;2100,0;0,0
