dna_id,classe_dna,sequencia,aparicoes,encontrado_validacao
DNA_CA55848B861F,DNA_STOP,AJUSTE_ESTRUTURA_ACELEROU_POS > AJUSTE_ESTRUTURA_CAIU > AJUSTE_ESTRUTURA_COMPRA_ESTAVEL,14,True
DNA_CC438BE29159,DNA_GAIN,AJUSTE_ESTRUTURA_VENDA_CAIU > CONFIRMACOES_CANDIDATA_CAIU,2,True
DNA_D2BEE9B0069D,DNA_GAIN,AJUSTE_ESTRUTURA_VENDA_CAIU > CAMPANHA_ENTRADAS_ACELEROU_POS > CAMPANHA_ENTRADAS_CAIU,5,True
DNA_CAB9507E140E,DNA_GAIN,AJUSTE_ESTRUTURA_ACELEROU_NEG > AJUSTE_ESTRUTURA_CAIU > AJUSTE_ESTRUTURA_COMPRA_ACELEROU_POS > AJUSTE_ESTRUTURA_COMPRA_CAIU,7,True
DNA_E3F37591A376,DNA_STOP,AJUSTE_ESTRUTURA_COMPRA_CAIU > AJUSTE_ESTRUTURA_ESTAVEL > AJUSTE_ESTRUTURA_VENDA_ESTAVEL,13,True
DNA_A6366B77E8D0,DNA_GAIN,AJUSTE_ESTRUTURA_ACELEROU_NEG > AJUSTE_ESTRUTURA_CAIU > AJUSTE_ESTRUTURA_COMPRA_ACELEROU_POS > AJUSTE_ESTRUTURA_COMPRA_CAIU > AJUSTE_ESTRUTURA_VENDA_ACELEROU_NEG,6,True
DNA_C8954CD0A2BE,DNA_GAIN,AJUSTE_ESTRUTURA_VENDA_ACELEROU_POS > AJUSTE_ESTRUTURA_VENDA_ESTAVEL > CONFIRMACOES_CANDIDATA_ESTAVEL,9,True
DNA_55AC3640C003,DNA_GAIN,AJUSTE_ESTRUTURA_SUBIU > AJUSTE_ESTRUTURA_VENDA_ACELEROU_POS > AJUSTE_ESTRUTURA_VENDA_ESTAVEL,9,True
DNA_A18A72F5F778,DNA_GAIN,AJUSTE_ESTRUTURA_COMPRA_ESTAVEL > AJUSTE_ESTRUTURA_SUBIU > AJUSTE_ESTRUTURA_VENDA_ACELEROU_POS > AJUSTE_ESTRUTURA_VENDA_SUBIU,8,True
DNA_615C44D1EC83,DNA_STOP,AJUSTE_ESTRUTURA_COMPRA_ACELEROU_NEG > AJUSTE_ESTRUTURA_COMPRA_CAIU > AJUSTE_ESTRUTURA_ESTAVEL > AJUSTE_ESTRUTURA_VENDA_ESTAVEL,15,True
DNA_9C2330692362,DNA_STOP,AJUSTE_ESTRUTURA_COMPRA_ACELEROU_NEG > AJUSTE_ESTRUTURA_COMPRA_CAIU > AJUSTE_ESTRUTURA_ESTAVEL > AJUSTE_ESTRUTURA_VENDA_ESTAVEL,12,True
DNA_A61F45077ACD,DNA_STOP,AJUSTE_ESTRUTURA_COMPRA_CAIU > AJUSTE_ESTRUTURA_ESTAVEL > AJUSTE_ESTRUTURA_VENDA_ESTAVEL > CONFIRMACOES_CANDIDATA_ESTAVEL,9,True
DNA_B21E69DBB057,DNA_STOP,AJUSTE_ESTRUTURA_ESTAVEL > AJUSTE_ESTRUTURA_VENDA_ACELEROU_POS > AJUSTE_ESTRUTURA_VENDA_SUBIU > CONFIRMACOES_CANDIDATA_ACELEROU_POS > CONFIRMACOES_CANDIDATA_SUBIU,6,True
DNA_D00849C63E60,DNA_STOP,AJUSTE_ESTRUTURA_COMPRA_CAIU > AJUSTE_ESTRUTURA_ESTAVEL > AJUSTE_ESTRUTURA_VENDA_ESTAVEL > CONFIRMACOES_CANDIDATA_ESTAVEL,7,True
DNA_E29FF0440092,DNA_STOP,AJUSTE_ESTRUTURA_COMPRA_ACELEROU_NEG > AJUSTE_ESTRUTURA_COMPRA_CAIU > AJUSTE_ESTRUTURA_SUBIU,7,True
DNA_E3336332A6D5,DNA_STOP,AJUSTE_ESTRUTURA_ACELEROU_POS > AJUSTE_ESTRUTURA_CAIU > AJUSTE_ESTRUTURA_COMPRA_ESTAVEL > AJUSTE_ESTRUTURA_VENDA_ACELEROU_POS,9,True
DNA_AA7FAA42A1C2,DNA_STOP,AJUSTE_ESTRUTURA_ESTAVEL > AJUSTE_ESTRUTURA_VENDA_ESTAVEL > CONFIRMACOES_CANDIDATA_ACELEROU_NEG,21,True
DNA_454C2AF1E3D3,DNA_STOP,AJUSTE_ESTRUTURA_ACELEROU_POS > AJUSTE_ESTRUTURA_CAIU > AJUSTE_ESTRUTURA_COMPRA_ESTAVEL,21,True
DNA_59B7A0672312,DNA_STOP,AJUSTE_ESTRUTURA_ESTAVEL > AJUSTE_ESTRUTURA_VENDA_ESTAVEL > CONFIRMACOES_CANDIDATA_ACELEROU_NEG,38,True
DNA_0721D6E6F3C9,DNA_STOP,AJUSTE_ESTRUTURA_ACELEROU_POS > AJUSTE_ESTRUTURA_COMPRA_ACELEROU_NEG > AJUSTE_ESTRUTURA_COMPRA_CAIU,18,True
DNA_C65749F92451,DNA_STOP,AJUSTE_ESTRUTURA_COMPRA_ACELEROU_NEG > AJUSTE_ESTRUTURA_COMPRA_SUBIU > AJUSTE_ESTRUTURA_ESTAVEL > AJUSTE_ESTRUTURA_VENDA_ACELEROU_POS > AJUSTE_ESTRUTURA_VENDA_CAIU > CONFIRMACOES_CANDIDATA_ESTAVEL,10,True
DNA_3A810E62CFAB,DNA_STOP,AJUSTE_ESTRUTURA_COMPRA_ACELEROU_NEG > AJUSTE_ESTRUTURA_COMPRA_SUBIU > AJUSTE_ESTRUTURA_ESTAVEL > AJUSTE_ESTRUTURA_VENDA_ACELEROU_POS > AJUSTE_ESTRUTURA_VENDA_CAIU > CONFIRMACOES_CANDIDATA_ESTAVEL,10,True
DNA_C75189E144B6,DNA_STOP,AJUSTE_ESTRUTURA_VENDA_ACELEROU_POS > AJUSTE_ESTRUTURA_VENDA_CAIU > CONFIRMACOES_CANDIDATA_ESTAVEL,16,True
DNA_34D1682B82C7,DNA_GAIN,AJUSTE_ESTRUTURA_COMPRA_ESTAVEL > AJUSTE_ESTRUTURA_SUBIU > AJUSTE_ESTRUTURA_VENDA_ACELEROU_POS > AJUSTE_ESTRUTURA_VENDA_ESTAVEL,9,True
DNA_E0406E437ED4,DNA_STOP,AJUSTE_ESTRUTURA_COMPRA_ESTAVEL > AJUSTE_ESTRUTURA_VENDA_ACELEROU_POS > AJUSTE_ESTRUTURA_VENDA_CAIU,9,True
DNA_E23451CCC141,DNA_STOP,CAMPANHA_ENTRADAS_CAIU > CONFIRMACOES_CANDIDATA_ESTAVEL,24,True
DNA_F39FC5A561B0,DNA_STOP,CAMPANHA_ENTRADAS_CAIU > CONFIRMACOES_CANDIDATA_ESTAVEL,11,True
DNA_F91142E96C6B,DNA_STOP,AJUSTE_ESTRUTURA_COMPRA_ESTAVEL > AJUSTE_ESTRUTURA_ESTAVEL > AJUSTE_ESTRUTURA_VENDA_ACELEROU_POS > AJUSTE_ESTRUTURA_VENDA_ESTAVEL,5,True
DNA_4F2977ACA9F6,DNA_STOP,AJUSTE_ESTRUTURA_VENDA_ACELEROU_NEG > AJUSTE_ESTRUTURA_VENDA_CAIU > CAMPANHA_ENTRADAS_ACELEROU_NEG,6,True
DNA_241F450E2DE1,DNA_GAIN,AJUSTE_ESTRUTURA_VENDA_ACELEROU_POS > AJUSTE_ESTRUTURA_VENDA_CAIU > CONFIRMACOES_CANDIDATA_ACELEROU_POS > CONFIRMACOES_CANDIDATA_CAIU,10,True
DNA_CC87CC65D357,DNA_STOP,AJUSTE_ESTRUTURA_VENDA_ACELEROU_NEG > AJUSTE_ESTRUTURA_VENDA_SUBIU > CONFIRMACOES_CANDIDATA_ESTAVEL,13,True
DNA_AEB3D8FA975E,DNA_STOP,AJUSTE_ESTRUTURA_ESTAVEL > AJUSTE_ESTRUTURA_VENDA_ACELEROU_NEG > AJUSTE_ESTRUTURA_VENDA_ESTAVEL,4,True
DNA_7EE261923995,DNA_STOP,AJUSTE_ESTRUTURA_COMPRA_ESTAVEL > AJUSTE_ESTRUTURA_ESTAVEL > AJUSTE_ESTRUTURA_VENDA_ESTAVEL > CONFIRMACOES_CANDIDATA_ACELEROU_NEG,10,True
DNA_8B5DFEB81691,DNA_STOP,AJUSTE_ESTRUTURA_COMPRA_ACELEROU_POS > AJUSTE_ESTRUTURA_COMPRA_SUBIU > AJUSTE_ESTRUTURA_ESTAVEL > AJUSTE_ESTRUTURA_VENDA_ACELEROU_NEG > AJUSTE_ESTRUTURA_VENDA_CAIU > CAMPANHA_ENTRADAS_ACELEROU_NEG,6,True
DNA_41436FAF00CA,DNA_STOP,AJUSTE_ESTRUTURA_ACELEROU_POS > AJUSTE_ESTRUTURA_COMPRA_ACELEROU_NEG > AJUSTE_ESTRUTURA_COMPRA_CAIU,19,True
DNA_494555258ED6,DNA_STOP,AJUSTE_ESTRUTURA_COMPRA_ACELEROU_NEG > AJUSTE_ESTRUTURA_COMPRA_CAIU > AJUSTE_ESTRUTURA_SUBIU > AJUSTE_ESTRUTURA_VENDA_ACELEROU_POS > AJUSTE_ESTRUTURA_VENDA_SUBIU,6,True
DNA_959B8C8FDFED,DNA_STOP,AJUSTE_ESTRUTURA_VENDA_ACELEROU_NEG > AJUSTE_ESTRUTURA_VENDA_CAIU > CAMPANHA_ENTRADAS_ACELEROU_NEG > CAMPANHA_ENTRADAS_CAIU,10,True
DNA_B7901F5FE041,DNA_STOP,AJUSTE_ESTRUTURA_COMPRA_CAIU > AJUSTE_ESTRUTURA_ESTAVEL > AJUSTE_ESTRUTURA_VENDA_ESTAVEL > CONFIRMACOES_CANDIDATA_ESTAVEL,8,True
DNA_FBEDD15D0B95,DNA_STOP,AJUSTE_ESTRUTURA_ACELEROU_NEG > AJUSTE_ESTRUTURA_CAIU > AJUSTE_ESTRUTURA_COMPRA_ACELEROU_NEG > AJUSTE_ESTRUTURA_COMPRA_ESTAVEL,6,True
DNA_6FA612A87BD0,DNA_STOP,AJUSTE_ESTRUTURA_COMPRA_ESTAVEL > AJUSTE_ESTRUTURA_ESTAVEL > AJUSTE_ESTRUTURA_VENDA_ESTAVEL > CONFIRMACOES_CANDIDATA_ACELEROU_NEG > CONFIRMACOES_CANDIDATA_ESTAVEL,12,True
DNA_A1D21B1FDC5D,DNA_GAIN,AJUSTE_ESTRUTURA_COMPRA_ACELEROU_NEG > AJUSTE_ESTRUTURA_COMPRA_ESTAVEL > AJUSTE_ESTRUTURA_SUBIU > AJUSTE_ESTRUTURA_VENDA_ACELEROU_POS,10,True
DNA_DCF64349B81C,DNA_STOP,AJUSTE_ESTRUTURA_COMPRA_ACELEROU_NEG > AJUSTE_ESTRUTURA_COMPRA_CAIU,15,True
DNA_B123A1E6ECF4,DNA_STOP,AJUSTE_ESTRUTURA_COMPRA_ACELEROU_POS > AJUSTE_ESTRUTURA_COMPRA_SUBIU > AJUSTE_ESTRUTURA_SUBIU > AJUSTE_ESTRUTURA_VENDA_ACELEROU_NEG > AJUSTE_ESTRUTURA_VENDA_CAIU,6,True
DNA_02DCDED28577,DNA_STOP,AJUSTE_ESTRUTURA_VENDA_ACELEROU_NEG > AJUSTE_ESTRUTURA_VENDA_CAIU > CAMPANHA_ENTRADAS_ACELEROU_NEG,7,True
DNA_678815D30B0A,DNA_STOP,AJUSTE_ESTRUTURA_ACELEROU_NEG > AJUSTE_ESTRUTURA_COMPRA_ACELEROU_NEG > AJUSTE_ESTRUTURA_COMPRA_ESTAVEL,2,True
DNA_575CA6CFE943,DNA_STOP,AJUSTE_ESTRUTURA_ACELEROU_POS > AJUSTE_ESTRUTURA_COMPRA_ACELEROU_POS > AJUSTE_ESTRUTURA_COMPRA_ESTAVEL > AJUSTE_ESTRUTURA_ESTAVEL,5,True
DNA_DCD5DBB2C846,DNA_STOP,AJUSTE_ESTRUTURA_ACELEROU_POS > AJUSTE_ESTRUTURA_CAIU > AJUSTE_ESTRUTURA_COMPRA_ACELEROU_POS > AJUSTE_ESTRUTURA_COMPRA_CAIU > AJUSTE_ESTRUTURA_VENDA_ACELEROU_NEG,6,True
DNA_117945C7E9CD,DNA_STOP,AJUSTE_ESTRUTURA_CAIU > AJUSTE_ESTRUTURA_COMPRA_ESTAVEL > AJUSTE_ESTRUTURA_VENDA_ESTAVEL > CONFIRMACOES_CANDIDATA_ESTAVEL,11,True
DNA_0CDC5A943B30,DNA_STOP,CAMPANHA_ENTRADAS_ACELEROU_NEG > CAMPANHA_ENTRADAS_CAIU > CONFIRMACOES_CANDIDATA_ESTAVEL,11,True
DNA_4FA4C1B43082,DNA_STOP,AJUSTE_ESTRUTURA_VENDA_ACELEROU_NEG > AJUSTE_ESTRUTURA_VENDA_CAIU > CAMPANHA_ENTRADAS_ACELEROU_NEG,14,True
DNA_A51A4C41D6E0,DNA_STOP,AJUSTE_ESTRUTURA_ACELEROU_POS > AJUSTE_ESTRUTURA_COMPRA_ACELEROU_POS > AJUSTE_ESTRUTURA_COMPRA_ESTAVEL > AJUSTE_ESTRUTURA_ESTAVEL,4,True
DNA_629F4CF574CC,DNA_STOP,AJUSTE_ESTRUTURA_VENDA_SUBIU > CONFIRMACOES_CANDIDATA_ACELEROU_POS > CONFIRMACOES_CANDIDATA_CAIU,3,True
DNA_AE9EA427A06E,DNA_STOP,AJUSTE_ESTRUTURA_ACELEROU_NEG > AJUSTE_ESTRUTURA_COMPRA_ACELEROU_POS > AJUSTE_ESTRUTURA_COMPRA_SUBIU > AJUSTE_ESTRUTURA_SUBIU > AJUSTE_ESTRUTURA_VENDA_ACELEROU_NEG > AJUSTE_ESTRUTURA_VENDA_CAIU,10,True
DNA_48F2CF31D581,DNA_STOP,AJUSTE_ESTRUTURA_VENDA_ACELEROU_NEG > AJUSTE_ESTRUTURA_VENDA_CAIU > CONFIRMACOES_CANDIDATA_ACELEROU_NEG > CONFIRMACOES_CANDIDATA_CAIU,5,True
DNA_38B853F46855,DNA_STOP,AJUSTE_ESTRUTURA_ESTAVEL > AJUSTE_ESTRUTURA_VENDA_ESTAVEL > CONFIRMACOES_CANDIDATA_ACELEROU_NEG,11,True
DNA_80D64ED2D20F,DNA_STOP,AJUSTE_ESTRUTURA_ESTAVEL > AJUSTE_ESTRUTURA_VENDA_ACELEROU_POS > AJUSTE_ESTRUTURA_VENDA_SUBIU,7,True
DNA_BD16C74539AB,DNA_GAIN,AJUSTE_ESTRUTURA_VENDA_ACELEROU_POS > AJUSTE_ESTRUTURA_VENDA_CAIU > CAMPANHA_ENTRADAS_ACELEROU_POS > CAMPANHA_ENTRADAS_CAIU,6,True
DNA_A2CCB9BA9DA2,DNA_STOP,AJUSTE_ESTRUTURA_COMPRA_ESTAVEL > AJUSTE_ESTRUTURA_ESTAVEL > AJUSTE_ESTRUTURA_VENDA_ESTAVEL > CONFIRMACOES_CANDIDATA_ACELEROU_NEG,13,True
DNA_280552AE4D03,DNA_STOP,AJUSTE_ESTRUTURA_ESTAVEL > AJUSTE_ESTRUTURA_VENDA_ACELEROU_POS > AJUSTE_ESTRUTURA_VENDA_SUBIU > CONFIRMACOES_CANDIDATA_ACELEROU_POS,8,True
DNA_980C621DFC9C,DNA_STOP,AJUSTE_ESTRUTURA_ACELEROU_POS > AJUSTE_ESTRUTURA_COMPRA_ESTAVEL > AJUSTE_ESTRUTURA_ESTAVEL,6,True
DNA_2EB86B0CB4CA,DNA_STOP,AJUSTE_ESTRUTURA_VENDA_ESTAVEL > CAMPANHA_ENTRADAS_ESTAVEL,7,True
DNA_E3E076C0C2A8,DNA_STOP,AJUSTE_ESTRUTURA_VENDA_ACELEROU_POS > AJUSTE_ESTRUTURA_VENDA_CAIU > CONFIRMACOES_CANDIDATA_ACELEROU_POS > CONFIRMACOES_CANDIDATA_SUBIU,7,True
DNA_36F144CF65A6,DNA_STOP,AJUSTE_ESTRUTURA_COMPRA_ESTAVEL > AJUSTE_ESTRUTURA_VENDA_ESTAVEL > CONFIRMACOES_CANDIDATA_ESTAVEL,10,True
DNA_F31DAF631022,DNA_GAIN,AJUSTE_ESTRUTURA_VENDA_ACELEROU_POS > AJUSTE_ESTRUTURA_VENDA_CAIU > CONFIRMACOES_CANDIDATA_ACELEROU_POS > CONFIRMACOES_CANDIDATA_CAIU,13,True
DNA_39BF79999921,DNA_STOP,AJUSTE_ESTRUTURA_COMPRA_ACELEROU_POS > AJUSTE_ESTRUTURA_COMPRA_SUBIU > AJUSTE_ESTRUTURA_SUBIU > AJUSTE_ESTRUTURA_VENDA_ACELEROU_NEG > AJUSTE_ESTRUTURA_VENDA_CAIU,7,True
DNA_48D4B430C7FE,DNA_STOP,AJUSTE_ESTRUTURA_CAIU > AJUSTE_ESTRUTURA_COMPRA_ACELEROU_POS > AJUSTE_ESTRUTURA_COMPRA_CAIU > AJUSTE_ESTRUTURA_VENDA_ACELEROU_NEG > AJUSTE_ESTRUTURA_VENDA_SUBIU,10,True
DNA_2539A49474E0,DNA_STOP,AJUSTE_ESTRUTURA_COMPRA_SUBIU > AJUSTE_ESTRUTURA_ESTAVEL > AJUSTE_ESTRUTURA_VENDA_ESTAVEL,8,True
DNA_47B9488E2463,DNA_STOP,CAMPANHA_ENTRADAS_ESTAVEL > CONFIRMACOES_CANDIDATA_ESTAVEL,11,True
DNA_449B83635188,DNA_GAIN,CAMPANHA_ENTRADAS_ACELEROU_POS > CAMPANHA_ENTRADAS_CAIU > CONFIRMACOES_CANDIDATA_ACELEROU_POS,4,True
DNA_9CCB6FCCE9D7,DNA_GAIN,AJUSTE_ESTRUTURA_ACELEROU_POS > AJUSTE_ESTRUTURA_COMPRA_ESTAVEL > AJUSTE_ESTRUTURA_ESTAVEL,9,True
DNA_CB74299F180D,DNA_GAIN,AJUSTE_ESTRUTURA_ACELEROU_NEG > AJUSTE_ESTRUTURA_COMPRA_ACELEROU_NEG > AJUSTE_ESTRUTURA_COMPRA_ESTAVEL > AJUSTE_ESTRUTURA_SUBIU,7,True
DNA_B608926487D8,DNA_GAIN,AJUSTE_ESTRUTURA_VENDA_CAIU > CONFIRMACOES_CANDIDATA_CAIU,4,True
DNA_C89225A60A2F,DNA_STOP,AJUSTE_ESTRUTURA_COMPRA_ESTAVEL > AJUSTE_ESTRUTURA_SUBIU > AJUSTE_ESTRUTURA_VENDA_ACELEROU_NEG,7,True
DNA_5D6059A4B67E,DNA_STOP,AJUSTE_ESTRUTURA_COMPRA_CAIU > AJUSTE_ESTRUTURA_ESTAVEL > AJUSTE_ESTRUTURA_VENDA_ACELEROU_POS > AJUSTE_ESTRUTURA_VENDA_SUBIU,21,True
DNA_270AC6A9E750,DNA_GAIN,AJUSTE_ESTRUTURA_SUBIU > AJUSTE_ESTRUTURA_VENDA_ACELEROU_POS > AJUSTE_ESTRUTURA_VENDA_ESTAVEL,8,True
DNA_168BDE65953C,DNA_STOP,AJUSTE_ESTRUTURA_ACELEROU_POS > AJUSTE_ESTRUTURA_CAIU,8,True
DNA_C730BE8095AC,DNA_GAIN,AJUSTE_ESTRUTURA_CAIU > AJUSTE_ESTRUTURA_COMPRA_ACELEROU_NEG > AJUSTE_ESTRUTURA_COMPRA_SUBIU > AJUSTE_ESTRUTURA_VENDA_ACELEROU_POS > AJUSTE_ESTRUTURA_VENDA_CAIU,5,True
DNA_17E1B7EE1B7F,DNA_GAIN,AJUSTE_ESTRUTURA_VENDA_ACELEROU_POS > AJUSTE_ESTRUTURA_VENDA_CAIU > CAMPANHA_ENTRADAS_ACELEROU_POS,4,True
DNA_B8B7901F2244,DNA_GAIN,AJUSTE_ESTRUTURA_ESTAVEL > AJUSTE_ESTRUTURA_VENDA_ACELEROU_POS > AJUSTE_ESTRUTURA_VENDA_CAIU > CONFIRMACOES_CANDIDATA_ACELEROU_POS,6,True
DNA_B9D6DF562BD6,DNA_GAIN,AJUSTE_ESTRUTURA_COMPRA_ACELEROU_NEG > AJUSTE_ESTRUTURA_COMPRA_ESTAVEL > AJUSTE_ESTRUTURA_SUBIU > AJUSTE_ESTRUTURA_VENDA_ACELEROU_POS,10,True
DNA_098752346F64,DNA_GAIN,AJUSTE_ESTRUTURA_VENDA_CAIU > CONFIRMACOES_CANDIDATA_CAIU,2,True
DNA_12165350A8AA,DNA_GAIN,AJUSTE_ESTRUTURA_COMPRA_ACELEROU_POS > AJUSTE_ESTRUTURA_COMPRA_SUBIU > AJUSTE_ESTRUTURA_ESTAVEL > AJUSTE_ESTRUTURA_VENDA_ACELEROU_NEG > AJUSTE_ESTRUTURA_VENDA_CAIU > CONFIRMACOES_CANDIDATA_ACELEROU_POS,5,True
DNA_BDDAB55D5E78,DNA_STOP,AJUSTE_ESTRUTURA_ESTAVEL > AJUSTE_ESTRUTURA_VENDA_ESTAVEL,59,True
DNA_DF8EBE9D9DFF,DNA_STOP,AJUSTE_ESTRUTURA_VENDA_ACELEROU_NEG > AJUSTE_ESTRUTURA_VENDA_CAIU > CAMPANHA_ENTRADAS_ACELEROU_NEG,27,True
DNA_6E65B1A267EF,DNA_STOP,AJUSTE_ESTRUTURA_ACELEROU_POS > AJUSTE_ESTRUTURA_COMPRA_ACELEROU_POS > AJUSTE_ESTRUTURA_COMPRA_SUBIU > AJUSTE_ESTRUTURA_SUBIU > AJUSTE_ESTRUTURA_VENDA_ACELEROU_NEG,5,True
DNA_A46A006CDACD,DNA_STOP,AJUSTE_ESTRUTURA_ESTAVEL > AJUSTE_ESTRUTURA_VENDA_ACELEROU_NEG > AJUSTE_ESTRUTURA_VENDA_ESTAVEL > CONFIRMACOES_CANDIDATA_ACELEROU_NEG,3,True
DNA_757C6CFC0731,DNA_STOP,AJUSTE_ESTRUTURA_VENDA_ACELEROU_NEG > AJUSTE_ESTRUTURA_VENDA_SUBIU > CAMPANHA_ENTRADAS_ACELEROU_POS > CAMPANHA_ENTRADAS_CAIU,4,True
DNA_52E0D6369D55,DNA_STOP,AJUSTE_ESTRUTURA_ESTAVEL > AJUSTE_ESTRUTURA_VENDA_ACELEROU_POS > AJUSTE_ESTRUTURA_VENDA_SUBIU > CONFIRMACOES_CANDIDATA_ACELEROU_NEG,15,True
DNA_01A2AC5DEF00,DNA_STOP,AJUSTE_ESTRUTURA_ACELEROU_NEG > AJUSTE_ESTRUTURA_COMPRA_ACELEROU_POS > AJUSTE_ESTRUTURA_COMPRA_SUBIU > AJUSTE_ESTRUTURA_SUBIU > AJUSTE_ESTRUTURA_VENDA_ACELEROU_NEG > AJUSTE_ESTRUTURA_VENDA_CAIU,7,True
DNA_B92FE778CF45,DNA_STOP,AJUSTE_ESTRUTURA_COMPRA_ACELEROU_POS > AJUSTE_ESTRUTURA_COMPRA_ESTAVEL > AJUSTE_ESTRUTURA_ESTAVEL > AJUSTE_ESTRUTURA_VENDA_ACELEROU_NEG > AJUSTE_ESTRUTURA_VENDA_ESTAVEL,4,True
DNA_0DDD8BFE6E7B,DNA_STOP,AJUSTE_ESTRUTURA_ACELEROU_POS > AJUSTE_ESTRUTURA_COMPRA_ACELEROU_NEG > AJUSTE_ESTRUTURA_COMPRA_CAIU,2,True
DNA_43691691DA74,DNA_STOP,AJUSTE_ESTRUTURA_VENDA_CAIU > CAMPANHA_ENTRADAS_ACELEROU_NEG > CAMPANHA_ENTRADAS_CAIU,7,True
DNA_0F5FE823FA32,DNA_STOP,AJUSTE_ESTRUTURA_ACELEROU_POS > AJUSTE_ESTRUTURA_COMPRA_ACELEROU_NEG > AJUSTE_ESTRUTURA_COMPRA_ESTAVEL,2,True
DNA_9D0C557BE9C4,DNA_STOP,AJUSTE_ESTRUTURA_VENDA_CAIU > CAMPANHA_ENTRADAS_ACELEROU_POS > CAMPANHA_ENTRADAS_CAIU,9,True
DNA_527C537E9BBB,DNA_STOP,CAMPANHA_ENTRADAS_CAIU > CONFIRMACOES_CANDIDATA_ACELEROU_NEG > CONFIRMACOES_CANDIDATA_ESTAVEL,8,True
DNA_A41B4686A648,DNA_STOP,AJUSTE_ESTRUTURA_COMPRA_ACELEROU_POS > AJUSTE_ESTRUTURA_COMPRA_SUBIU > AJUSTE_ESTRUTURA_SUBIU,3,True
DNA_F8D212E57228,DNA_STOP,AJUSTE_ESTRUTURA_ACELEROU_POS > AJUSTE_ESTRUTURA_COMPRA_ACELEROU_NEG > AJUSTE_ESTRUTURA_COMPRA_CAIU > AJUSTE_ESTRUTURA_ESTAVEL,14,True
DNA_EA8B627CAB0A,DNA_STOP,AJUSTE_ESTRUTURA_COMPRA_CAIU > AJUSTE_ESTRUTURA_VENDA_ACELEROU_NEG,4,True
DNA_8CCDCFA5D8AB,DNA_STOP,AJUSTE_ESTRUTURA_SUBIU > AJUSTE_ESTRUTURA_VENDA_ACELEROU_NEG > AJUSTE_ESTRUTURA_VENDA_SUBIU,7,True
DNA_D13CB1CF8A67,DNA_STOP,AJUSTE_ESTRUTURA_COMPRA_SUBIU > AJUSTE_ESTRUTURA_VENDA_ACELEROU_NEG,4,True
DNA_66AC9CFEA710,DNA_STOP,AJUSTE_ESTRUTURA_COMPRA_ESTAVEL > AJUSTE_ESTRUTURA_ESTAVEL > AJUSTE_ESTRUTURA_VENDA_ACELEROU_NEG,6,True
DNA_1DB7D86FEC6F,DNA_STOP,AJUSTE_ESTRUTURA_ACELEROU_POS > AJUSTE_ESTRUTURA_COMPRA_ACELEROU_POS > AJUSTE_ESTRUTURA_COMPRA_SUBIU > AJUSTE_ESTRUTURA_SUBIU > AJUSTE_ESTRUTURA_VENDA_ACELEROU_NEG,5,True
DNA_C933D2E4159C,DNA_STOP,AJUSTE_ESTRUTURA_VENDA_ACELEROU_NEG > AJUSTE_ESTRUTURA_VENDA_CAIU > CAMPANHA_ENTRADAS_ACELEROU_NEG > CAMPANHA_ENTRADAS_CAIU,4,True
DNA_AC5D9139B93E,DNA_STOP,AJUSTE_ESTRUTURA_COMPRA_ESTAVEL > AJUSTE_ESTRUTURA_SUBIU > AJUSTE_ESTRUTURA_VENDA_ACELEROU_NEG,6,True
DNA_239E845429E1,DNA_STOP,AJUSTE_ESTRUTURA_VENDA_ACELEROU_NEG > AJUSTE_ESTRUTURA_VENDA_SUBIU > CAMPANHA_ENTRADAS_ACELEROU_POS,6,True
DNA_DD3F96881643,DNA_STOP,AJUSTE_ESTRUTURA_ACELEROU_NEG > AJUSTE_ESTRUTURA_CAIU > AJUSTE_ESTRUTURA_COMPRA_ACELEROU_NEG > AJUSTE_ESTRUTURA_COMPRA_CAIU,4,True
DNA_B908787D59CD,DNA_STOP,AJUSTE_ESTRUTURA_COMPRA_ACELEROU_NEG > AJUSTE_ESTRUTURA_COMPRA_ESTAVEL > AJUSTE_ESTRUTURA_ESTAVEL,3,True
DNA_3E56B70A731F,DNA_STOP,AJUSTE_ESTRUTURA_ESTAVEL > AJUSTE_ESTRUTURA_VENDA_ACELEROU_NEG > AJUSTE_ESTRUTURA_VENDA_ESTAVEL > CONFIRMACOES_CANDIDATA_ACELEROU_NEG,4,True
DNA_AAF0124FD7BD,DNA_STOP,AJUSTE_ESTRUTURA_VENDA_ACELEROU_NEG > AJUSTE_ESTRUTURA_VENDA_SUBIU > CONFIRMACOES_CANDIDATA_ACELEROU_POS > CONFIRMACOES_CANDIDATA_CAIU,3,True
DNA_0404D240F778,DNA_STOP,AJUSTE_ESTRUTURA_VENDA_ACELEROU_POS > AJUSTE_ESTRUTURA_VENDA_SUBIU > CONFIRMACOES_CANDIDATA_ACELEROU_NEG > CONFIRMACOES_CANDIDATA_ESTAVEL,5,True
DNA_BA2AECE01079,DNA_STOP,CAMPANHA_ENTRADAS_ACELEROU_POS > CAMPANHA_ENTRADAS_CAIU > CONFIRMACOES_CANDIDATA_ACELEROU_POS,7,True
DNA_B01B2D10C0E7,DNA_STOP,AJUSTE_ESTRUTURA_ACELEROU_POS > AJUSTE_ESTRUTURA_COMPRA_ACELEROU_NEG > AJUSTE_ESTRUTURA_COMPRA_CAIU,3,True
DNA_CE50009D9771,DNA_STOP,CAMPANHA_ENTRADAS_CAIU > CONFIRMACOES_CANDIDATA_ACELEROU_POS > CONFIRMACOES_CANDIDATA_CAIU,8,True
DNA_C95F1A27E8FF,DNA_STOP,AJUSTE_ESTRUTURA_VENDA_ACELEROU_NEG > AJUSTE_ESTRUTURA_VENDA_SUBIU > CAMPANHA_ENTRADAS_ACELEROU_POS,10,True
DNA_2A22C099C159,DNA_STOP,AJUSTE_ESTRUTURA_COMPRA_CAIU > AJUSTE_ESTRUTURA_ESTAVEL > AJUSTE_ESTRUTURA_VENDA_ESTAVEL,11,True
DNA_220F5CDB9A4C,DNA_STOP,AJUSTE_ESTRUTURA_VENDA_ACELEROU_NEG > AJUSTE_ESTRUTURA_VENDA_ESTAVEL > CONFIRMACOES_CANDIDATA_ESTAVEL,9,True
DNA_C7B9F0A98B44,DNA_STOP,AJUSTE_ESTRUTURA_COMPRA_ACELEROU_NEG > AJUSTE_ESTRUTURA_COMPRA_CAIU > AJUSTE_ESTRUTURA_ESTAVEL > AJUSTE_ESTRUTURA_VENDA_ACELEROU_POS > AJUSTE_ESTRUTURA_VENDA_SUBIU,20,True
DNA_1D4899DEA527,DNA_GAIN,AJUSTE_ESTRUTURA_ACELEROU_POS > AJUSTE_ESTRUTURA_SUBIU,5,True
DNA_D543EFFA0C30,DNA_STOP,AJUSTE_ESTRUTURA_COMPRA_ACELEROU_NEG > AJUSTE_ESTRUTURA_COMPRA_CAIU > AJUSTE_ESTRUTURA_ESTAVEL > AJUSTE_ESTRUTURA_VENDA_ACELEROU_POS > AJUSTE_ESTRUTURA_VENDA_SUBIU,40,True
DNA_E3A1FE45AED7,DNA_STOP,AJUSTE_ESTRUTURA_COMPRA_ESTAVEL > AJUSTE_ESTRUTURA_ESTAVEL > AJUSTE_ESTRUTURA_VENDA_ESTAVEL > CONFIRMACOES_CANDIDATA_ACELEROU_NEG,28,True
DNA_0F6BB946407D,DNA_GAIN,AJUSTE_ESTRUTURA_CAIU > AJUSTE_ESTRUTURA_VENDA_ACELEROU_POS,3,True
DNA_5FF182AC503E,DNA_GAIN,AJUSTE_ESTRUTURA_ACELEROU_NEG > AJUSTE_ESTRUTURA_CAIU > AJUSTE_ESTRUTURA_COMPRA_ESTAVEL > AJUSTE_ESTRUTURA_VENDA_ACELEROU_POS,10,True
DNA_C5989630D0E0,DNA_STOP,AJUSTE_ESTRUTURA_ESTAVEL > AJUSTE_ESTRUTURA_VENDA_ESTAVEL > CONFIRMACOES_CANDIDATA_ACELEROU_NEG,17,True
DNA_8922D4425ADE,DNA_STOP,AJUSTE_ESTRUTURA_VENDA_ESTAVEL > CAMPANHA_ENTRADAS_ESTAVEL,16,True
DNA_CBF35243CF41,DNA_GAIN,AJUSTE_ESTRUTURA_COMPRA_CAIU > AJUSTE_ESTRUTURA_VENDA_ACELEROU_POS > AJUSTE_ESTRUTURA_VENDA_SUBIU,3,True
DNA_6D697D805F35,DNA_GAIN,AJUSTE_ESTRUTURA_CAIU > AJUSTE_ESTRUTURA_COMPRA_ACELEROU_NEG > AJUSTE_ESTRUTURA_COMPRA_CAIU,6,True
DNA_AA315E3E83FE,DNA_STOP,AJUSTE_ESTRUTURA_COMPRA_ESTAVEL > AJUSTE_ESTRUTURA_VENDA_ACELEROU_NEG,7,True
DNA_1E793D741215,DNA_GAIN,AJUSTE_ESTRUTURA_SUBIU > AJUSTE_ESTRUTURA_VENDA_ACELEROU_POS > AJUSTE_ESTRUTURA_VENDA_SUBIU > CONFIRMACOES_CANDIDATA_ACELEROU_NEG > CONFIRMACOES_CANDIDATA_ESTAVEL,7,True
DNA_F4EFDE913E65,DNA_GAIN,AJUSTE_ESTRUTURA_COMPRA_ESTAVEL > AJUSTE_ESTRUTURA_VENDA_ACELEROU_NEG,5,True
DNA_DD51CE690AD9,DNA_STOP,AJUSTE_ESTRUTURA_COMPRA_ESTAVEL > AJUSTE_ESTRUTURA_ESTAVEL > AJUSTE_ESTRUTURA_VENDA_ACELEROU_NEG > AJUSTE_ESTRUTURA_VENDA_ESTAVEL,9,True
DNA_752D85E593E4,DNA_STOP,AJUSTE_ESTRUTURA_VENDA_ESTAVEL > CONFIRMACOES_CANDIDATA_SUBIU,6,True
DNA_66F37DEE2F20,DNA_STOP,AJUSTE_ESTRUTURA_COMPRA_ACELEROU_NEG > AJUSTE_ESTRUTURA_COMPRA_CAIU > AJUSTE_ESTRUTURA_ESTAVEL > AJUSTE_ESTRUTURA_VENDA_ACELEROU_POS > AJUSTE_ESTRUTURA_VENDA_SUBIU,34,True
DNA_370E5ECFD599,DNA_STOP,AJUSTE_ESTRUTURA_COMPRA_ACELEROU_POS > AJUSTE_ESTRUTURA_COMPRA_CAIU > AJUSTE_ESTRUTURA_ESTAVEL,12,True
DNA_4620A3000395,DNA_STOP,AJUSTE_ESTRUTURA_COMPRA_ESTAVEL > AJUSTE_ESTRUTURA_VENDA_ACELEROU_POS > AJUSTE_ESTRUTURA_VENDA_CAIU,11,True
DNA_CDE5325D0F02,DNA_STOP,AJUSTE_ESTRUTURA_VENDA_ACELEROU_POS > AJUSTE_ESTRUTURA_VENDA_CAIU > CONFIRMACOES_CANDIDATA_ACELEROU_POS > CONFIRMACOES_CANDIDATA_SUBIU,13,True
DNA_4AF1D5F50CC2,DNA_STOP,AJUSTE_ESTRUTURA_ACELEROU_POS > AJUSTE_ESTRUTURA_CAIU > AJUSTE_ESTRUTURA_COMPRA_ESTAVEL,30,True
DNA_6CEF91CE8DEB,DNA_GAIN,AJUSTE_ESTRUTURA_ESTAVEL > AJUSTE_ESTRUTURA_VENDA_ACELEROU_POS > AJUSTE_ESTRUTURA_VENDA_CAIU > CONFIRMACOES_CANDIDATA_ACELEROU_POS > CONFIRMACOES_CANDIDATA_CAIU,5,True
DNA_1F43317DBDF1,DNA_STOP,AJUSTE_ESTRUTURA_COMPRA_ESTAVEL > AJUSTE_ESTRUTURA_ESTAVEL > AJUSTE_ESTRUTURA_VENDA_ACELEROU_NEG > AJUSTE_ESTRUTURA_VENDA_ESTAVEL,22,True
DNA_86B4984E6916,DNA_STOP,AJUSTE_ESTRUTURA_COMPRA_CAIU > AJUSTE_ESTRUTURA_ESTAVEL > AJUSTE_ESTRUTURA_VENDA_ACELEROU_POS > AJUSTE_ESTRUTURA_VENDA_SUBIU,18,True
DNA_AACC8236FADF,DNA_STOP,AJUSTE_ESTRUTURA_COMPRA_ACELEROU_NEG > AJUSTE_ESTRUTURA_COMPRA_CAIU > AJUSTE_ESTRUTURA_ESTAVEL > AJUSTE_ESTRUTURA_VENDA_ACELEROU_POS > AJUSTE_ESTRUTURA_VENDA_SUBIU,16,True
DNA_0DB4B4CC9BFE,DNA_STOP,CONFIRMACOES_CANDIDATA_ACELEROU_POS > CONFIRMACOES_CANDIDATA_ESTAVEL,8,True
DNA_7F9214FF9BBF,DNA_STOP,AJUSTE_ESTRUTURA_CAIU > AJUSTE_ESTRUTURA_COMPRA_ESTAVEL > AJUSTE_ESTRUTURA_VENDA_ESTAVEL,18,True
DNA_4B7CA5C2C782,DNA_STOP,AJUSTE_ESTRUTURA_VENDA_CAIU > CONFIRMACOES_CANDIDATA_ACELEROU_NEG > CONFIRMACOES_CANDIDATA_CAIU,3,True
DNA_628F787ED9B5,DNA_GAIN,AJUSTE_ESTRUTURA_COMPRA_ACELEROU_NEG > AJUSTE_ESTRUTURA_COMPRA_SUBIU > AJUSTE_ESTRUTURA_SUBIU > AJUSTE_ESTRUTURA_VENDA_ACELEROU_POS > AJUSTE_ESTRUTURA_VENDA_CAIU > CONFIRMACOES_CANDIDATA_ACELEROU_POS,7,True
DNA_27EB99DE00C9,DNA_STOP,AJUSTE_ESTRUTURA_COMPRA_ESTAVEL > AJUSTE_ESTRUTURA_SUBIU > AJUSTE_ESTRUTURA_VENDA_ESTAVEL,8,True
DNA_0F9D05010CF8,DNA_STOP,AJUSTE_ESTRUTURA_ACELEROU_POS > AJUSTE_ESTRUTURA_COMPRA_ACELEROU_POS > AJUSTE_ESTRUTURA_COMPRA_ESTAVEL,13,True
DNA_532BE335AAA8,DNA_STOP,AJUSTE_ESTRUTURA_COMPRA_SUBIU > AJUSTE_ESTRUTURA_VENDA_ACELEROU_NEG,16,True
DNA_B5173119E64D,DNA_STOP,AJUSTE_ESTRUTURA_COMPRA_ACELEROU_NEG > AJUSTE_ESTRUTURA_COMPRA_CAIU > AJUSTE_ESTRUTURA_ESTAVEL > AJUSTE_ESTRUTURA_VENDA_ACELEROU_POS,21,True
DNA_F4AED977ED52,DNA_STOP,AJUSTE_ESTRUTURA_SUBIU > AJUSTE_ESTRUTURA_VENDA_ACELEROU_POS > AJUSTE_ESTRUTURA_VENDA_SUBIU,6,True
DNA_F7CCC5382459,DNA_STOP,AJUSTE_ESTRUTURA_VENDA_CAIU > CONFIRMACOES_CANDIDATA_ACELEROU_POS > CONFIRMACOES_CANDIDATA_SUBIU,16,True
DNA_16D7C5F77E91,DNA_STOP,AJUSTE_ESTRUTURA_ACELEROU_NEG > AJUSTE_ESTRUTURA_COMPRA_ACELEROU_NEG > AJUSTE_ESTRUTURA_COMPRA_ESTAVEL > AJUSTE_ESTRUTURA_ESTAVEL,5,True
DNA_DC03BCF36072,DNA_STOP,AJUSTE_ESTRUTURA_ACELEROU_POS > AJUSTE_ESTRUTURA_COMPRA_ACELEROU_NEG > AJUSTE_ESTRUTURA_COMPRA_CAIU > AJUSTE_ESTRUTURA_ESTAVEL,14,True
DNA_B325CC709842,DNA_STOP,AJUSTE_ESTRUTURA_COMPRA_ACELEROU_NEG > AJUSTE_ESTRUTURA_COMPRA_ESTAVEL > AJUSTE_ESTRUTURA_SUBIU,6,True
DNA_EF2D362205FC,DNA_STOP,AJUSTE_ESTRUTURA_VENDA_ESTAVEL > CAMPANHA_ENTRADAS_ESTAVEL,11,True
DNA_BFC95FE3F66A,DNA_STOP,AJUSTE_ESTRUTURA_VENDA_ESTAVEL > CONFIRMACOES_CANDIDATA_SUBIU,5,True
DNA_6EDC41322556,DNA_STOP,AJUSTE_ESTRUTURA_VENDA_ACELEROU_NEG > AJUSTE_ESTRUTURA_VENDA_ESTAVEL > CONFIRMACOES_CANDIDATA_ACELEROU_POS,8,True
DNA_B2D4FA3AE6B0,DNA_STOP,AJUSTE_ESTRUTURA_VENDA_ACELEROU_POS > AJUSTE_ESTRUTURA_VENDA_SUBIU > CONFIRMACOES_CANDIDATA_ACELEROU_NEG,7,True
DNA_0F3CE53D7650,DNA_GAIN,AJUSTE_ESTRUTURA_SUBIU > AJUSTE_ESTRUTURA_VENDA_ACELEROU_POS > AJUSTE_ESTRUTURA_VENDA_SUBIU > CONFIRMACOES_CANDIDATA_ACELEROU_NEG > CONFIRMACOES_CANDIDATA_ESTAVEL,9,True
DNA_FA7BD00B022E,DNA_GAIN,AJUSTE_ESTRUTURA_ACELEROU_NEG > AJUSTE_ESTRUTURA_CAIU > AJUSTE_ESTRUTURA_COMPRA_ACELEROU_POS > AJUSTE_ESTRUTURA_COMPRA_CAIU > AJUSTE_ESTRUTURA_VENDA_ACELEROU_NEG,7,True
DNA_7E0528E09E26,DNA_GAIN,AJUSTE_ESTRUTURA_COMPRA_SUBIU > AJUSTE_ESTRUTURA_SUBIU > AJUSTE_ESTRUTURA_VENDA_ACELEROU_POS > AJUSTE_ESTRUTURA_VENDA_CAIU > CONFIRMACOES_CANDIDATA_ACELEROU_POS > CONFIRMACOES_CANDIDATA_CAIU,8,True
DNA_C3E62B6C5269,DNA_GAIN,AJUSTE_ESTRUTURA_COMPRA_ACELEROU_NEG > AJUSTE_ESTRUTURA_COMPRA_SUBIU > AJUSTE_ESTRUTURA_SUBIU > AJUSTE_ESTRUTURA_VENDA_ACELEROU_POS > AJUSTE_ESTRUTURA_VENDA_CAIU > CONFIRMACOES_CANDIDATA_ACELEROU_POS,8,True
DNA_ADE909EAB40C,DNA_STOP,AJUSTE_ESTRUTURA_COMPRA_ESTAVEL > AJUSTE_ESTRUTURA_ESTAVEL > AJUSTE_ESTRUTURA_VENDA_ESTAVEL > CONFIRMACOES_CANDIDATA_ESTAVEL,24,True
DNA_2F81D1AF8F8D,DNA_STOP,AJUSTE_ESTRUTURA_ACELEROU_NEG > AJUSTE_ESTRUTURA_COMPRA_ACELEROU_POS > AJUSTE_ESTRUTURA_COMPRA_SUBIU,15,True
DNA_C06285A630DD,DNA_STOP,AJUSTE_ESTRUTURA_VENDA_SUBIU > CONFIRMACOES_CANDIDATA_ACELEROU_POS,8,True
DNA_9EFBCD98CBED,DNA_STOP,AJUSTE_ESTRUTURA_COMPRA_ESTAVEL > AJUSTE_ESTRUTURA_ESTAVEL > AJUSTE_ESTRUTURA_VENDA_ACELEROU_NEG > AJUSTE_ESTRUTURA_VENDA_ESTAVEL,15,True
DNA_0B7B4EA435EA,DNA_STOP,AJUSTE_ESTRUTURA_VENDA_ACELEROU_NEG > AJUSTE_ESTRUTURA_VENDA_CAIU > CAMPANHA_ENTRADAS_ACELEROU_NEG > CAMPANHA_ENTRADAS_CAIU,9,True
DNA_801455E7B190,DNA_STOP,AJUSTE_ESTRUTURA_COMPRA_ESTAVEL > AJUSTE_ESTRUTURA_VENDA_ACELEROU_NEG > AJUSTE_ESTRUTURA_VENDA_ESTAVEL,5,True
DNA_CB7226A14E54,DNA_STOP,AJUSTE_ESTRUTURA_SUBIU > AJUSTE_ESTRUTURA_VENDA_ACELEROU_NEG > AJUSTE_ESTRUTURA_VENDA_ESTAVEL,8,True
DNA_DC1EF7E69080,DNA_STOP,AJUSTE_ESTRUTURA_ESTAVEL > AJUSTE_ESTRUTURA_VENDA_ESTAVEL > CONFIRMACOES_CANDIDATA_ACELEROU_NEG,12,True
DNA_2D385610730A,DNA_STOP,AJUSTE_ESTRUTURA_ESTAVEL > AJUSTE_ESTRUTURA_VENDA_ACELEROU_POS > AJUSTE_ESTRUTURA_VENDA_SUBIU > CONFIRMACOES_CANDIDATA_ACELEROU_POS,8,True
DNA_5E844DE1A903,DNA_STOP,AJUSTE_ESTRUTURA_COMPRA_ACELEROU_NEG > AJUSTE_ESTRUTURA_COMPRA_SUBIU > AJUSTE_ESTRUTURA_ESTAVEL > AJUSTE_ESTRUTURA_VENDA_ACELEROU_POS > AJUSTE_ESTRUTURA_VENDA_CAIU,13,True
DNA_13989E9F24E9,DNA_STOP,AJUSTE_ESTRUTURA_CAIU > AJUSTE_ESTRUTURA_COMPRA_ACELEROU_POS > AJUSTE_ESTRUTURA_COMPRA_SUBIU > AJUSTE_ESTRUTURA_VENDA_ACELEROU_NEG > AJUSTE_ESTRUTURA_VENDA_CAIU,11,True
DNA_2AA78FEE2F3D,DNA_STOP,AJUSTE_ESTRUTURA_CAIU > AJUSTE_ESTRUTURA_COMPRA_ACELEROU_NEG > AJUSTE_ESTRUTURA_COMPRA_ESTAVEL,8,True
DNA_CEA0D4DD30CF,DNA_STOP,AJUSTE_ESTRUTURA_VENDA_ESTAVEL > CONFIRMACOES_CANDIDATA_ACELEROU_POS > CONFIRMACOES_CANDIDATA_CAIU,25,True
DNA_5C67446DBC61,DNA_STOP,AJUSTE_ESTRUTURA_ACELEROU_POS > AJUSTE_ESTRUTURA_COMPRA_ACELEROU_POS > AJUSTE_ESTRUTURA_COMPRA_SUBIU > AJUSTE_ESTRUTURA_SUBIU > AJUSTE_ESTRUTURA_VENDA_ACELEROU_NEG > AJUSTE_ESTRUTURA_VENDA_CAIU,12,True
DNA_AA02437A95B4,DNA_STOP,AJUSTE_ESTRUTURA_ESTAVEL > AJUSTE_ESTRUTURA_VENDA_ACELEROU_NEG > AJUSTE_ESTRUTURA_VENDA_ESTAVEL > CONFIRMACOES_CANDIDATA_ACELEROU_NEG,2,True
DNA_D57518E95A6C,DNA_STOP,AJUSTE_ESTRUTURA_COMPRA_ESTAVEL > AJUSTE_ESTRUTURA_VENDA_ACELEROU_NEG,6,True
DNA_AFF3F0195078,DNA_STOP,AJUSTE_ESTRUTURA_VENDA_ACELEROU_POS > AJUSTE_ESTRUTURA_VENDA_CAIU > CONFIRMACOES_CANDIDATA_ESTAVEL,38,True
DNA_BAA5BFFDC026,DNA_STOP,AJUSTE_ESTRUTURA_VENDA_SUBIU > CAMPANHA_ENTRADAS_ACELEROU_NEG,18,True
DNA_CF7C4A6B5337,DNA_STOP,AJUSTE_ESTRUTURA_COMPRA_ESTAVEL > AJUSTE_ESTRUTURA_VENDA_ACELEROU_NEG > AJUSTE_ESTRUTURA_VENDA_ESTAVEL,3,True
DNA_0FC8CD8EFED0,DNA_STOP,AJUSTE_ESTRUTURA_COMPRA_ACELEROU_NEG > AJUSTE_ESTRUTURA_COMPRA_ESTAVEL > AJUSTE_ESTRUTURA_SUBIU,3,True
DNA_A2C25249A193,DNA_GAIN,AJUSTE_ESTRUTURA_COMPRA_SUBIU > AJUSTE_ESTRUTURA_SUBIU > AJUSTE_ESTRUTURA_VENDA_ACELEROU_POS > AJUSTE_ESTRUTURA_VENDA_CAIU > CONFIRMACOES_CANDIDATA_ACELEROU_POS > CONFIRMACOES_CANDIDATA_CAIU,6,True
DNA_11B91A053005,DNA_STOP,AJUSTE_ESTRUTURA_ESTAVEL > AJUSTE_ESTRUTURA_VENDA_ACELEROU_POS > AJUSTE_ESTRUTURA_VENDA_SUBIU > CONFIRMACOES_CANDIDATA_ACELEROU_NEG,12,True
DNA_B22497B06940,DNA_STOP,AJUSTE_ESTRUTURA_COMPRA_ACELEROU_NEG > AJUSTE_ESTRUTURA_COMPRA_CAIU > AJUSTE_ESTRUTURA_ESTAVEL > AJUSTE_ESTRUTURA_VENDA_ACELEROU_POS > AJUSTE_ESTRUTURA_VENDA_SUBIU,18,True
DNA_0ACFAB4AE0CD,DNA_STOP,AJUSTE_ESTRUTURA_ACELEROU_POS > AJUSTE_ESTRUTURA_CAIU > AJUSTE_ESTRUTURA_COMPRA_ACELEROU_POS,18,True
DNA_C18E60093772,DNA_STOP,AJUSTE_ESTRUTURA_VENDA_ESTAVEL > CONFIRMACOES_CANDIDATA_ACELEROU_POS > CONFIRMACOES_CANDIDATA_CAIU,21,True
DNA_CB717D7599A0,DNA_STOP,AJUSTE_ESTRUTURA_COMPRA_SUBIU > AJUSTE_ESTRUTURA_VENDA_ACELEROU_NEG > AJUSTE_ESTRUTURA_VENDA_CAIU,15,True
DNA_5B29B166BC76,DNA_STOP,AJUSTE_ESTRUTURA_COMPRA_ACELEROU_POS > AJUSTE_ESTRUTURA_COMPRA_CAIU > AJUSTE_ESTRUTURA_ESTAVEL > AJUSTE_ESTRUTURA_VENDA_ACELEROU_NEG > AJUSTE_ESTRUTURA_VENDA_SUBIU,5,True
DNA_15753472146B,DNA_STOP,AJUSTE_ESTRUTURA_CAIU > AJUSTE_ESTRUTURA_COMPRA_ACELEROU_POS > AJUSTE_ESTRUTURA_COMPRA_CAIU > AJUSTE_ESTRUTURA_VENDA_ACELEROU_NEG > AJUSTE_ESTRUTURA_VENDA_SUBIU,7,True
DNA_24FF85DB4724,DNA_STOP,AJUSTE_ESTRUTURA_COMPRA_ESTAVEL > AJUSTE_ESTRUTURA_ESTAVEL > AJUSTE_ESTRUTURA_VENDA_ACELEROU_NEG > AJUSTE_ESTRUTURA_VENDA_ESTAVEL,5,True
DNA_B245A3082638,DNA_STOP,AJUSTE_ESTRUTURA_SUBIU > AJUSTE_ESTRUTURA_VENDA_ACELEROU_NEG > AJUSTE_ESTRUTURA_VENDA_ESTAVEL,7,True
DNA_8B1A08BDD880,DNA_STOP,AJUSTE_ESTRUTURA_VENDA_ACELEROU_NEG > AJUSTE_ESTRUTURA_VENDA_CAIU > CONFIRMACOES_CANDIDATA_ACELEROU_NEG,5,True
DNA_63F4D930DAD8,DNA_STOP,CAMPANHA_ENTRADAS_ACELEROU_NEG > CAMPANHA_ENTRADAS_SUBIU,10,True
DNA_3B02ABC63B44,DNA_GAIN,AJUSTE_ESTRUTURA_VENDA_CAIU > CONFIRMACOES_CANDIDATA_ACELEROU_NEG > CONFIRMACOES_CANDIDATA_SUBIU,5,True
DNA_9B7A4D78E305,DNA_STOP,AJUSTE_ESTRUTURA_SUBIU > AJUSTE_ESTRUTURA_VENDA_ACELEROU_NEG > AJUSTE_ESTRUTURA_VENDA_SUBIU,28,True
DNA_FD7242040785,DNA_GAIN,AJUSTE_ESTRUTURA_ACELEROU_NEG > AJUSTE_ESTRUTURA_COMPRA_ACELEROU_NEG > AJUSTE_ESTRUTURA_COMPRA_SUBIU > AJUSTE_ESTRUTURA_SUBIU > AJUSTE_ESTRUTURA_VENDA_ACELEROU_POS > AJUSTE_ESTRUTURA_VENDA_CAIU,14,True
DNA_67BF56E6F6F7,DNA_STOP,AJUSTE_ESTRUTURA_ESTAVEL > AJUSTE_ESTRUTURA_VENDA_ESTAVEL > CONFIRMACOES_CANDIDATA_ESTAVEL,27,True
DNA_6BFF2F641F08,DNA_STOP,AJUSTE_ESTRUTURA_ACELEROU_POS > AJUSTE_ESTRUTURA_CAIU,26,True
DNA_A158C44E2462,DNA_STOP,AJUSTE_ESTRUTURA_ACELEROU_POS > AJUSTE_ESTRUTURA_COMPRA_ACELEROU_NEG > AJUSTE_ESTRUTURA_COMPRA_CAIU > AJUSTE_ESTRUTURA_ESTAVEL > AJUSTE_ESTRUTURA_VENDA_ACELEROU_POS,12,True
DNA_498725606F18,DNA_STOP,AJUSTE_ESTRUTURA_VENDA_SUBIU > CAMPANHA_ENTRADAS_ACELEROU_NEG,11,True
DNA_4A8B95C90CC1,DNA_STOP,AJUSTE_ESTRUTURA_ACELEROU_POS > AJUSTE_ESTRUTURA_CAIU > AJUSTE_ESTRUTURA_COMPRA_ACELEROU_POS > AJUSTE_ESTRUTURA_COMPRA_CAIU,9,True
DNA_E744B5FCC88E,DNA_STOP,AJUSTE_ESTRUTURA_COMPRA_ACELEROU_POS > AJUSTE_ESTRUTURA_COMPRA_ESTAVEL > AJUSTE_ESTRUTURA_ESTAVEL,3,True
DNA_6135DE744E37,DNA_STOP,AJUSTE_ESTRUTURA_COMPRA_ESTAVEL > AJUSTE_ESTRUTURA_ESTAVEL > AJUSTE_ESTRUTURA_VENDA_ESTAVEL > CONFIRMACOES_CANDIDATA_ESTAVEL,38,True
DNA_1CD7FBA80F50,DNA_GAIN,AJUSTE_ESTRUTURA_SUBIU > AJUSTE_ESTRUTURA_VENDA_ACELEROU_POS > AJUSTE_ESTRUTURA_VENDA_CAIU > CONFIRMACOES_CANDIDATA_ACELEROU_POS > CONFIRMACOES_CANDIDATA_CAIU,7,True
DNA_37F259E0AF51,DNA_GAIN,AJUSTE_ESTRUTURA_ESTAVEL > AJUSTE_ESTRUTURA_VENDA_ACELEROU_POS > AJUSTE_ESTRUTURA_VENDA_SUBIU > CONFIRMACOES_CANDIDATA_ACELEROU_POS > CONFIRMACOES_CANDIDATA_SUBIU,4,True
DNA_896C5CCD29FD,DNA_STOP,AJUSTE_ESTRUTURA_ACELEROU_POS > AJUSTE_ESTRUTURA_COMPRA_ESTAVEL > AJUSTE_ESTRUTURA_ESTAVEL,14,True
DNA_3E46707908B4,DNA_STOP,AJUSTE_ESTRUTURA_COMPRA_ACELEROU_NEG > AJUSTE_ESTRUTURA_COMPRA_CAIU > AJUSTE_ESTRUTURA_ESTAVEL > AJUSTE_ESTRUTURA_VENDA_ACELEROU_POS > AJUSTE_ESTRUTURA_VENDA_SUBIU,20,True
DNA_9E3D83F3DB3A,DNA_STOP,AJUSTE_ESTRUTURA_ACELEROU_POS > AJUSTE_ESTRUTURA_COMPRA_ACELEROU_POS > AJUSTE_ESTRUTURA_COMPRA_ESTAVEL > AJUSTE_ESTRUTURA_ESTAVEL,8,True
DNA_354C40710B58,DNA_GAIN,AJUSTE_ESTRUTURA_COMPRA_SUBIU > AJUSTE_ESTRUTURA_SUBIU > AJUSTE_ESTRUTURA_VENDA_ACELEROU_POS > AJUSTE_ESTRUTURA_VENDA_CAIU > CONFIRMACOES_CANDIDATA_ACELEROU_POS > CONFIRMACOES_CANDIDATA_CAIU,9,True
DNA_6D38AE4E4F5E,DNA_STOP,AJUSTE_ESTRUTURA_VENDA_ESTAVEL > CONFIRMACOES_CANDIDATA_ACELEROU_POS > CONFIRMACOES_CANDIDATA_CAIU,14,True
DNA_A25328664744,DNA_STOP,CAMPANHA_ENTRADAS_ACELEROU_NEG > CAMPANHA_ENTRADAS_CAIU,16,True
DNA_DD440C958DC6,DNA_GAIN,AJUSTE_ESTRUTURA_ACELEROU_NEG > AJUSTE_ESTRUTURA_COMPRA_ACELEROU_NEG > AJUSTE_ESTRUTURA_COMPRA_SUBIU > AJUSTE_ESTRUTURA_SUBIU > AJUSTE_ESTRUTURA_VENDA_ACELEROU_POS > AJUSTE_ESTRUTURA_VENDA_CAIU,10,True
DNA_279BD6642AFF,DNA_GAIN,AJUSTE_ESTRUTURA_CAIU > AJUSTE_ESTRUTURA_COMPRA_ESTAVEL > AJUSTE_ESTRUTURA_VENDA_ESTAVEL > CONFIRMACOES_CANDIDATA_ESTAVEL,8,True
DNA_8CDBB36CBCBF,DNA_GAIN,AJUSTE_ESTRUTURA_ACELEROU_NEG > AJUSTE_ESTRUTURA_CAIU > AJUSTE_ESTRUTURA_COMPRA_ACELEROU_NEG > AJUSTE_ESTRUTURA_COMPRA_ESTAVEL,5,True
DNA_1016F676957E,DNA_GAIN,AJUSTE_ESTRUTURA_COMPRA_SUBIU > AJUSTE_ESTRUTURA_ESTAVEL > AJUSTE_ESTRUTURA_VENDA_CAIU,2,True
DNA_87D404EEDC1A,DNA_STOP,AJUSTE_ESTRUTURA_ESTAVEL > AJUSTE_ESTRUTURA_VENDA_ACELEROU_POS > AJUSTE_ESTRUTURA_VENDA_SUBIU > CONFIRMACOES_CANDIDATA_ACELEROU_NEG,12,True
DNA_25755CE31F05,DNA_GAIN,AJUSTE_ESTRUTURA_COMPRA_ESTAVEL > AJUSTE_ESTRUTURA_SUBIU > AJUSTE_ESTRUTURA_VENDA_ESTAVEL,9,True
DNA_8074D439BE99,DNA_STOP,AJUSTE_ESTRUTURA_COMPRA_ESTAVEL > AJUSTE_ESTRUTURA_ESTAVEL > AJUSTE_ESTRUTURA_VENDA_ACELEROU_NEG > AJUSTE_ESTRUTURA_VENDA_ESTAVEL,13,True
DNA_CD8E60489F87,DNA_STOP,AJUSTE_ESTRUTURA_ACELEROU_NEG > AJUSTE_ESTRUTURA_CAIU > AJUSTE_ESTRUTURA_COMPRA_ACELEROU_NEG > AJUSTE_ESTRUTURA_COMPRA_CAIU,8,True
DNA_37FF78005FE9,DNA_STOP,AJUSTE_ESTRUTURA_COMPRA_CAIU > AJUSTE_ESTRUTURA_VENDA_ACELEROU_NEG,11,True
DNA_383D9DF34358,DNA_STOP,AJUSTE_ESTRUTURA_COMPRA_ESTAVEL > AJUSTE_ESTRUTURA_ESTAVEL > AJUSTE_ESTRUTURA_VENDA_ESTAVEL > CONFIRMACOES_CANDIDATA_ESTAVEL,45,True
DNA_053519090D31,DNA_GAIN,AJUSTE_ESTRUTURA_COMPRA_ACELEROU_POS > AJUSTE_ESTRUTURA_COMPRA_CAIU > AJUSTE_ESTRUTURA_ESTAVEL > AJUSTE_ESTRUTURA_VENDA_ACELEROU_NEG > AJUSTE_ESTRUTURA_VENDA_SUBIU > CONFIRMACOES_CANDIDATA_ACELEROU_POS,8,True
DNA_EBA78324FDA9,DNA_GAIN,AJUSTE_ESTRUTURA_ESTAVEL > AJUSTE_ESTRUTURA_VENDA_ACELEROU_POS > AJUSTE_ESTRUTURA_VENDA_CAIU > CONFIRMACOES_CANDIDATA_ACELEROU_POS > CONFIRMACOES_CANDIDATA_CAIU,6,True
DNA_39E0EA4335D7,DNA_STOP,AJUSTE_ESTRUTURA_VENDA_ESTAVEL > CONFIRMACOES_CANDIDATA_ACELEROU_POS > CONFIRMACOES_CANDIDATA_CAIU,11,True
DNA_6CBBC9B7979D,DNA_STOP,AJUSTE_ESTRUTURA_VENDA_SUBIU > CONFIRMACOES_CANDIDATA_ACELEROU_POS > CONFIRMACOES_CANDIDATA_CAIU,3,True
DNA_DFE2AD29CDBA,DNA_GAIN,AJUSTE_ESTRUTURA_SUBIU > AJUSTE_ESTRUTURA_VENDA_ACELEROU_POS > AJUSTE_ESTRUTURA_VENDA_CAIU,8,True
DNA_76F811B50CCB,DNA_GAIN,AJUSTE_ESTRUTURA_COMPRA_ACELEROU_NEG > AJUSTE_ESTRUTURA_COMPRA_SUBIU > AJUSTE_ESTRUTURA_SUBIU > AJUSTE_ESTRUTURA_VENDA_ACELEROU_POS > AJUSTE_ESTRUTURA_VENDA_CAIU > CONFIRMACOES_CANDIDATA_ACELEROU_POS,6,True
DNA_52D724F93647,DNA_STOP,AJUSTE_ESTRUTURA_VENDA_ACELEROU_NEG > AJUSTE_ESTRUTURA_VENDA_ESTAVEL > CONFIRMACOES_CANDIDATA_ACELEROU_NEG > CONFIRMACOES_CANDIDATA_ESTAVEL,2,True
DNA_369172CCFB17,DNA_STOP,AJUSTE_ESTRUTURA_ACELEROU_NEG > AJUSTE_ESTRUTURA_CAIU > AJUSTE_ESTRUTURA_COMPRA_ESTAVEL > AJUSTE_ESTRUTURA_VENDA_ESTAVEL,6,True
DNA_34233F371B93,DNA_STOP,AJUSTE_ESTRUTURA_ESTAVEL > AJUSTE_ESTRUTURA_VENDA_ACELEROU_NEG > AJUSTE_ESTRUTURA_VENDA_ESTAVEL,10,True
DNA_DDA6363F8912,DNA_STOP,AJUSTE_ESTRUTURA_CAIU > AJUSTE_ESTRUTURA_COMPRA_ACELEROU_POS > AJUSTE_ESTRUTURA_COMPRA_SUBIU > AJUSTE_ESTRUTURA_VENDA_ACELEROU_NEG,14,True
DNA_06528B31BF49,DNA_STOP,AJUSTE_ESTRUTURA_COMPRA_ESTAVEL > AJUSTE_ESTRUTURA_VENDA_ACELEROU_POS > AJUSTE_ESTRUTURA_VENDA_CAIU,19,True
DNA_5B6B85395894,DNA_GAIN,CAMPANHA_ENTRADAS_ACELEROU_POS > CAMPANHA_ENTRADAS_CAIU > CONFIRMACOES_CANDIDATA_ACELEROU_POS,9,True
DNA_E851B889C196,DNA_STOP,AJUSTE_ESTRUTURA_ACELEROU_NEG > AJUSTE_ESTRUTURA_CAIU > AJUSTE_ESTRUTURA_COMPRA_ACELEROU_POS > AJUSTE_ESTRUTURA_COMPRA_CAIU > AJUSTE_ESTRUTURA_VENDA_ACELEROU_NEG > AJUSTE_ESTRUTURA_VENDA_SUBIU,6,True
DNA_6BD1657438B4,DNA_STOP,AJUSTE_ESTRUTURA_ACELEROU_NEG > AJUSTE_ESTRUTURA_COMPRA_ESTAVEL > AJUSTE_ESTRUTURA_SUBIU,6,True
DNA_D383C44C5631,DNA_STOP,AJUSTE_ESTRUTURA_COMPRA_ACELEROU_NEG > AJUSTE_ESTRUTURA_COMPRA_CAIU > AJUSTE_ESTRUTURA_ESTAVEL,7,True
DNA_9C10A16380AC,DNA_STOP,AJUSTE_ESTRUTURA_SUBIU > AJUSTE_ESTRUTURA_VENDA_ACELEROU_POS > AJUSTE_ESTRUTURA_VENDA_SUBIU,6,True
DNA_95D05068BD64,DNA_STOP,AJUSTE_ESTRUTURA_VENDA_SUBIU > CAMPANHA_ENTRADAS_ACELEROU_NEG,7,True
DNA_3CD537351738,DNA_GAIN,AJUSTE_ESTRUTURA_COMPRA_ACELEROU_NEG > AJUSTE_ESTRUTURA_COMPRA_SUBIU > AJUSTE_ESTRUTURA_SUBIU > AJUSTE_ESTRUTURA_VENDA_ACELEROU_POS > AJUSTE_ESTRUTURA_VENDA_CAIU > CONFIRMACOES_CANDIDATA_ACELEROU_POS,7,True
DNA_EBF35E328EE8,DNA_GAIN,AJUSTE_ESTRUTURA_COMPRA_SUBIU > AJUSTE_ESTRUTURA_SUBIU > AJUSTE_ESTRUTURA_VENDA_ACELEROU_POS > AJUSTE_ESTRUTURA_VENDA_CAIU > CONFIRMACOES_CANDIDATA_ACELEROU_POS > CONFIRMACOES_CANDIDATA_CAIU,7,True
DNA_0E0759144567,DNA_STOP,AJUSTE_ESTRUTURA_ACELEROU_POS > AJUSTE_ESTRUTURA_COMPRA_ACELEROU_NEG > AJUSTE_ESTRUTURA_COMPRA_CAIU > AJUSTE_ESTRUTURA_ESTAVEL > AJUSTE_ESTRUTURA_VENDA_ACELEROU_POS > AJUSTE_ESTRUTURA_VENDA_SUBIU,12,True
DNA_EF361E9CFF98,DNA_STOP,AJUSTE_ESTRUTURA_COMPRA_ESTAVEL > AJUSTE_ESTRUTURA_ESTAVEL > AJUSTE_ESTRUTURA_VENDA_ACELEROU_NEG,8,True
DNA_E07B8E568077,DNA_STOP,AJUSTE_ESTRUTURA_COMPRA_SUBIU > AJUSTE_ESTRUTURA_ESTAVEL > AJUSTE_ESTRUTURA_VENDA_ACELEROU_NEG,8,True
DNA_AE4B58C7ADDC,DNA_STOP,AJUSTE_ESTRUTURA_CAIU > AJUSTE_ESTRUTURA_COMPRA_ACELEROU_POS > AJUSTE_ESTRUTURA_COMPRA_CAIU,14,True
DNA_625C2B7C54B9,DNA_STOP,AJUSTE_ESTRUTURA_VENDA_CAIU > CONFIRMACOES_CANDIDATA_ESTAVEL,18,True
DNA_F545FC110364,DNA_STOP,AJUSTE_ESTRUTURA_COMPRA_ESTAVEL > AJUSTE_ESTRUTURA_VENDA_ESTAVEL,33,True
DNA_2C7C4EEB27F8,DNA_GAIN,AJUSTE_ESTRUTURA_COMPRA_CAIU > AJUSTE_ESTRUTURA_ESTAVEL > AJUSTE_ESTRUTURA_VENDA_ACELEROU_NEG,3,True
DNA_184A7F891A9B,DNA_GAIN,AJUSTE_ESTRUTURA_ACELEROU_NEG > AJUSTE_ESTRUTURA_COMPRA_ACELEROU_NEG > AJUSTE_ESTRUTURA_COMPRA_CAIU,9,True
DNA_5E0BA78DB821,DNA_STOP,AJUSTE_ESTRUTURA_COMPRA_ESTAVEL > AJUSTE_ESTRUTURA_SUBIU > AJUSTE_ESTRUTURA_VENDA_ACELEROU_POS,9,True
DNA_400FB800A654,DNA_STOP,AJUSTE_ESTRUTURA_VENDA_ACELEROU_POS > AJUSTE_ESTRUTURA_VENDA_ESTAVEL,13,True
DNA_5CCB7B3B1DDB,DNA_STOP,AJUSTE_ESTRUTURA_ACELEROU_NEG > AJUSTE_ESTRUTURA_COMPRA_ACELEROU_POS > AJUSTE_ESTRUTURA_COMPRA_CAIU,21,True
DNA_973119A96316,DNA_STOP,AJUSTE_ESTRUTURA_ESTAVEL > AJUSTE_ESTRUTURA_VENDA_ACELEROU_POS > AJUSTE_ESTRUTURA_VENDA_CAIU,6,True
DNA_079D3E4481A7,DNA_STOP,AJUSTE_ESTRUTURA_ACELEROU_NEG > AJUSTE_ESTRUTURA_COMPRA_ACELEROU_POS > AJUSTE_ESTRUTURA_COMPRA_CAIU > AJUSTE_ESTRUTURA_SUBIU,22,True
DNA_D98BE00C2AF5,DNA_GAIN,AJUSTE_ESTRUTURA_CAIU > AJUSTE_ESTRUTURA_COMPRA_ACELEROU_POS > AJUSTE_ESTRUTURA_COMPRA_CAIU > AJUSTE_ESTRUTURA_VENDA_ACELEROU_NEG,8,True
DNA_F086F40D1616,DNA_GAIN,AJUSTE_ESTRUTURA_ESTAVEL > AJUSTE_ESTRUTURA_VENDA_ACELEROU_NEG > AJUSTE_ESTRUTURA_VENDA_SUBIU > CONFIRMACOES_CANDIDATA_ACELEROU_POS,9,True
DNA_BF68E3CCCD78,DNA_GAIN,AJUSTE_ESTRUTURA_VENDA_ACELEROU_POS > AJUSTE_ESTRUTURA_VENDA_CAIU > CONFIRMACOES_CANDIDATA_ACELEROU_NEG,4,True
DNA_97AD30D78ABB,DNA_GAIN,AJUSTE_ESTRUTURA_CAIU > AJUSTE_ESTRUTURA_COMPRA_CAIU,2,True
DNA_A50C63B93A95,DNA_GAIN,AJUSTE_ESTRUTURA_VENDA_CAIU > CAMPANHA_ENTRADAS_ACELEROU_POS,8,True
DNA_99AF8EE48A0A,DNA_STOP,AJUSTE_ESTRUTURA_ACELEROU_NEG > AJUSTE_ESTRUTURA_CAIU > AJUSTE_ESTRUTURA_COMPRA_ACELEROU_POS > AJUSTE_ESTRUTURA_COMPRA_SUBIU > AJUSTE_ESTRUTURA_VENDA_ACELEROU_NEG > AJUSTE_ESTRUTURA_VENDA_CAIU,8,True
DNA_945CCA561EB6,DNA_STOP,AJUSTE_ESTRUTURA_VENDA_ESTAVEL > CONFIRMACOES_CANDIDATA_ACELEROU_NEG > CONFIRMACOES_CANDIDATA_SUBIU,9,True
DNA_358D498AE72E,DNA_GAIN,AJUSTE_ESTRUTURA_ACELEROU_NEG > AJUSTE_ESTRUTURA_COMPRA_ACELEROU_NEG > AJUSTE_ESTRUTURA_COMPRA_SUBIU > AJUSTE_ESTRUTURA_SUBIU > AJUSTE_ESTRUTURA_VENDA_ACELEROU_POS > AJUSTE_ESTRUTURA_VENDA_CAIU,9,True
DNA_732510572C91,DNA_GAIN,AJUSTE_ESTRUTURA_COMPRA_ESTAVEL > AJUSTE_ESTRUTURA_SUBIU > AJUSTE_ESTRUTURA_VENDA_ACELEROU_POS > AJUSTE_ESTRUTURA_VENDA_SUBIU,13,True
DNA_64024AA702F7,DNA_GAIN,AJUSTE_ESTRUTURA_COMPRA_ACELEROU_NEG > AJUSTE_ESTRUTURA_COMPRA_SUBIU > AJUSTE_ESTRUTURA_SUBIU > AJUSTE_ESTRUTURA_VENDA_ACELEROU_POS > AJUSTE_ESTRUTURA_VENDA_CAIU,3,True
DNA_8881446BE926,DNA_GAIN,AJUSTE_ESTRUTURA_ESTAVEL > AJUSTE_ESTRUTURA_VENDA_CAIU,0,False
DNA_8676387BEA87,DNA_GAIN,AJUSTE_ESTRUTURA_ACELEROU_NEG > AJUSTE_ESTRUTURA_COMPRA_ACELEROU_NEG > AJUSTE_ESTRUTURA_COMPRA_SUBIU > AJUSTE_ESTRUTURA_SUBIU > AJUSTE_ESTRUTURA_VENDA_ACELEROU_POS > AJUSTE_ESTRUTURA_VENDA_CAIU,12,True
DNA_A766C48B4FE5,DNA_STOP,AJUSTE_ESTRUTURA_SUBIU > AJUSTE_ESTRUTURA_VENDA_ACELEROU_NEG > AJUSTE_ESTRUTURA_VENDA_SUBIU,21,True
DNA_EF5299932931,DNA_GAIN,AJUSTE_ESTRUTURA_COMPRA_ACELEROU_NEG > AJUSTE_ESTRUTURA_COMPRA_SUBIU > AJUSTE_ESTRUTURA_VENDA_ACELEROU_POS > AJUSTE_ESTRUTURA_VENDA_CAIU,6,True
DNA_EDAF64BFBF50,DNA_GAIN,AJUSTE_ESTRUTURA_ACELEROU_NEG > AJUSTE_ESTRUTURA_CAIU > AJUSTE_ESTRUTURA_COMPRA_ACELEROU_NEG > AJUSTE_ESTRUTURA_COMPRA_CAIU,4,True
DNA_50E975B46E3D,DNA_GAIN,AJUSTE_ESTRUTURA_CAIU > AJUSTE_ESTRUTURA_COMPRA_ACELEROU_NEG > AJUSTE_ESTRUTURA_COMPRA_SUBIU,6,True
DNA_45BFA82FC82E,DNA_GAIN,AJUSTE_ESTRUTURA_ACELEROU_POS > AJUSTE_ESTRUTURA_COMPRA_ESTAVEL > AJUSTE_ESTRUTURA_ESTAVEL,17,True
DNA_BDF11E9FD35A,DNA_GAIN,AJUSTE_ESTRUTURA_ACELEROU_NEG > AJUSTE_ESTRUTURA_CAIU > AJUSTE_ESTRUTURA_COMPRA_ACELEROU_POS > AJUSTE_ESTRUTURA_COMPRA_SUBIU > AJUSTE_ESTRUTURA_VENDA_ACELEROU_NEG,6,True
DNA_B4262BCA8356,DNA_GAIN,AJUSTE_ESTRUTURA_COMPRA_CAIU > AJUSTE_ESTRUTURA_VENDA_ACELEROU_NEG > AJUSTE_ESTRUTURA_VENDA_ESTAVEL,1,True
DNA_B9FBE776D570,DNA_GAIN,AJUSTE_ESTRUTURA_ACELEROU_POS > AJUSTE_ESTRUTURA_SUBIU,3,True
DNA_C85A73486321,DNA_GAIN,AJUSTE_ESTRUTURA_ACELEROU_NEG > AJUSTE_ESTRUTURA_CAIU > AJUSTE_ESTRUTURA_COMPRA_ACELEROU_POS > AJUSTE_ESTRUTURA_COMPRA_SUBIU,8,True
DNA_5F17EEA638BA,DNA_GAIN,AJUSTE_ESTRUTURA_VENDA_ACELEROU_POS > AJUSTE_ESTRUTURA_VENDA_CAIU > CONFIRMACOES_CANDIDATA_ACELEROU_POS > CONFIRMACOES_CANDIDATA_CAIU,3,True
DNA_200784D63B62,DNA_GAIN,AJUSTE_ESTRUTURA_ACELEROU_NEG > AJUSTE_ESTRUTURA_COMPRA_ACELEROU_NEG > AJUSTE_ESTRUTURA_COMPRA_SUBIU,3,True
DNA_1F9234FD4012,DNA_GAIN,AJUSTE_ESTRUTURA_ACELEROU_POS > AJUSTE_ESTRUTURA_COMPRA_ACELEROU_POS > AJUSTE_ESTRUTURA_COMPRA_SUBIU,5,True
DNA_167949D8A9FE,DNA_GAIN,AJUSTE_ESTRUTURA_ACELEROU_NEG > AJUSTE_ESTRUTURA_COMPRA_ESTAVEL > AJUSTE_ESTRUTURA_SUBIU,5,True
DNA_3F23B4C3387B,DNA_GAIN,AJUSTE_ESTRUTURA_COMPRA_ACELEROU_NEG > AJUSTE_ESTRUTURA_COMPRA_ESTAVEL > AJUSTE_ESTRUTURA_SUBIU,2,True
DNA_6612D78FAE3E,DNA_GAIN,AJUSTE_ESTRUTURA_COMPRA_ACELEROU_NEG > AJUSTE_ESTRUTURA_COMPRA_ESTAVEL > AJUSTE_ESTRUTURA_SUBIU > AJUSTE_ESTRUTURA_VENDA_ACELEROU_POS,11,True
DNA_BB7A3B9B65D5,DNA_GAIN,AJUSTE_ESTRUTURA_VENDA_CAIU > CONFIRMACOES_CANDIDATA_ACELEROU_NEG > CONFIRMACOES_CANDIDATA_SUBIU,8,True
DNA_DABBDF1E34DF,DNA_GAIN,AJUSTE_ESTRUTURA_VENDA_ESTAVEL > CONFIRMACOES_CANDIDATA_ACELEROU_POS > CONFIRMACOES_CANDIDATA_SUBIU,11,True
DNA_41595B69E85D,DNA_GAIN,AJUSTE_ESTRUTURA_COMPRA_CAIU > AJUSTE_ESTRUTURA_VENDA_ACELEROU_POS > AJUSTE_ESTRUTURA_VENDA_SUBIU,6,True
DNA_38356210FAE7,DNA_GAIN,AJUSTE_ESTRUTURA_COMPRA_ACELEROU_NEG > AJUSTE_ESTRUTURA_COMPRA_SUBIU > AJUSTE_ESTRUTURA_SUBIU > AJUSTE_ESTRUTURA_VENDA_ACELEROU_POS > AJUSTE_ESTRUTURA_VENDA_CAIU,5,True
DNA_01262391215D,DNA_GAIN,AJUSTE_ESTRUTURA_COMPRA_ESTAVEL > AJUSTE_ESTRUTURA_ESTAVEL > AJUSTE_ESTRUTURA_VENDA_ESTAVEL > CONFIRMACOES_CANDIDATA_ACELEROU_POS,10,True
DNA_46CF488DD681,DNA_STOP,AJUSTE_ESTRUTURA_ACELEROU_NEG > AJUSTE_ESTRUTURA_COMPRA_ACELEROU_POS > AJUSTE_ESTRUTURA_COMPRA_CAIU > AJUSTE_ESTRUTURA_SUBIU > AJUSTE_ESTRUTURA_VENDA_ACELEROU_NEG,15,True
DNA_7DEF0FCAEF00,DNA_GAIN,AJUSTE_ESTRUTURA_VENDA_CAIU > CONFIRMACOES_CANDIDATA_ACELEROU_NEG > CONFIRMACOES_CANDIDATA_SUBIU,7,True
DNA_AA5EF9069F15,DNA_GAIN,AJUSTE_ESTRUTURA_COMPRA_CAIU > AJUSTE_ESTRUTURA_VENDA_ESTAVEL > CONFIRMACOES_CANDIDATA_ESTAVEL,3,True
DNA_83D3F6DDCA33,DNA_GAIN,AJUSTE_ESTRUTURA_CAIU > AJUSTE_ESTRUTURA_VENDA_ACELEROU_NEG,9,True
